record_index,sample_id,model_profile_id,condition,true_label,predicted_label,citation_position,feature_name,cited_observed_value,source_observed_value,feature_name_present,feature_in_locked_primary_46,observed_value_matches_source,reference_absolute_rank,reference_signed_attribution,reference_absolute_attribution,reference_model,attribution_scale,reference_is_top_five,reference_top_five_absolute_component,citation_matches_reference_top_five
0,pilot_001,29dd49612fe1b4b0,deterministic_text,DoS,Benign,1,TCP_FLAGS,19,19,True,True,True,8,0.153522978217,0.153522978217,logistic_regression,DoS log-odds,False,0,False
0,pilot_001,29dd49612fe1b4b0,deterministic_text,DoS,Benign,2,IN_PKTS,10,10,True,True,True,21,0.0292119690493,0.0292119690493,logistic_regression,DoS log-odds,False,0,False
0,pilot_001,29dd49612fe1b4b0,deterministic_text,DoS,Benign,3,OUT_PKTS,10,10,True,True,True,36,-0.0053049090884,0.0053049090884,logistic_regression,DoS log-odds,False,0,False
0,pilot_001,29dd49612fe1b4b0,deterministic_text,DoS,Benign,4,SRC_TO_DST_AVG_THROUGHPUT,4587,4587,True,True,True,15,0.0831106078146,0.0831106078146,logistic_regression,DoS log-odds,False,0,False
0,pilot_001,29dd49612fe1b4b0,deterministic_text,DoS,Benign,5,FLOW_DURATION_MILLISECONDS,857,857,True,True,True,31,-0.0075627034041,0.0075627034041,logistic_regression,DoS log-odds,False,0,False
0,pilot_001,29dd49612fe1b4b0,deterministic_text,DoS,Benign,1,TCP_FLAGS,19,19,True,True,True,9,0.015961914754,0.015961914754,random_forest,DoS probability,False,0,False
0,pilot_001,29dd49612fe1b4b0,deterministic_text,DoS,Benign,2,IN_PKTS,10,10,True,True,True,27,0.0041169810799,0.0041169810799,random_forest,DoS probability,False,0,False
0,pilot_001,29dd49612fe1b4b0,deterministic_text,DoS,Benign,3,OUT_PKTS,10,10,True,True,True,20,0.00730948147678,0.00730948147678,random_forest,DoS probability,False,0,False
0,pilot_001,29dd49612fe1b4b0,deterministic_text,DoS,Benign,4,SRC_TO_DST_AVG_THROUGHPUT,4587,4587,True,True,True,14,0.0103264216906,0.0103264216906,random_forest,DoS probability,False,0,False
0,pilot_001,29dd49612fe1b4b0,deterministic_text,DoS,Benign,5,FLOW_DURATION_MILLISECONDS,857,857,True,True,True,16,0.00925146252541,0.00925146252541,random_forest,DoS probability,False,0,False
0,pilot_001,29dd49612fe1b4b0,structured,DoS,Benign,1,IN_PKTS,10,10,True,True,True,21,0.0292119690493,0.0292119690493,logistic_regression,DoS log-odds,False,0,False
0,pilot_001,29dd49612fe1b4b0,structured,DoS,Benign,2,TCP_FLAGS,19,19,True,True,True,8,0.153522978217,0.153522978217,logistic_regression,DoS log-odds,False,0,False
0,pilot_001,29dd49612fe1b4b0,structured,DoS,Benign,3,FLOW_DURATION_MILLISECONDS,857,857,True,True,True,31,-0.0075627034041,0.0075627034041,logistic_regression,DoS log-odds,False,0,False
0,pilot_001,29dd49612fe1b4b0,structured,DoS,Benign,4,IN_BYTES,492,492,True,True,True,40,-0.00120662314543,0.00120662314543,logistic_regression,DoS log-odds,False,0,False
0,pilot_001,29dd49612fe1b4b0,structured,DoS,Benign,5,L4_SRC_PORT,47350,47350,True,True,True,43,0,0,logistic_regression,DoS log-odds,False,0,False
0,pilot_001,29dd49612fe1b4b0,structured,DoS,Benign,1,IN_PKTS,10,10,True,True,True,27,0.0041169810799,0.0041169810799,random_forest,DoS probability,False,0,False
0,pilot_001,29dd49612fe1b4b0,structured,DoS,Benign,2,TCP_FLAGS,19,19,True,True,True,9,0.015961914754,0.015961914754,random_forest,DoS probability,False,0,False
0,pilot_001,29dd49612fe1b4b0,structured,DoS,Benign,3,FLOW_DURATION_MILLISECONDS,857,857,True,True,True,16,0.00925146252541,0.00925146252541,random_forest,DoS probability,False,0,False
0,pilot_001,29dd49612fe1b4b0,structured,DoS,Benign,4,IN_BYTES,492,492,True,True,True,31,0.0024941297823,0.0024941297823,random_forest,DoS probability,False,0,False
0,pilot_001,29dd49612fe1b4b0,structured,DoS,Benign,5,L4_SRC_PORT,47350,47350,True,True,True,35,0.00181741236009,0.00181741236009,random_forest,DoS probability,False,0,False
1,pilot_002,d69873ea9c5c44d5,deterministic_text,Benign,Benign,1,TCP_FLAGS,27,27,True,True,True,42,-0.00033162181439,0.00033162181439,logistic_regression,DoS log-odds,False,0,False
1,pilot_002,d69873ea9c5c44d5,deterministic_text,Benign,Benign,2,PROTOCOL,6,6,True,True,True,11,0.149038899244,0.149038899244,logistic_regression,DoS log-odds,False,0,False
1,pilot_002,d69873ea9c5c44d5,deterministic_text,Benign,Benign,3,L4_DST_PORT,41456,41456,True,True,True,44,0,0,logistic_regression,DoS log-odds,False,0,False
1,pilot_002,d69873ea9c5c44d5,deterministic_text,Benign,Benign,4,RETRANSMITTED_OUT_PKTS,23,23,True,True,True,38,-0.0032185787847,0.0032185787847,logistic_regression,DoS log-odds,False,0,False
1,pilot_002,d69873ea9c5c44d5,deterministic_text,Benign,Benign,5,FLOW_DURATION_MILLISECONDS,45,45,True,True,True,23,-0.0237045220529,0.0237045220529,logistic_regression,DoS log-odds,False,0,False
1,pilot_002,d69873ea9c5c44d5,deterministic_text,Benign,Benign,1,TCP_FLAGS,27,27,True,True,True,15,-0.010611128902,0.010611128902,random_forest,DoS probability,False,0,False
1,pilot_002,d69873ea9c5c44d5,deterministic_text,Benign,Benign,2,PROTOCOL,6,6,True,True,True,43,0.000170553501069,0.000170553501069,random_forest,DoS probability,False,0,False
1,pilot_002,d69873ea9c5c44d5,deterministic_text,Benign,Benign,3,L4_DST_PORT,41456,41456,True,True,True,31,-0.00296703059361,0.00296703059361,random_forest,DoS probability,False,0,False
1,pilot_002,d69873ea9c5c44d5,deterministic_text,Benign,Benign,4,RETRANSMITTED_OUT_PKTS,23,23,True,True,True,11,-0.0134066924022,0.0134066924022,random_forest,DoS probability,False,0,False
1,pilot_002,d69873ea9c5c44d5,deterministic_text,Benign,Benign,5,FLOW_DURATION_MILLISECONDS,45,45,True,True,True,13,-0.0112005878409,0.0112005878409,random_forest,DoS probability,False,0,False
1,pilot_002,d69873ea9c5c44d5,structured,Benign,Benign,1,TCP_FLAGS,27,27,True,True,True,42,-0.00033162181439,0.00033162181439,logistic_regression,DoS log-odds,False,0,False
1,pilot_002,d69873ea9c5c44d5,structured,Benign,Benign,2,SERVER_TCP_FLAGS,27,27,True,True,True,2,-0.988749145052,0.988749145052,logistic_regression,DoS log-odds,True,0.988749145052,True
1,pilot_002,d69873ea9c5c44d5,structured,Benign,Benign,3,FLOW_DURATION_MILLISECONDS,45,45,True,True,True,23,-0.0237045220529,0.0237045220529,logistic_regression,DoS log-odds,False,0,False
1,pilot_002,d69873ea9c5c44d5,structured,Benign,Benign,4,MIN_TTL,31,31,True,True,True,4,-0.748725999416,0.748725999416,logistic_regression,DoS log-odds,True,0.748725999416,True
1,pilot_002,d69873ea9c5c44d5,structured,Benign,Benign,5,RETRANSMITTED_OUT_PKTS,23,23,True,True,True,38,-0.0032185787847,0.0032185787847,logistic_regression,DoS log-odds,False,0,False
1,pilot_002,d69873ea9c5c44d5,structured,Benign,Benign,1,TCP_FLAGS,27,27,True,True,True,15,-0.010611128902,0.010611128902,random_forest,DoS probability,False,0,False
1,pilot_002,d69873ea9c5c44d5,structured,Benign,Benign,2,SERVER_TCP_FLAGS,27,27,True,True,True,4,-0.039978665323,0.039978665323,random_forest,DoS probability,True,0.039978665323,True
1,pilot_002,d69873ea9c5c44d5,structured,Benign,Benign,3,FLOW_DURATION_MILLISECONDS,45,45,True,True,True,13,-0.0112005878409,0.0112005878409,random_forest,DoS probability,False,0,False
1,pilot_002,d69873ea9c5c44d5,structured,Benign,Benign,4,MIN_TTL,31,31,True,True,True,3,-0.0492711450254,0.0492711450254,random_forest,DoS probability,True,0.0492711450254,True
1,pilot_002,d69873ea9c5c44d5,structured,Benign,Benign,5,RETRANSMITTED_OUT_PKTS,23,23,True,True,True,11,-0.0134066924022,0.0134066924022,random_forest,DoS probability,False,0,False
2,pilot_003,f5cd86e2235ab5b3,deterministic_text,DoS,DoS,1,TCP_FLAGS,2,2,True,True,True,41,-1.74657716488e-05,1.74657716488e-05,logistic_regression,DoS log-odds,False,0,False
2,pilot_003,f5cd86e2235ab5b3,deterministic_text,DoS,DoS,2,L4_DST_PORT,46677,46677,True,True,True,44,0,0,logistic_regression,DoS log-odds,False,0,False
2,pilot_003,f5cd86e2235ab5b3,deterministic_text,DoS,DoS,3,OUT_PKTS,0,0,True,True,True,37,-0.00450441721881,0.00450441721881,logistic_regression,DoS log-odds,False,0,False
2,pilot_003,f5cd86e2235ab5b3,deterministic_text,DoS,DoS,4,SHORTEST_FLOW_PKT,44,44,True,True,True,27,-0.0310929595553,0.0310929595553,logistic_regression,DoS log-odds,False,0,False
2,pilot_003,f5cd86e2235ab5b3,deterministic_text,DoS,DoS,5,IN_PKTS,4,4,True,True,True,25,0.0556113072027,0.0556113072027,logistic_regression,DoS log-odds,False,0,False
2,pilot_003,f5cd86e2235ab5b3,deterministic_text,DoS,DoS,1,TCP_FLAGS,2,2,True,True,True,25,0.00515890700526,0.00515890700526,random_forest,DoS probability,False,0,False
2,pilot_003,f5cd86e2235ab5b3,deterministic_text,DoS,DoS,2,L4_DST_PORT,46677,46677,True,True,True,38,0.000913245924482,0.000913245924482,random_forest,DoS probability,False,0,False
2,pilot_003,f5cd86e2235ab5b3,deterministic_text,DoS,DoS,3,OUT_PKTS,0,0,True,True,True,7,0.0183906178684,0.0183906178684,random_forest,DoS probability,False,0,False
2,pilot_003,f5cd86e2235ab5b3,deterministic_text,DoS,DoS,4,SHORTEST_FLOW_PKT,44,44,True,True,True,4,0.0338103141059,0.0338103141059,random_forest,DoS probability,True,0.0338103141059,True
2,pilot_003,f5cd86e2235ab5b3,deterministic_text,DoS,DoS,5,IN_PKTS,4,4,True,True,True,19,0.0084759324272,0.0084759324272,random_forest,DoS probability,False,0,False
2,pilot_003,f5cd86e2235ab5b3,structured,DoS,DoS,1,TCP_FLAGS,2,2,True,True,True,41,-1.74657716488e-05,1.74657716488e-05,logistic_regression,DoS log-odds,False,0,False
2,pilot_003,f5cd86e2235ab5b3,structured,DoS,DoS,2,OUT_PKTS,0,0,True,True,True,37,-0.00450441721881,0.00450441721881,logistic_regression,DoS log-odds,False,0,False
2,pilot_003,f5cd86e2235ab5b3,structured,DoS,DoS,3,IN_PKTS,4,4,True,True,True,25,0.0556113072027,0.0556113072027,logistic_regression,DoS log-odds,False,0,False
2,pilot_003,f5cd86e2235ab5b3,structured,DoS,DoS,4,FLOW_DURATION_MILLISECONDS,20008,20008,True,True,True,6,0.510687243088,0.510687243088,logistic_regression,DoS log-odds,False,0,False
2,pilot_003,f5cd86e2235ab5b3,structured,DoS,DoS,5,L4_DST_PORT,46677,46677,True,True,True,44,0,0,logistic_regression,DoS log-odds,False,0,False
2,pilot_003,f5cd86e2235ab5b3,structured,DoS,DoS,1,TCP_FLAGS,2,2,True,True,True,25,0.00515890700526,0.00515890700526,random_forest,DoS probability,False,0,False
2,pilot_003,f5cd86e2235ab5b3,structured,DoS,DoS,2,OUT_PKTS,0,0,True,True,True,7,0.0183906178684,0.0183906178684,random_forest,DoS probability,False,0,False
2,pilot_003,f5cd86e2235ab5b3,structured,DoS,DoS,3,IN_PKTS,4,4,True,True,True,19,0.0084759324272,0.0084759324272,random_forest,DoS probability,False,0,False
2,pilot_003,f5cd86e2235ab5b3,structured,DoS,DoS,4,FLOW_DURATION_MILLISECONDS,20008,20008,True,True,True,23,0.0066862647492,0.0066862647492,random_forest,DoS probability,False,0,False
2,pilot_003,f5cd86e2235ab5b3,structured,DoS,DoS,5,L4_DST_PORT,46677,46677,True,True,True,38,0.000913245924482,0.000913245924482,random_forest,DoS probability,False,0,False
3,pilot_004,b8ba16aed4998c8f,deterministic_text,DoS,Benign,1,IN_PKTS,9,9,True,True,True,16,0.0376461864059,0.0376461864059,logistic_regression,DoS log-odds,False,0,False
3,pilot_004,b8ba16aed4998c8f,deterministic_text,DoS,Benign,2,FLOW_DURATION_MILLISECONDS,311,311,True,True,True,22,-0.017886119482,0.017886119482,logistic_regression,DoS log-odds,False,0,False
3,pilot_004,b8ba16aed4998c8f,deterministic_text,DoS,Benign,3,TCP_FLAGS,17,17,True,True,True,25,0.0115131081223,0.0115131081223,logistic_regression,DoS log-odds,False,0,False
3,pilot_004,b8ba16aed4998c8f,deterministic_text,DoS,Benign,4,L4_DST_PORT,21,21,True,True,True,7,-0.202222770953,0.202222770953,logistic_regression,DoS log-odds,False,0,False
3,pilot_004,b8ba16aed4998c8f,deterministic_text,DoS,Benign,5,IN_BYTES,1095,1095,True,True,True,41,-0.00215341221703,0.00215341221703,logistic_regression,DoS log-odds,False,0,False
3,pilot_004,b8ba16aed4998c8f,deterministic_text,DoS,Benign,1,IN_PKTS,9,9,True,True,True,10,0.0103255331024,0.0103255331024,random_forest,DoS probability,False,0,False
3,pilot_004,b8ba16aed4998c8f,deterministic_text,DoS,Benign,2,FLOW_DURATION_MILLISECONDS,311,311,True,True,True,12,0.0101961709389,0.0101961709389,random_forest,DoS probability,False,0,False
3,pilot_004,b8ba16aed4998c8f,deterministic_text,DoS,Benign,3,TCP_FLAGS,17,17,True,True,True,25,0.00386500376817,0.00386500376817,random_forest,DoS probability,False,0,False
3,pilot_004,b8ba16aed4998c8f,deterministic_text,DoS,Benign,4,L4_DST_PORT,21,21,True,True,True,14,-0.00995333030871,0.00995333030871,random_forest,DoS probability,False,0,False
3,pilot_004,b8ba16aed4998c8f,deterministic_text,DoS,Benign,5,IN_BYTES,1095,1095,True,True,True,28,0.00285744416923,0.00285744416923,random_forest,DoS probability,False,0,False
3,pilot_004,b8ba16aed4998c8f,structured,DoS,Benign,1,IN_PKTS,9,9,True,True,True,16,0.0376461864059,0.0376461864059,logistic_regression,DoS log-odds,False,0,False
3,pilot_004,b8ba16aed4998c8f,structured,DoS,Benign,2,TCP_FLAGS,17,17,True,True,True,25,0.0115131081223,0.0115131081223,logistic_regression,DoS log-odds,False,0,False
3,pilot_004,b8ba16aed4998c8f,structured,DoS,Benign,3,IN_BYTES,1095,1095,True,True,True,41,-0.00215341221703,0.00215341221703,logistic_regression,DoS log-odds,False,0,False
3,pilot_004,b8ba16aed4998c8f,structured,DoS,Benign,4,FLOW_DURATION_MILLISECONDS,311,311,True,True,True,22,-0.017886119482,0.017886119482,logistic_regression,DoS log-odds,False,0,False
3,pilot_004,b8ba16aed4998c8f,structured,DoS,Benign,5,L4_DST_PORT,21,21,True,True,True,7,-0.202222770953,0.202222770953,logistic_regression,DoS log-odds,False,0,False
3,pilot_004,b8ba16aed4998c8f,structured,DoS,Benign,1,IN_PKTS,9,9,True,True,True,10,0.0103255331024,0.0103255331024,random_forest,DoS probability,False,0,False
3,pilot_004,b8ba16aed4998c8f,structured,DoS,Benign,2,TCP_FLAGS,17,17,True,True,True,25,0.00386500376817,0.00386500376817,random_forest,DoS probability,False,0,False
3,pilot_004,b8ba16aed4998c8f,structured,DoS,Benign,3,IN_BYTES,1095,1095,True,True,True,28,0.00285744416923,0.00285744416923,random_forest,DoS probability,False,0,False
3,pilot_004,b8ba16aed4998c8f,structured,DoS,Benign,4,FLOW_DURATION_MILLISECONDS,311,311,True,True,True,12,0.0101961709389,0.0101961709389,random_forest,DoS probability,False,0,False
3,pilot_004,b8ba16aed4998c8f,structured,DoS,Benign,5,L4_DST_PORT,21,21,True,True,True,14,-0.00995333030871,0.00995333030871,random_forest,DoS probability,False,0,False
4,pilot_005,63c8049f8fe1fdd8,deterministic_text,Benign,DoS,1,RETRANSMITTED_IN_PKTS,4,4,True,True,True,31,0.0116628901079,0.0116628901079,logistic_regression,DoS log-odds,False,0,False
4,pilot_005,63c8049f8fe1fdd8,deterministic_text,Benign,DoS,2,L7_PROTO,37,37,True,True,True,5,-0.692084173459,0.692084173459,logistic_regression,DoS log-odds,True,0.692084173459,True
4,pilot_005,63c8049f8fe1fdd8,deterministic_text,Benign,DoS,3,FLOW_DURATION_MILLISECONDS,528,528,True,True,True,25,-0.015535241298,0.015535241298,logistic_regression,DoS log-odds,False,0,False
4,pilot_005,63c8049f8fe1fdd8,deterministic_text,Benign,DoS,4,SRC_TO_DST_AVG_THROUGHPUT,135017,135017,True,True,True,18,0.0692810445182,0.0692810445182,logistic_regression,DoS log-odds,False,0,False
4,pilot_005,63c8049f8fe1fdd8,deterministic_text,Benign,DoS,5,MIN_TTL,31,31,True,True,True,3,-0.751375024111,0.751375024111,logistic_regression,DoS log-odds,True,0.751375024111,True
4,pilot_005,63c8049f8fe1fdd8,deterministic_text,Benign,DoS,1,RETRANSMITTED_IN_PKTS,4,4,True,True,True,20,-0.00747817924155,0.00747817924155,random_forest,DoS probability,False,0,False
4,pilot_005,63c8049f8fe1fdd8,deterministic_text,Benign,DoS,2,L7_PROTO,37,37,True,True,True,8,-0.0275209473602,0.0275209473602,random_forest,DoS probability,False,0,False
4,pilot_005,63c8049f8fe1fdd8,deterministic_text,Benign,DoS,3,FLOW_DURATION_MILLISECONDS,528,528,True,True,True,34,0.00163289658644,0.00163289658644,random_forest,DoS probability,False,0,False
4,pilot_005,63c8049f8fe1fdd8,deterministic_text,Benign,DoS,4,SRC_TO_DST_AVG_THROUGHPUT,135017,135017,True,True,True,19,-0.00762582943177,0.00762582943177,random_forest,DoS probability,False,0,False
4,pilot_005,63c8049f8fe1fdd8,deterministic_text,Benign,DoS,5,MIN_TTL,31,31,True,True,True,3,-0.0713742189288,0.0713742189288,random_forest,DoS probability,True,0.0713742189288,True
4,pilot_005,63c8049f8fe1fdd8,structured,Benign,Benign,1,IN_PKTS,14,14,True,True,True,22,0.0247328937758,0.0247328937758,logistic_regression,DoS log-odds,False,0,False
4,pilot_005,63c8049f8fe1fdd8,structured,Benign,Benign,2,IN_BYTES,8928,8928,True,True,True,41,-0.000142270156385,0.000142270156385,logistic_regression,DoS log-odds,False,0,False
4,pilot_005,63c8049f8fe1fdd8,structured,Benign,Benign,3,SRC_TO_DST_AVG_THROUGHPUT,135017,135017,True,True,True,18,0.0692810445182,0.0692810445182,logistic_regression,DoS log-odds,False,0,False
4,pilot_005,63c8049f8fe1fdd8,structured,Benign,Benign,4,FLOW_DURATION_MILLISECONDS,528,528,True,True,True,25,-0.015535241298,0.015535241298,logistic_regression,DoS log-odds,False,0,False
4,pilot_005,63c8049f8fe1fdd8,structured,Benign,Benign,5,MIN_TTL,31,31,True,True,True,3,-0.751375024111,0.751375024111,logistic_regression,DoS log-odds,True,0.751375024111,True
4,pilot_005,63c8049f8fe1fdd8,structured,Benign,Benign,1,IN_PKTS,14,14,True,True,True,11,-0.0115357720554,0.0115357720554,random_forest,DoS probability,False,0,False
4,pilot_005,63c8049f8fe1fdd8,structured,Benign,Benign,2,IN_BYTES,8928,8928,True,True,True,22,-0.00672520089164,0.00672520089164,random_forest,DoS probability,False,0,False
4,pilot_005,63c8049f8fe1fdd8,structured,Benign,Benign,3,SRC_TO_DST_AVG_THROUGHPUT,135017,135017,True,True,True,19,-0.00762582943177,0.00762582943177,random_forest,DoS probability,False,0,False
4,pilot_005,63c8049f8fe1fdd8,structured,Benign,Benign,4,FLOW_DURATION_MILLISECONDS,528,528,True,True,True,34,0.00163289658644,0.00163289658644,random_forest,DoS probability,False,0,False
4,pilot_005,63c8049f8fe1fdd8,structured,Benign,Benign,5,MIN_TTL,31,31,True,True,True,3,-0.0713742189288,0.0713742189288,random_forest,DoS probability,True,0.0713742189288,True
5,pilot_006,bd45078ab8480f70,deterministic_text,Benign,Benign,1,L4_DST_PORT,53,53,True,True,True,26,-0.0218719048395,0.0218719048395,logistic_regression,DoS log-odds,False,0,False
5,pilot_006,bd45078ab8480f70,deterministic_text,Benign,Benign,2,L7_PROTO,5,5,True,True,True,27,-0.0218719048395,0.0218719048395,logistic_regression,DoS log-odds,False,0,False
5,pilot_006,bd45078ab8480f70,deterministic_text,Benign,Benign,3,IN_PKTS,2,2,True,True,True,20,0.0573313266097,0.0573313266097,logistic_regression,DoS log-odds,False,0,False
5,pilot_006,bd45078ab8480f70,deterministic_text,Benign,Benign,4,FLOW_DURATION_MILLISECONDS,1,1,True,True,True,24,-0.0236591246,0.0236591246,logistic_regression,DoS log-odds,False,0,False
5,pilot_006,bd45078ab8480f70,deterministic_text,Benign,Benign,5,DNS_QUERY_TYPE,1,1,True,True,True,28,-0.0218719048395,0.0218719048395,logistic_regression,DoS log-odds,False,0,False
5,pilot_006,bd45078ab8480f70,deterministic_text,Benign,Benign,1,L4_DST_PORT,53,53,True,True,True,9,-0.0158876489786,0.0158876489786,random_forest,DoS probability,False,0,False
5,pilot_006,bd45078ab8480f70,deterministic_text,Benign,Benign,2,L7_PROTO,5,5,True,True,True,7,-0.0212491611465,0.0212491611465,random_forest,DoS probability,False,0,False
5,pilot_006,bd45078ab8480f70,deterministic_text,Benign,Benign,3,IN_PKTS,2,2,True,True,True,16,0.00890970961342,0.00890970961342,random_forest,DoS probability,False,0,False
5,pilot_006,bd45078ab8480f70,deterministic_text,Benign,Benign,4,FLOW_DURATION_MILLISECONDS,1,1,True,True,True,15,-0.0090675942286,0.0090675942286,random_forest,DoS probability,False,0,False
5,pilot_006,bd45078ab8480f70,deterministic_text,Benign,Benign,5,DNS_QUERY_TYPE,1,1,True,True,True,6,-0.0285452323511,0.0285452323511,random_forest,DoS probability,False,0,False
5,pilot_006,bd45078ab8480f70,structured,Benign,Benign,1,L4_DST_PORT,53,53,True,True,True,26,-0.0218719048395,0.0218719048395,logistic_regression,DoS log-odds,False,0,False
5,pilot_006,bd45078ab8480f70,structured,Benign,Benign,2,OUT_BYTES,178,178,True,True,True,37,-0.00777872724874,0.00777872724874,logistic_regression,DoS log-odds,False,0,False
5,pilot_006,bd45078ab8480f70,structured,Benign,Benign,3,IN_PKTS,2,2,True,True,True,20,0.0573313266097,0.0573313266097,logistic_regression,DoS log-odds,False,0,False
5,pilot_006,bd45078ab8480f70,structured,Benign,Benign,4,DNS_QUERY_TYPE,1,1,True,True,True,28,-0.0218719048395,0.0218719048395,logistic_regression,DoS log-odds,False,0,False
5,pilot_006,bd45078ab8480f70,structured,Benign,Benign,5,FLOW_DURATION_MILLISECONDS,1,1,True,True,True,24,-0.0236591246,0.0236591246,logistic_regression,DoS log-odds,False,0,False
5,pilot_006,bd45078ab8480f70,structured,Benign,Benign,1,L4_DST_PORT,53,53,True,True,True,9,-0.0158876489786,0.0158876489786,random_forest,DoS probability,False,0,False
5,pilot_006,bd45078ab8480f70,structured,Benign,Benign,2,OUT_BYTES,178,178,True,True,True,19,-0.00748454741148,0.00748454741148,random_forest,DoS probability,False,0,False
5,pilot_006,bd45078ab8480f70,structured,Benign,Benign,3,IN_PKTS,2,2,True,True,True,16,0.00890970961342,0.00890970961342,random_forest,DoS probability,False,0,False
5,pilot_006,bd45078ab8480f70,structured,Benign,Benign,4,DNS_QUERY_TYPE,1,1,True,True,True,6,-0.0285452323511,0.0285452323511,random_forest,DoS probability,False,0,False
5,pilot_006,bd45078ab8480f70,structured,Benign,Benign,5,FLOW_DURATION_MILLISECONDS,1,1,True,True,True,15,-0.0090675942286,0.0090675942286,random_forest,DoS probability,False,0,False
7,pilot_008,3c9513c21b4c3ee0,deterministic_text,DoS,Benign,1,IN_PKTS,10,10,True,True,True,18,0.046282833515,0.046282833515,logistic_regression,DoS log-odds,False,0,False
7,pilot_008,3c9513c21b4c3ee0,deterministic_text,DoS,Benign,2,PROTOCOL,6,6,True,True,True,8,0.196542616991,0.196542616991,logistic_regression,DoS log-odds,False,0,False
7,pilot_008,3c9513c21b4c3ee0,deterministic_text,DoS,Benign,3,L4_DST_PORT,80,80,True,True,True,5,0.585425249008,0.585425249008,logistic_regression,DoS log-odds,True,0.585425249008,True
7,pilot_008,3c9513c21b4c3ee0,deterministic_text,DoS,Benign,4,TCP_FLAGS,19,19,True,True,True,9,0.146396606346,0.146396606346,logistic_regression,DoS log-odds,False,0,False
7,pilot_008,3c9513c21b4c3ee0,deterministic_text,DoS,Benign,5,FLOW_DURATION_MILLISECONDS,191,191,True,True,True,23,-0.0240075733087,0.0240075733087,logistic_regression,DoS log-odds,False,0,False
7,pilot_008,3c9513c21b4c3ee0,deterministic_text,DoS,Benign,1,IN_PKTS,10,10,True,True,True,14,0.0084787576462,0.0084787576462,random_forest,DoS probability,False,0,False
7,pilot_008,3c9513c21b4c3ee0,deterministic_text,DoS,Benign,2,PROTOCOL,6,6,True,True,True,36,0.00131850470321,0.00131850470321,random_forest,DoS probability,False,0,False
7,pilot_008,3c9513c21b4c3ee0,deterministic_text,DoS,Benign,3,L4_DST_PORT,80,80,True,True,True,20,0.0066722327523,0.0066722327523,random_forest,DoS probability,False,0,False
7,pilot_008,3c9513c21b4c3ee0,deterministic_text,DoS,Benign,4,TCP_FLAGS,19,19,True,True,True,7,0.0188802166276,0.0188802166276,random_forest,DoS probability,False,0,False
7,pilot_008,3c9513c21b4c3ee0,deterministic_text,DoS,Benign,5,FLOW_DURATION_MILLISECONDS,191,191,True,True,True,27,-0.00356185038456,0.00356185038456,random_forest,DoS probability,False,0,False
7,pilot_008,3c9513c21b4c3ee0,structured,DoS,Benign,1,L4_DST_PORT,80,80,True,True,True,5,0.585425249008,0.585425249008,logistic_regression,DoS log-odds,True,0.585425249008,True
7,pilot_008,3c9513c21b4c3ee0,structured,DoS,Benign,2,IN_PKTS,10,10,True,True,True,18,0.046282833515,0.046282833515,logistic_regression,DoS log-odds,False,0,False
7,pilot_008,3c9513c21b4c3ee0,structured,DoS,Benign,3,FLOW_DURATION_MILLISECONDS,191,191,True,True,True,23,-0.0240075733087,0.0240075733087,logistic_regression,DoS log-odds,False,0,False
7,pilot_008,3c9513c21b4c3ee0,structured,DoS,Benign,4,TCP_FLAGS,19,19,True,True,True,9,0.146396606346,0.146396606346,logistic_regression,DoS log-odds,False,0,False
7,pilot_008,3c9513c21b4c3ee0,structured,DoS,Benign,5,SRC_TO_DST_AVG_THROUGHPUT,49916,49916,True,True,True,11,0.105008172867,0.105008172867,logistic_regression,DoS log-odds,False,0,False
7,pilot_008,3c9513c21b4c3ee0,structured,DoS,Benign,1,L4_DST_PORT,80,80,True,True,True,20,0.0066722327523,0.0066722327523,random_forest,DoS probability,False,0,False
7,pilot_008,3c9513c21b4c3ee0,structured,DoS,Benign,2,IN_PKTS,10,10,True,True,True,14,0.0084787576462,0.0084787576462,random_forest,DoS probability,False,0,False
7,pilot_008,3c9513c21b4c3ee0,structured,DoS,Benign,3,FLOW_DURATION_MILLISECONDS,191,191,True,True,True,27,-0.00356185038456,0.00356185038456,random_forest,DoS probability,False,0,False
7,pilot_008,3c9513c21b4c3ee0,structured,DoS,Benign,4,TCP_FLAGS,19,19,True,True,True,7,0.0188802166276,0.0188802166276,random_forest,DoS probability,False,0,False
7,pilot_008,3c9513c21b4c3ee0,structured,DoS,Benign,5,SRC_TO_DST_AVG_THROUGHPUT,49916,49916,True,True,True,21,-0.00499458845011,0.00499458845011,random_forest,DoS probability,False,0,False
8,pilot_009,f6433b14fa74884b,deterministic_text,DoS,Benign,1,FTP_COMMAND_RET_CODE,200,200,True,True,True,11,0.171937252423,0.171937252423,logistic_regression,DoS log-odds,False,0,False
8,pilot_009,f6433b14fa74884b,deterministic_text,DoS,Benign,2,IN_PKTS,11,11,True,True,True,22,0.0434678320139,0.0434678320139,logistic_regression,DoS log-odds,False,0,False
8,pilot_009,f6433b14fa74884b,deterministic_text,DoS,Benign,3,L4_DST_PORT,21,21,True,True,True,5,-0.282843543924,0.282843543924,logistic_regression,DoS log-odds,True,0.282843543924,True
8,pilot_009,f6433b14fa74884b,deterministic_text,DoS,Benign,4,TCP_FLAGS,24,24,True,True,True,12,-0.169718714488,0.169718714488,logistic_regression,DoS log-odds,False,0,False
8,pilot_009,f6433b14fa74884b,deterministic_text,DoS,Benign,5,MAX_TTL,63,63,True,True,True,3,-0.464394212279,0.464394212279,logistic_regression,DoS log-odds,True,0.464394212279,True
8,pilot_009,f6433b14fa74884b,deterministic_text,DoS,Benign,1,FTP_COMMAND_RET_CODE,200,200,True,True,True,29,-0.00535224769276,0.00535224769276,random_forest,DoS probability,False,0,False
8,pilot_009,f6433b14fa74884b,deterministic_text,DoS,Benign,2,IN_PKTS,11,11,True,True,True,15,0.0108675958671,0.0108675958671,random_forest,DoS probability,False,0,False
8,pilot_009,f6433b14fa74884b,deterministic_text,DoS,Benign,3,L4_DST_PORT,21,21,True,True,True,19,-0.00875586123645,0.00875586123645,random_forest,DoS probability,False,0,False
8,pilot_009,f6433b14fa74884b,deterministic_text,DoS,Benign,4,TCP_FLAGS,24,24,True,True,True,25,-0.00714580839848,0.00714580839848,random_forest,DoS probability,False,0,False
8,pilot_009,f6433b14fa74884b,deterministic_text,DoS,Benign,5,MAX_TTL,63,63,True,True,True,4,0.052250044694,0.052250044694,random_forest,DoS probability,True,0.052250044694,True
8,pilot_009,f6433b14fa74884b,structured,DoS,Benign,1,IN_PKTS,11,11,True,True,True,22,0.0434678320139,0.0434678320139,logistic_regression,DoS log-odds,False,0,False
8,pilot_009,f6433b14fa74884b,structured,DoS,Benign,2,FLOW_DURATION_MILLISECONDS,1655,1655,True,True,True,28,0.0111430272571,0.0111430272571,logistic_regression,DoS log-odds,False,0,False
8,pilot_009,f6433b14fa74884b,structured,DoS,Benign,3,L4_DST_PORT,21,21,True,True,True,5,-0.282843543924,0.282843543924,logistic_regression,DoS log-odds,True,0.282843543924,True
8,pilot_009,f6433b14fa74884b,structured,DoS,Benign,4,FTP_COMMAND_RET_CODE,200,200,True,True,True,11,0.171937252423,0.171937252423,logistic_regression,DoS log-odds,False,0,False
8,pilot_009,f6433b14fa74884b,structured,DoS,Benign,5,MIN_TTL,62,62,True,True,True,2,-0.46500925757,0.46500925757,logistic_regression,DoS log-odds,True,0.46500925757,True
8,pilot_009,f6433b14fa74884b,structured,DoS,Benign,1,IN_PKTS,11,11,True,True,True,15,0.0108675958671,0.0108675958671,random_forest,DoS probability,False,0,False
8,pilot_009,f6433b14fa74884b,structured,DoS,Benign,2,FLOW_DURATION_MILLISECONDS,1655,1655,True,True,True,20,0.00851022796669,0.00851022796669,random_forest,DoS probability,False,0,False
8,pilot_009,f6433b14fa74884b,structured,DoS,Benign,3,L4_DST_PORT,21,21,True,True,True,19,-0.00875586123645,0.00875586123645,random_forest,DoS probability,False,0,False
8,pilot_009,f6433b14fa74884b,structured,DoS,Benign,4,FTP_COMMAND_RET_CODE,200,200,True,True,True,29,-0.00535224769276,0.00535224769276,random_forest,DoS probability,False,0,False
8,pilot_009,f6433b14fa74884b,structured,DoS,Benign,5,MIN_TTL,62,62,True,True,True,3,0.0530528807472,0.0530528807472,random_forest,DoS probability,True,0.0530528807472,True
9,pilot_010,b5b1608211cefb33,deterministic_text,Benign,Benign,1,IN_PKTS,4,4,True,True,True,23,0.0359305819595,0.0359305819595,logistic_regression,DoS log-odds,False,0,False
9,pilot_010,b5b1608211cefb33,deterministic_text,Benign,Benign,2,OUT_PKTS,4,4,True,True,True,39,-0.00568877226205,0.00568877226205,logistic_regression,DoS log-odds,False,0,False
9,pilot_010,b5b1608211cefb33,deterministic_text,Benign,Benign,3,IN_BYTES,544,544,True,True,True,42,-0.00120006241102,0.00120006241102,logistic_regression,DoS log-odds,False,0,False
9,pilot_010,b5b1608211cefb33,deterministic_text,Benign,Benign,4,PROTOCOL,17,17,True,True,True,14,-0.0788377964037,0.0788377964037,logistic_regression,DoS log-odds,False,0,False
9,pilot_010,b5b1608211cefb33,deterministic_text,Benign,Benign,5,FLOW_DURATION_MILLISECONDS,1,1,True,True,True,25,-0.0283058415109,0.0283058415109,logistic_regression,DoS log-odds,False,0,False
9,pilot_010,b5b1608211cefb33,deterministic_text,Benign,Benign,1,IN_PKTS,4,4,True,True,True,32,-0.00258623305299,0.00258623305299,random_forest,DoS probability,False,0,False
9,pilot_010,b5b1608211cefb33,deterministic_text,Benign,Benign,2,OUT_PKTS,4,4,True,True,True,25,-0.00430896004682,0.00430896004682,random_forest,DoS probability,False,0,False
9,pilot_010,b5b1608211cefb33,deterministic_text,Benign,Benign,3,IN_BYTES,544,544,True,True,True,29,-0.00280821328452,0.00280821328452,random_forest,DoS probability,False,0,False
9,pilot_010,b5b1608211cefb33,deterministic_text,Benign,Benign,4,PROTOCOL,17,17,True,True,True,20,-0.00558574648695,0.00558574648695,random_forest,DoS probability,False,0,False
9,pilot_010,b5b1608211cefb33,deterministic_text,Benign,Benign,5,FLOW_DURATION_MILLISECONDS,1,1,True,True,True,9,-0.0165972820189,0.0165972820189,random_forest,DoS probability,False,0,False
9,pilot_010,b5b1608211cefb33,structured,Benign,DoS,1,FLOW_DURATION_MILLISECONDS,1,1,True,True,True,25,-0.0283058415109,0.0283058415109,logistic_regression,DoS log-odds,False,0,False
9,pilot_010,b5b1608211cefb33,structured,Benign,DoS,2,PROTOCOL,17,17,True,True,True,14,-0.0788377964037,0.0788377964037,logistic_regression,DoS log-odds,False,0,False
9,pilot_010,b5b1608211cefb33,structured,Benign,DoS,3,IN_PKTS,4,4,True,True,True,23,0.0359305819595,0.0359305819595,logistic_regression,DoS log-odds,False,0,False
9,pilot_010,b5b1608211cefb33,structured,Benign,DoS,4,L4_DST_PORT,41561,41561,True,True,True,44,0,0,logistic_regression,DoS log-odds,False,0,False
9,pilot_010,b5b1608211cefb33,structured,Benign,DoS,5,RETRANSMITTED_IN_PKTS,0,0,True,True,True,24,0.031151792638,0.031151792638,logistic_regression,DoS log-odds,False,0,False
9,pilot_010,b5b1608211cefb33,structured,Benign,DoS,1,FLOW_DURATION_MILLISECONDS,1,1,True,True,True,9,-0.0165972820189,0.0165972820189,random_forest,DoS probability,False,0,False
9,pilot_010,b5b1608211cefb33,structured,Benign,DoS,2,PROTOCOL,17,17,True,True,True,20,-0.00558574648695,0.00558574648695,random_forest,DoS probability,False,0,False
9,pilot_010,b5b1608211cefb33,structured,Benign,DoS,3,IN_PKTS,4,4,True,True,True,32,-0.00258623305299,0.00258623305299,random_forest,DoS probability,False,0,False
9,pilot_010,b5b1608211cefb33,structured,Benign,DoS,4,L4_DST_PORT,41561,41561,True,True,True,23,-0.00452270756625,0.00452270756625,random_forest,DoS probability,False,0,False
9,pilot_010,b5b1608211cefb33,structured,Benign,DoS,5,RETRANSMITTED_IN_PKTS,0,0,True,True,True,34,0.00152314789605,0.00152314789605,random_forest,DoS probability,False,0,False
10,pilot_011,20b41cc8abc1eb96,deterministic_text,DoS,DoS,1,TCP_FLAGS,19,19,True,True,True,11,0.142077836137,0.142077836137,logistic_regression,DoS log-odds,False,0,False
10,pilot_011,20b41cc8abc1eb96,deterministic_text,DoS,DoS,2,L4_DST_PORT,445,445,True,True,True,22,0.0267612914224,0.0267612914224,logistic_regression,DoS log-odds,False,0,False
10,pilot_011,20b41cc8abc1eb96,deterministic_text,DoS,DoS,3,RETRANSMITTED_IN_PKTS,3,3,True,True,True,24,0.0214010180424,0.0214010180424,logistic_regression,DoS log-odds,False,0,False
10,pilot_011,20b41cc8abc1eb96,deterministic_text,DoS,DoS,4,L7_PROTO,10.16,10.16,True,True,True,30,0.0114086830375,0.0114086830375,logistic_regression,DoS log-odds,False,0,False
10,pilot_011,20b41cc8abc1eb96,deterministic_text,DoS,DoS,5,IN_PKTS,12,12,True,True,True,20,0.0419274437255,0.0419274437255,logistic_regression,DoS log-odds,False,0,False
10,pilot_011,20b41cc8abc1eb96,deterministic_text,DoS,DoS,1,TCP_FLAGS,19,19,True,True,True,8,0.0212999722325,0.0212999722325,random_forest,DoS probability,False,0,False
10,pilot_011,20b41cc8abc1eb96,deterministic_text,DoS,DoS,2,L4_DST_PORT,445,445,True,True,True,32,0.00223832176841,0.00223832176841,random_forest,DoS probability,False,0,False
10,pilot_011,20b41cc8abc1eb96,deterministic_text,DoS,DoS,3,RETRANSMITTED_IN_PKTS,3,3,True,True,True,27,-0.00358736454853,0.00358736454853,random_forest,DoS probability,False,0,False
10,pilot_011,20b41cc8abc1eb96,deterministic_text,DoS,DoS,4,L7_PROTO,10.16,10.16,True,True,True,14,0.0103936953571,0.0103936953571,random_forest,DoS probability,False,0,False
10,pilot_011,20b41cc8abc1eb96,deterministic_text,DoS,DoS,5,IN_PKTS,12,12,True,True,True,35,0.00159502729631,0.00159502729631,random_forest,DoS probability,False,0,False
10,pilot_011,20b41cc8abc1eb96,structured,DoS,Benign,1,TCP_FLAGS,19,19,True,True,True,11,0.142077836137,0.142077836137,logistic_regression,DoS log-odds,False,0,False
10,pilot_011,20b41cc8abc1eb96,structured,DoS,Benign,2,L4_DST_PORT,445,445,True,True,True,22,0.0267612914224,0.0267612914224,logistic_regression,DoS log-odds,False,0,False
10,pilot_011,20b41cc8abc1eb96,structured,DoS,Benign,3,IN_PKTS,12,12,True,True,True,20,0.0419274437255,0.0419274437255,logistic_regression,DoS log-odds,False,0,False
10,pilot_011,20b41cc8abc1eb96,structured,DoS,Benign,4,FLOW_DURATION_MILLISECONDS,1976,1976,True,True,True,25,0.0178972538267,0.0178972538267,logistic_regression,DoS log-odds,False,0,False
10,pilot_011,20b41cc8abc1eb96,structured,DoS,Benign,5,RETRANSMITTED_IN_PKTS,3,3,True,True,True,24,0.0214010180424,0.0214010180424,logistic_regression,DoS log-odds,False,0,False
10,pilot_011,20b41cc8abc1eb96,structured,DoS,Benign,1,TCP_FLAGS,19,19,True,True,True,8,0.0212999722325,0.0212999722325,random_forest,DoS probability,False,0,False
10,pilot_011,20b41cc8abc1eb96,structured,DoS,Benign,2,L4_DST_PORT,445,445,True,True,True,32,0.00223832176841,0.00223832176841,random_forest,DoS probability,False,0,False
10,pilot_011,20b41cc8abc1eb96,structured,DoS,Benign,3,IN_PKTS,12,12,True,True,True,35,0.00159502729631,0.00159502729631,random_forest,DoS probability,False,0,False
10,pilot_011,20b41cc8abc1eb96,structured,DoS,Benign,4,FLOW_DURATION_MILLISECONDS,1976,1976,True,True,True,19,0.00815563627153,0.00815563627153,random_forest,DoS probability,False,0,False
10,pilot_011,20b41cc8abc1eb96,structured,DoS,Benign,5,RETRANSMITTED_IN_PKTS,3,3,True,True,True,27,-0.00358736454853,0.00358736454853,random_forest,DoS probability,False,0,False
11,pilot_012,bc9146b4609c210b,deterministic_text,DoS,DoS,1,RETRANSMITTED_OUT_PKTS,5508,5508,True,True,True,5,-16.4815531736,16.4815531736,logistic_regression,DoS log-odds,True,16.4815531736,True
11,pilot_012,bc9146b4609c210b,deterministic_text,DoS,DoS,2,OUT_BYTES,14656752,14656752,True,True,True,9,-3.29117386024,3.29117386024,logistic_regression,DoS log-odds,False,0,False
11,pilot_012,bc9146b4609c210b,deterministic_text,DoS,DoS,3,DST_TO_SRC_AVG_THROUGHPUT,1698472,1698472,True,True,True,37,-0.020242991396,0.020242991396,logistic_regression,DoS log-odds,False,0,False
11,pilot_012,bc9146b4609c210b,deterministic_text,DoS,DoS,4,L4_DST_PORT,110,110,True,True,True,43,0,0,logistic_regression,DoS log-odds,False,0,False
11,pilot_012,bc9146b4609c210b,deterministic_text,DoS,DoS,5,NUM_PKTS_1024_TO_1514_BYTES,9500,9500,True,True,True,11,0.961183276089,0.961183276089,logistic_regression,DoS log-odds,False,0,False
11,pilot_012,bc9146b4609c210b,deterministic_text,DoS,DoS,1,RETRANSMITTED_OUT_PKTS,5508,5508,True,True,True,9,-0.0235667495041,0.0235667495041,random_forest,DoS probability,False,0,False
11,pilot_012,bc9146b4609c210b,deterministic_text,DoS,DoS,2,OUT_BYTES,14656752,14656752,True,True,True,11,-0.0195664454004,0.0195664454004,random_forest,DoS probability,False,0,False
11,pilot_012,bc9146b4609c210b,deterministic_text,DoS,DoS,3,DST_TO_SRC_AVG_THROUGHPUT,1698472,1698472,True,True,True,6,-0.030925694262,0.030925694262,random_forest,DoS probability,False,0,False
11,pilot_012,bc9146b4609c210b,deterministic_text,DoS,DoS,4,L4_DST_PORT,110,110,True,True,True,33,-0.00184632023571,0.00184632023571,random_forest,DoS probability,False,0,False
11,pilot_012,bc9146b4609c210b,deterministic_text,DoS,DoS,5,NUM_PKTS_1024_TO_1514_BYTES,9500,9500,True,True,True,31,-0.00223303420979,0.00223303420979,random_forest,DoS probability,False,0,False
11,pilot_012,bc9146b4609c210b,structured,DoS,Benign,1,L4_DST_PORT,110,110,True,True,True,43,0,0,logistic_regression,DoS log-odds,False,0,False
11,pilot_012,bc9146b4609c210b,structured,DoS,Benign,2,PROTOCOL,6,6,True,True,True,23,0.109439772543,0.109439772543,logistic_regression,DoS log-odds,False,0,False
11,pilot_012,bc9146b4609c210b,structured,DoS,Benign,3,L4_SRC_PORT,5957,5957,True,True,True,42,0,0,logistic_regression,DoS log-odds,False,0,False
11,pilot_012,bc9146b4609c210b,structured,DoS,Benign,4,IN_PKTS,1668,1668,True,True,True,6,-12.0440705919,12.0440705919,logistic_regression,DoS log-odds,False,0,False
11,pilot_012,bc9146b4609c210b,structured,DoS,Benign,5,DST_TO_SRC_AVG_THROUGHPUT,1698472,1698472,True,True,True,37,-0.020242991396,0.020242991396,logistic_regression,DoS log-odds,False,0,False
11,pilot_012,bc9146b4609c210b,structured,DoS,Benign,1,L4_DST_PORT,110,110,True,True,True,33,-0.00184632023571,0.00184632023571,random_forest,DoS probability,False,0,False
11,pilot_012,bc9146b4609c210b,structured,DoS,Benign,2,PROTOCOL,6,6,True,True,True,44,0.000138504673256,0.000138504673256,random_forest,DoS probability,False,0,False
11,pilot_012,bc9146b4609c210b,structured,DoS,Benign,3,L4_SRC_PORT,5957,5957,True,True,True,43,0.000189219492666,0.000189219492666,random_forest,DoS probability,False,0,False
11,pilot_012,bc9146b4609c210b,structured,DoS,Benign,4,IN_PKTS,1668,1668,True,True,True,10,-0.019726552731,0.019726552731,random_forest,DoS probability,False,0,False
11,pilot_012,bc9146b4609c210b,structured,DoS,Benign,5,DST_TO_SRC_AVG_THROUGHPUT,1698472,1698472,True,True,True,6,-0.030925694262,0.030925694262,random_forest,DoS probability,False,0,False
12,pilot_013,002f43355f1edaf4,deterministic_text,Benign,Benign,1,L4_DST_PORT,21,21,True,True,True,6,-0.282843543924,0.282843543924,logistic_regression,DoS log-odds,False,0,False
12,pilot_013,002f43355f1edaf4,deterministic_text,Benign,Benign,2,IN_PKTS,37,37,True,True,True,41,0.00341773651494,0.00341773651494,logistic_regression,DoS log-odds,False,0,False
12,pilot_013,002f43355f1edaf4,deterministic_text,Benign,Benign,3,FLOW_DURATION_MILLISECONDS,2090,2090,True,True,True,26,0.0202959511131,0.0202959511131,logistic_regression,DoS log-odds,False,0,False
12,pilot_013,002f43355f1edaf4,deterministic_text,Benign,Benign,4,TCP_FLAGS,24,24,True,True,True,10,-0.169718714488,0.169718714488,logistic_regression,DoS log-odds,False,0,False
12,pilot_013,002f43355f1edaf4,deterministic_text,Benign,Benign,5,FTP_COMMAND_RET_CODE,125,125,True,True,True,16,-0.123903616308,0.123903616308,logistic_regression,DoS log-odds,False,0,False
12,pilot_013,002f43355f1edaf4,deterministic_text,Benign,Benign,1,L4_DST_PORT,21,21,True,True,True,12,-0.0150701850771,0.0150701850771,random_forest,DoS probability,False,0,False
12,pilot_013,002f43355f1edaf4,deterministic_text,Benign,Benign,2,IN_PKTS,37,37,True,True,True,7,-0.0212399262675,0.0212399262675,random_forest,DoS probability,False,0,False
12,pilot_013,002f43355f1edaf4,deterministic_text,Benign,Benign,3,FLOW_DURATION_MILLISECONDS,2090,2090,True,True,True,24,0.00607804061157,0.00607804061157,random_forest,DoS probability,False,0,False
12,pilot_013,002f43355f1edaf4,deterministic_text,Benign,Benign,4,TCP_FLAGS,24,24,True,True,True,21,-0.0103256055699,0.0103256055699,random_forest,DoS probability,False,0,False
12,pilot_013,002f43355f1edaf4,deterministic_text,Benign,Benign,5,FTP_COMMAND_RET_CODE,125,125,True,True,True,13,-0.0140346179529,0.0140346179529,random_forest,DoS probability,False,0,False
12,pilot_013,002f43355f1edaf4,structured,Benign,Benign,1,L4_DST_PORT,21,21,True,True,True,6,-0.282843543924,0.282843543924,logistic_regression,DoS log-odds,False,0,False
12,pilot_013,002f43355f1edaf4,structured,Benign,Benign,2,IN_BYTES,2059,2059,True,True,True,37,-0.0055206929401,0.0055206929401,logistic_regression,DoS log-odds,False,0,False
12,pilot_013,002f43355f1edaf4,structured,Benign,Benign,3,NUM_PKTS_UP_TO_128_BYTES,87,87,True,True,True,21,-0.0717445664074,0.0717445664074,logistic_regression,DoS log-odds,False,0,False
12,pilot_013,002f43355f1edaf4,structured,Benign,Benign,4,FLOW_DURATION_MILLISECONDS,2090,2090,True,True,True,26,0.0202959511131,0.0202959511131,logistic_regression,DoS log-odds,False,0,False
12,pilot_013,002f43355f1edaf4,structured,Benign,Benign,5,MIN_TTL,31,31,True,True,True,2,-0.743834924585,0.743834924585,logistic_regression,DoS log-odds,True,0.743834924585,True
12,pilot_013,002f43355f1edaf4,structured,Benign,Benign,1,L4_DST_PORT,21,21,True,True,True,12,-0.0150701850771,0.0150701850771,random_forest,DoS probability,False,0,False
12,pilot_013,002f43355f1edaf4,structured,Benign,Benign,2,IN_BYTES,2059,2059,True,True,True,23,-0.00823327068918,0.00823327068918,random_forest,DoS probability,False,0,False
12,pilot_013,002f43355f1edaf4,structured,Benign,Benign,3,NUM_PKTS_UP_TO_128_BYTES,87,87,True,True,True,6,-0.0282484666731,0.0282484666731,random_forest,DoS probability,False,0,False
12,pilot_013,002f43355f1edaf4,structured,Benign,Benign,4,FLOW_DURATION_MILLISECONDS,2090,2090,True,True,True,24,0.00607804061157,0.00607804061157,random_forest,DoS probability,False,0,False
12,pilot_013,002f43355f1edaf4,structured,Benign,Benign,5,MIN_TTL,31,31,True,True,True,3,-0.0626998077147,0.0626998077147,random_forest,DoS probability,True,0.0626998077147,True
13,pilot_014,1cc7dca9ffa68287,deterministic_text,Benign,DoS,1,TCP_FLAGS,27,27,True,True,True,18,-0.0419704706546,0.0419704706546,logistic_regression,DoS log-odds,False,0,False
13,pilot_014,1cc7dca9ffa68287,deterministic_text,Benign,DoS,2,CLIENT_TCP_FLAGS,27,27,True,True,True,20,0.0308649396928,0.0308649396928,logistic_regression,DoS log-odds,False,0,False
13,pilot_014,1cc7dca9ffa68287,deterministic_text,Benign,DoS,3,ICMP_TYPE,6144,6144,True,True,True,43,0,0,logistic_regression,DoS log-odds,False,0,False
13,pilot_014,1cc7dca9ffa68287,deterministic_text,Benign,DoS,4,RETRANSMITTED_IN_PKTS,7,7,True,True,True,36,-0.00173282439134,0.00173282439134,logistic_regression,DoS log-odds,False,0,False
13,pilot_014,1cc7dca9ffa68287,deterministic_text,Benign,DoS,5,SRC_TO_DST_IAT_MIN,0,0,True,True,True,45,0,0,logistic_regression,DoS log-odds,False,0,False
13,pilot_014,1cc7dca9ffa68287,deterministic_text,Benign,DoS,1,TCP_FLAGS,27,27,True,True,True,10,-0.0119338539408,0.0119338539408,random_forest,DoS probability,False,0,False
13,pilot_014,1cc7dca9ffa68287,deterministic_text,Benign,DoS,2,CLIENT_TCP_FLAGS,27,27,True,True,True,20,-0.00744632916623,0.00744632916623,random_forest,DoS probability,False,0,False
13,pilot_014,1cc7dca9ffa68287,deterministic_text,Benign,DoS,3,ICMP_TYPE,6144,6144,True,True,True,42,0.000111146103772,0.000111146103772,random_forest,DoS probability,False,0,False
13,pilot_014,1cc7dca9ffa68287,deterministic_text,Benign,DoS,4,RETRANSMITTED_IN_PKTS,7,7,True,True,True,11,-0.0116579998123,0.0116579998123,random_forest,DoS probability,False,0,False
13,pilot_014,1cc7dca9ffa68287,deterministic_text,Benign,DoS,5,SRC_TO_DST_IAT_MIN,0,0,True,True,True,45,0,0,random_forest,DoS probability,False,0,False
13,pilot_014,1cc7dca9ffa68287,structured,Benign,Benign,1,TCP_FLAGS,27,27,True,True,True,18,-0.0419704706546,0.0419704706546,logistic_regression,DoS log-odds,False,0,False
13,pilot_014,1cc7dca9ffa68287,structured,Benign,Benign,2,IN_PKTS,28,28,True,True,True,22,0.018297412452,0.018297412452,logistic_regression,DoS log-odds,False,0,False
13,pilot_014,1cc7dca9ffa68287,structured,Benign,Benign,3,FLOW_DURATION_MILLISECONDS,403,403,True,True,True,23,-0.0182874693033,0.0182874693033,logistic_regression,DoS log-odds,False,0,False
13,pilot_014,1cc7dca9ffa68287,structured,Benign,Benign,4,PROTOCOL,6,6,True,True,True,7,0.196542616991,0.196542616991,logistic_regression,DoS log-odds,False,0,False
13,pilot_014,1cc7dca9ffa68287,structured,Benign,Benign,5,RETRANSMITTED_IN_PKTS,7,7,True,True,True,36,-0.00173282439134,0.00173282439134,logistic_regression,DoS log-odds,False,0,False
13,pilot_014,1cc7dca9ffa68287,structured,Benign,Benign,1,TCP_FLAGS,27,27,True,True,True,10,-0.0119338539408,0.0119338539408,random_forest,DoS probability,False,0,False
13,pilot_014,1cc7dca9ffa68287,structured,Benign,Benign,2,IN_PKTS,28,28,True,True,True,7,-0.0158085424453,0.0158085424453,random_forest,DoS probability,False,0,False
13,pilot_014,1cc7dca9ffa68287,structured,Benign,Benign,3,FLOW_DURATION_MILLISECONDS,403,403,True,True,True,25,0.00545934544471,0.00545934544471,random_forest,DoS probability,False,0,False
13,pilot_014,1cc7dca9ffa68287,structured,Benign,Benign,4,PROTOCOL,6,6,True,True,True,44,9.035371976e-05,9.035371976e-05,random_forest,DoS probability,False,0,False
13,pilot_014,1cc7dca9ffa68287,structured,Benign,Benign,5,RETRANSMITTED_IN_PKTS,7,7,True,True,True,11,-0.0116579998123,0.0116579998123,random_forest,DoS probability,False,0,False
14,pilot_015,a67a0af8f3def092,deterministic_text,Benign,Benign,1,L4_DST_PORT,21,21,True,True,True,8,-0.202222770953,0.202222770953,logistic_regression,DoS log-odds,False,0,False
14,pilot_015,a67a0af8f3def092,deterministic_text,Benign,Benign,2,FTP_COMMAND_RET_CODE,229,229,True,True,True,13,-0.0723901696268,0.0723901696268,logistic_regression,DoS log-odds,False,0,False
14,pilot_015,a67a0af8f3def092,deterministic_text,Benign,Benign,3,IN_PKTS,23,23,True,True,True,25,0.0177576350971,0.0177576350971,logistic_regression,DoS log-odds,False,0,False
14,pilot_015,a67a0af8f3def092,deterministic_text,Benign,Benign,4,FLOW_DURATION_MILLISECONDS,211,211,True,True,True,22,-0.0200734888695,0.0200734888695,logistic_regression,DoS log-odds,False,0,False
14,pilot_015,a67a0af8f3def092,deterministic_text,Benign,Benign,5,TCP_WIN_MAX_IN,15928,15928,True,True,True,19,-0.0368856088728,0.0368856088728,logistic_regression,DoS log-odds,False,0,False
14,pilot_015,a67a0af8f3def092,deterministic_text,Benign,Benign,1,L4_DST_PORT,21,21,True,True,True,17,-0.00959282252085,0.00959282252085,random_forest,DoS probability,False,0,False
14,pilot_015,a67a0af8f3def092,deterministic_text,Benign,Benign,2,FTP_COMMAND_RET_CODE,229,229,True,True,True,24,-0.0055302599885,0.0055302599885,random_forest,DoS probability,False,0,False
14,pilot_015,a67a0af8f3def092,deterministic_text,Benign,Benign,3,IN_PKTS,23,23,True,True,True,12,-0.0131203288593,0.0131203288593,random_forest,DoS probability,False,0,False
14,pilot_015,a67a0af8f3def092,deterministic_text,Benign,Benign,4,FLOW_DURATION_MILLISECONDS,211,211,True,True,True,30,0.00131676898462,0.00131676898462,random_forest,DoS probability,False,0,False
14,pilot_015,a67a0af8f3def092,deterministic_text,Benign,Benign,5,TCP_WIN_MAX_IN,15928,15928,True,True,True,29,-0.00141487174643,0.00141487174643,random_forest,DoS probability,False,0,False
14,pilot_015,a67a0af8f3def092,structured,Benign,Benign,1,TCP_FLAGS,24,24,True,True,True,15,-0.0514359528641,0.0514359528641,logistic_regression,DoS log-odds,False,0,False
14,pilot_015,a67a0af8f3def092,structured,Benign,Benign,2,L4_DST_PORT,21,21,True,True,True,8,-0.202222770953,0.202222770953,logistic_regression,DoS log-odds,False,0,False
14,pilot_015,a67a0af8f3def092,structured,Benign,Benign,3,IN_PKTS,23,23,True,True,True,25,0.0177576350971,0.0177576350971,logistic_regression,DoS log-odds,False,0,False
14,pilot_015,a67a0af8f3def092,structured,Benign,Benign,4,FLOW_DURATION_MILLISECONDS,211,211,True,True,True,22,-0.0200734888695,0.0200734888695,logistic_regression,DoS log-odds,False,0,False
14,pilot_015,a67a0af8f3def092,structured,Benign,Benign,5,RETRANSMITTED_IN_PKTS,5,5,True,True,True,37,0.00477751184977,0.00477751184977,logistic_regression,DoS log-odds,False,0,False
14,pilot_015,a67a0af8f3def092,structured,Benign,Benign,1,TCP_FLAGS,24,24,True,True,True,15,-0.0126141451026,0.0126141451026,random_forest,DoS probability,False,0,False
14,pilot_015,a67a0af8f3def092,structured,Benign,Benign,2,L4_DST_PORT,21,21,True,True,True,17,-0.00959282252085,0.00959282252085,random_forest,DoS probability,False,0,False
14,pilot_015,a67a0af8f3def092,structured,Benign,Benign,3,IN_PKTS,23,23,True,True,True,12,-0.0131203288593,0.0131203288593,random_forest,DoS probability,False,0,False
14,pilot_015,a67a0af8f3def092,structured,Benign,Benign,4,FLOW_DURATION_MILLISECONDS,211,211,True,True,True,30,0.00131676898462,0.00131676898462,random_forest,DoS probability,False,0,False
14,pilot_015,a67a0af8f3def092,structured,Benign,Benign,5,RETRANSMITTED_IN_PKTS,5,5,True,True,True,21,-0.00613927449375,0.00613927449375,random_forest,DoS probability,False,0,False
15,pilot_016,553bcc9c6d95c3ee,deterministic_text,DoS,DoS,1,RETRANSMITTED_IN_PKTS,310,310,True,True,True,1,-6.9067706862,6.9067706862,logistic_regression,DoS log-odds,True,6.9067706862,True
15,pilot_016,553bcc9c6d95c3ee,deterministic_text,DoS,DoS,2,IN_PKTS,626,626,True,True,True,2,-4.40971788458,4.40971788458,logistic_regression,DoS log-odds,True,4.40971788458,True
15,pilot_016,553bcc9c6d95c3ee,deterministic_text,DoS,DoS,3,RETRANSMITTED_IN_BYTES,412526,412526,True,True,True,3,3.59031448653,3.59031448653,logistic_regression,DoS log-odds,True,3.59031448653,True
15,pilot_016,553bcc9c6d95c3ee,deterministic_text,DoS,DoS,4,L4_DST_PORT,80,80,True,True,True,12,0.62786338834,0.62786338834,logistic_regression,DoS log-odds,False,0,False
15,pilot_016,553bcc9c6d95c3ee,deterministic_text,DoS,DoS,5,OUT_PKTS,102,102,True,True,True,18,-0.208999331097,0.208999331097,logistic_regression,DoS log-odds,False,0,False
15,pilot_016,553bcc9c6d95c3ee,deterministic_text,DoS,DoS,1,RETRANSMITTED_IN_PKTS,310,310,True,True,True,25,-0.00540003177264,0.00540003177264,random_forest,DoS probability,False,0,False
15,pilot_016,553bcc9c6d95c3ee,deterministic_text,DoS,DoS,2,IN_PKTS,626,626,True,True,True,14,-0.014728519344,0.014728519344,random_forest,DoS probability,False,0,False
15,pilot_016,553bcc9c6d95c3ee,deterministic_text,DoS,DoS,3,RETRANSMITTED_IN_BYTES,412526,412526,True,True,True,29,-0.00224612022211,0.00224612022211,random_forest,DoS probability,False,0,False
15,pilot_016,553bcc9c6d95c3ee,deterministic_text,DoS,DoS,4,L4_DST_PORT,80,80,True,True,True,24,0.0059098764203,0.0059098764203,random_forest,DoS probability,False,0,False
15,pilot_016,553bcc9c6d95c3ee,deterministic_text,DoS,DoS,5,OUT_PKTS,102,102,True,True,True,9,-0.0248109610292,0.0248109610292,random_forest,DoS probability,False,0,False
15,pilot_016,553bcc9c6d95c3ee,structured,DoS,DoS,1,RETRANSMITTED_IN_PKTS,310,310,True,True,True,1,-6.9067706862,6.9067706862,logistic_regression,DoS log-odds,True,6.9067706862,True
15,pilot_016,553bcc9c6d95c3ee,structured,DoS,DoS,2,RETRANSMITTED_IN_BYTES,412526,412526,True,True,True,3,3.59031448653,3.59031448653,logistic_regression,DoS log-odds,True,3.59031448653,True
15,pilot_016,553bcc9c6d95c3ee,structured,DoS,DoS,3,NUM_PKTS_1024_TO_1514_BYTES,538,538,True,True,True,28,0.0530711584062,0.0530711584062,logistic_regression,DoS log-odds,False,0,False
15,pilot_016,553bcc9c6d95c3ee,structured,DoS,DoS,4,IN_PKTS,626,626,True,True,True,2,-4.40971788458,4.40971788458,logistic_regression,DoS log-odds,True,4.40971788458,True
15,pilot_016,553bcc9c6d95c3ee,structured,DoS,DoS,5,L4_DST_PORT,80,80,True,True,True,12,0.62786338834,0.62786338834,logistic_regression,DoS log-odds,False,0,False
15,pilot_016,553bcc9c6d95c3ee,structured,DoS,DoS,1,RETRANSMITTED_IN_PKTS,310,310,True,True,True,25,-0.00540003177264,0.00540003177264,random_forest,DoS probability,False,0,False
15,pilot_016,553bcc9c6d95c3ee,structured,DoS,DoS,2,RETRANSMITTED_IN_BYTES,412526,412526,True,True,True,29,-0.00224612022211,0.00224612022211,random_forest,DoS probability,False,0,False
15,pilot_016,553bcc9c6d95c3ee,structured,DoS,DoS,3,NUM_PKTS_1024_TO_1514_BYTES,538,538,True,True,True,35,-0.00160585051559,0.00160585051559,random_forest,DoS probability,False,0,False
15,pilot_016,553bcc9c6d95c3ee,structured,DoS,DoS,4,IN_PKTS,626,626,True,True,True,14,-0.014728519344,0.014728519344,random_forest,DoS probability,False,0,False
15,pilot_016,553bcc9c6d95c3ee,structured,DoS,DoS,5,L4_DST_PORT,80,80,True,True,True,24,0.0059098764203,0.0059098764203,random_forest,DoS probability,False,0,False
16,pilot_017,ad28cc668aafb180,deterministic_text,Benign,Benign,1,FTP_COMMAND_RET_CODE,230,230,True,True,True,13,-0.0983235271915,0.0983235271915,logistic_regression,DoS log-odds,False,0,False
16,pilot_017,ad28cc668aafb180,deterministic_text,Benign,Benign,2,L4_DST_PORT,21,21,True,True,True,8,-0.161681532809,0.161681532809,logistic_regression,DoS log-odds,False,0,False
16,pilot_017,ad28cc668aafb180,deterministic_text,Benign,Benign,3,PROTOCOL,6,6,True,True,True,9,0.160254337263,0.160254337263,logistic_regression,DoS log-odds,False,0,False
16,pilot_017,ad28cc668aafb180,deterministic_text,Benign,Benign,4,FLOW_DURATION_MILLISECONDS,146,146,True,True,True,23,-0.0247921090045,0.0247921090045,logistic_regression,DoS log-odds,False,0,False
16,pilot_017,ad28cc668aafb180,deterministic_text,Benign,Benign,5,IN_BYTES,1031,1031,True,True,True,43,-0.00113861860997,0.00113861860997,logistic_regression,DoS log-odds,False,0,False
16,pilot_017,ad28cc668aafb180,deterministic_text,Benign,Benign,1,FTP_COMMAND_RET_CODE,230,230,True,True,True,15,-0.0107334598433,0.0107334598433,random_forest,DoS probability,False,0,False
16,pilot_017,ad28cc668aafb180,deterministic_text,Benign,Benign,2,L4_DST_PORT,21,21,True,True,True,19,-0.00755631156858,0.00755631156858,random_forest,DoS probability,False,0,False
16,pilot_017,ad28cc668aafb180,deterministic_text,Benign,Benign,3,PROTOCOL,6,6,True,True,True,36,-0.000492449741992,0.000492449741992,random_forest,DoS probability,False,0,False
16,pilot_017,ad28cc668aafb180,deterministic_text,Benign,Benign,4,FLOW_DURATION_MILLISECONDS,146,146,True,True,True,27,-0.00440176934539,0.00440176934539,random_forest,DoS probability,False,0,False
16,pilot_017,ad28cc668aafb180,deterministic_text,Benign,Benign,5,IN_BYTES,1031,1031,True,True,True,41,0.000237725640083,0.000237725640083,random_forest,DoS probability,False,0,False
16,pilot_017,ad28cc668aafb180,structured,Benign,Benign,1,FTP_COMMAND_RET_CODE,230,230,True,True,True,13,-0.0983235271915,0.0983235271915,logistic_regression,DoS log-odds,False,0,False
16,pilot_017,ad28cc668aafb180,structured,Benign,Benign,2,L4_DST_PORT,21,21,True,True,True,8,-0.161681532809,0.161681532809,logistic_regression,DoS log-odds,False,0,False
16,pilot_017,ad28cc668aafb180,structured,Benign,Benign,3,TCP_FLAGS,24,24,True,True,True,19,-0.0504333738478,0.0504333738478,logistic_regression,DoS log-odds,False,0,False
16,pilot_017,ad28cc668aafb180,structured,Benign,Benign,4,IN_PKTS,19,19,True,True,True,27,0.0191340496839,0.0191340496839,logistic_regression,DoS log-odds,False,0,False
16,pilot_017,ad28cc668aafb180,structured,Benign,Benign,5,FLOW_DURATION_MILLISECONDS,146,146,True,True,True,23,-0.0247921090045,0.0247921090045,logistic_regression,DoS log-odds,False,0,False
16,pilot_017,ad28cc668aafb180,structured,Benign,Benign,1,FTP_COMMAND_RET_CODE,230,230,True,True,True,15,-0.0107334598433,0.0107334598433,random_forest,DoS probability,False,0,False
16,pilot_017,ad28cc668aafb180,structured,Benign,Benign,2,L4_DST_PORT,21,21,True,True,True,19,-0.00755631156858,0.00755631156858,random_forest,DoS probability,False,0,False
16,pilot_017,ad28cc668aafb180,structured,Benign,Benign,3,TCP_FLAGS,24,24,True,True,True,18,-0.0079370163552,0.0079370163552,random_forest,DoS probability,False,0,False
16,pilot_017,ad28cc668aafb180,structured,Benign,Benign,4,IN_PKTS,19,19,True,True,True,17,-0.00831251860846,0.00831251860846,random_forest,DoS probability,False,0,False
16,pilot_017,ad28cc668aafb180,structured,Benign,Benign,5,FLOW_DURATION_MILLISECONDS,146,146,True,True,True,27,-0.00440176934539,0.00440176934539,random_forest,DoS probability,False,0,False
17,pilot_018,5c2b6c56dce5729e,deterministic_text,Benign,Benign,1,FTP_COMMAND_RET_CODE,229,229,True,True,True,14,-0.109975661227,0.109975661227,logistic_regression,DoS log-odds,False,0,False
17,pilot_018,5c2b6c56dce5729e,deterministic_text,Benign,Benign,2,L4_DST_PORT,21,21,True,True,True,10,-0.171532492798,0.171532492798,logistic_regression,DoS log-odds,False,0,False
17,pilot_018,5c2b6c56dce5729e,deterministic_text,Benign,Benign,3,IN_BYTES,1817,1817,True,True,True,40,-0.00090372906531,0.00090372906531,logistic_regression,DoS log-odds,False,0,False
17,pilot_018,5c2b6c56dce5729e,deterministic_text,Benign,Benign,4,FLOW_DURATION_MILLISECONDS,722,722,True,True,True,27,0.0161786251772,0.0161786251772,logistic_regression,DoS log-odds,False,0,False
17,pilot_018,5c2b6c56dce5729e,deterministic_text,Benign,Benign,5,TCP_FLAGS,24,24,True,True,True,17,-0.0922761033206,0.0922761033206,logistic_regression,DoS log-odds,False,0,False
17,pilot_018,5c2b6c56dce5729e,deterministic_text,Benign,Benign,1,FTP_COMMAND_RET_CODE,229,229,True,True,True,13,-0.0128873389527,0.0128873389527,random_forest,DoS probability,False,0,False
17,pilot_018,5c2b6c56dce5729e,deterministic_text,Benign,Benign,2,L4_DST_PORT,21,21,True,True,True,19,-0.0083100009117,0.0083100009117,random_forest,DoS probability,False,0,False
17,pilot_018,5c2b6c56dce5729e,deterministic_text,Benign,Benign,3,IN_BYTES,1817,1817,True,True,True,18,-0.00860342849513,0.00860342849513,random_forest,DoS probability,False,0,False
17,pilot_018,5c2b6c56dce5729e,deterministic_text,Benign,Benign,4,FLOW_DURATION_MILLISECONDS,722,722,True,True,True,29,0.00344893656131,0.00344893656131,random_forest,DoS probability,False,0,False
17,pilot_018,5c2b6c56dce5729e,deterministic_text,Benign,Benign,5,TCP_FLAGS,24,24,True,True,True,14,-0.0110292383473,0.0110292383473,random_forest,DoS probability,False,0,False
17,pilot_018,5c2b6c56dce5729e,structured,Benign,Benign,1,FTP_COMMAND_RET_CODE,229,229,True,True,True,14,-0.109975661227,0.109975661227,logistic_regression,DoS log-odds,False,0,False
17,pilot_018,5c2b6c56dce5729e,structured,Benign,Benign,2,L4_DST_PORT,21,21,True,True,True,10,-0.171532492798,0.171532492798,logistic_regression,DoS log-odds,False,0,False
17,pilot_018,5c2b6c56dce5729e,structured,Benign,Benign,3,IN_PKTS,33,33,True,True,True,21,-0.0650238774258,0.0650238774258,logistic_regression,DoS log-odds,False,0,False
17,pilot_018,5c2b6c56dce5729e,structured,Benign,Benign,4,TCP_FLAGS,24,24,True,True,True,17,-0.0922761033206,0.0922761033206,logistic_regression,DoS log-odds,False,0,False
17,pilot_018,5c2b6c56dce5729e,structured,Benign,Benign,5,FLOW_DURATION_MILLISECONDS,722,722,True,True,True,27,0.0161786251772,0.0161786251772,logistic_regression,DoS log-odds,False,0,False
17,pilot_018,5c2b6c56dce5729e,structured,Benign,Benign,1,FTP_COMMAND_RET_CODE,229,229,True,True,True,13,-0.0128873389527,0.0128873389527,random_forest,DoS probability,False,0,False
17,pilot_018,5c2b6c56dce5729e,structured,Benign,Benign,2,L4_DST_PORT,21,21,True,True,True,19,-0.0083100009117,0.0083100009117,random_forest,DoS probability,False,0,False
17,pilot_018,5c2b6c56dce5729e,structured,Benign,Benign,3,IN_PKTS,33,33,True,True,True,11,-0.0158072719282,0.0158072719282,random_forest,DoS probability,False,0,False
17,pilot_018,5c2b6c56dce5729e,structured,Benign,Benign,4,TCP_FLAGS,24,24,True,True,True,14,-0.0110292383473,0.0110292383473,random_forest,DoS probability,False,0,False
17,pilot_018,5c2b6c56dce5729e,structured,Benign,Benign,5,FLOW_DURATION_MILLISECONDS,722,722,True,True,True,29,0.00344893656131,0.00344893656131,random_forest,DoS probability,False,0,False
18,pilot_019,b53eccbe1844e13e,deterministic_text,DoS,Benign,1,IN_PKTS,12,12,True,True,True,18,0.0419274437255,0.0419274437255,logistic_regression,DoS log-odds,False,0,False
18,pilot_019,b53eccbe1844e13e,deterministic_text,DoS,Benign,2,IN_BYTES,536,536,True,True,True,36,-0.00656527151641,0.00656527151641,logistic_regression,DoS log-odds,False,0,False
18,pilot_019,b53eccbe1844e13e,deterministic_text,DoS,Benign,3,TCP_FLAGS,19,19,True,True,True,9,0.142077836137,0.142077836137,logistic_regression,DoS log-odds,False,0,False
18,pilot_019,b53eccbe1844e13e,deterministic_text,DoS,Benign,4,L4_DST_PORT,389,389,True,True,True,33,0.00771512407691,0.00771512407691,logistic_regression,DoS log-odds,False,0,False
18,pilot_019,b53eccbe1844e13e,deterministic_text,DoS,Benign,5,FLOW_DURATION_MILLISECONDS,240,240,True,True,True,23,-0.0186302767803,0.0186302767803,logistic_regression,DoS log-odds,False,0,False
18,pilot_019,b53eccbe1844e13e,deterministic_text,DoS,Benign,1,IN_PKTS,12,12,True,True,True,35,0.00123620835551,0.00123620835551,random_forest,DoS probability,False,0,False
18,pilot_019,b53eccbe1844e13e,deterministic_text,DoS,Benign,2,IN_BYTES,536,536,True,True,True,31,0.00248257055584,0.00248257055584,random_forest,DoS probability,False,0,False
18,pilot_019,b53eccbe1844e13e,deterministic_text,DoS,Benign,3,TCP_FLAGS,19,19,True,True,True,6,0.0235233072112,0.0235233072112,random_forest,DoS probability,False,0,False
18,pilot_019,b53eccbe1844e13e,deterministic_text,DoS,Benign,4,L4_DST_PORT,389,389,True,True,True,36,0.00117074792568,0.00117074792568,random_forest,DoS probability,False,0,False
18,pilot_019,b53eccbe1844e13e,deterministic_text,DoS,Benign,5,FLOW_DURATION_MILLISECONDS,240,240,True,True,True,28,0.00396279352403,0.00396279352403,random_forest,DoS probability,False,0,False
18,pilot_019,b53eccbe1844e13e,structured,DoS,Benign,1,IN_PKTS,12,12,True,True,True,18,0.0419274437255,0.0419274437255,logistic_regression,DoS log-odds,False,0,False
18,pilot_019,b53eccbe1844e13e,structured,DoS,Benign,2,IN_BYTES,536,536,True,True,True,36,-0.00656527151641,0.00656527151641,logistic_regression,DoS log-odds,False,0,False
18,pilot_019,b53eccbe1844e13e,structured,DoS,Benign,3,L4_DST_PORT,389,389,True,True,True,33,0.00771512407691,0.00771512407691,logistic_regression,DoS log-odds,False,0,False
18,pilot_019,b53eccbe1844e13e,structured,DoS,Benign,4,TCP_FLAGS,19,19,True,True,True,9,0.142077836137,0.142077836137,logistic_regression,DoS log-odds,False,0,False
18,pilot_019,b53eccbe1844e13e,structured,DoS,Benign,5,FLOW_DURATION_MILLISECONDS,240,240,True,True,True,23,-0.0186302767803,0.0186302767803,logistic_regression,DoS log-odds,False,0,False
18,pilot_019,b53eccbe1844e13e,structured,DoS,Benign,1,IN_PKTS,12,12,True,True,True,35,0.00123620835551,0.00123620835551,random_forest,DoS probability,False,0,False
18,pilot_019,b53eccbe1844e13e,structured,DoS,Benign,2,IN_BYTES,536,536,True,True,True,31,0.00248257055584,0.00248257055584,random_forest,DoS probability,False,0,False
18,pilot_019,b53eccbe1844e13e,structured,DoS,Benign,3,L4_DST_PORT,389,389,True,True,True,36,0.00117074792568,0.00117074792568,random_forest,DoS probability,False,0,False
18,pilot_019,b53eccbe1844e13e,structured,DoS,Benign,4,TCP_FLAGS,19,19,True,True,True,6,0.0235233072112,0.0235233072112,random_forest,DoS probability,False,0,False
18,pilot_019,b53eccbe1844e13e,structured,DoS,Benign,5,FLOW_DURATION_MILLISECONDS,240,240,True,True,True,28,0.00396279352403,0.00396279352403,random_forest,DoS probability,False,0,False
19,pilot_020,ee719fdfbf19c4dd,deterministic_text,Benign,Benign,1,IN_PKTS,12,12,True,True,True,20,0.0333843539826,0.0333843539826,logistic_regression,DoS log-odds,False,0,False
19,pilot_020,ee719fdfbf19c4dd,deterministic_text,Benign,Benign,2,IN_BYTES,1036,1036,True,True,True,39,-0.00217032419242,0.00217032419242,logistic_regression,DoS log-odds,False,0,False
19,pilot_020,ee719fdfbf19c4dd,deterministic_text,Benign,Benign,3,FLOW_DURATION_MILLISECONDS,4,4,True,True,True,22,-0.0246013435018,0.0246013435018,logistic_regression,DoS log-odds,False,0,False
19,pilot_020,ee719fdfbf19c4dd,deterministic_text,Benign,Benign,4,TCP_FLAGS,27,27,True,True,True,41,-0.00033162181439,0.00033162181439,logistic_regression,DoS log-odds,False,0,False
19,pilot_020,ee719fdfbf19c4dd,deterministic_text,Benign,Benign,5,RETRANSMITTED_IN_PKTS,4,4,True,True,True,28,0.00980647169164,0.00980647169164,logistic_regression,DoS log-odds,False,0,False
19,pilot_020,ee719fdfbf19c4dd,deterministic_text,Benign,Benign,1,IN_PKTS,12,12,True,True,True,27,0.00292801432082,0.00292801432082,random_forest,DoS probability,False,0,False
19,pilot_020,ee719fdfbf19c4dd,deterministic_text,Benign,Benign,2,IN_BYTES,1036,1036,True,True,True,40,0.000509921231448,0.000509921231448,random_forest,DoS probability,False,0,False
19,pilot_020,ee719fdfbf19c4dd,deterministic_text,Benign,Benign,3,FLOW_DURATION_MILLISECONDS,4,4,True,True,True,10,-0.0160614183378,0.0160614183378,random_forest,DoS probability,False,0,False
19,pilot_020,ee719fdfbf19c4dd,deterministic_text,Benign,Benign,4,TCP_FLAGS,27,27,True,True,True,19,-0.00930178875132,0.00930178875132,random_forest,DoS probability,False,0,False
19,pilot_020,ee719fdfbf19c4dd,deterministic_text,Benign,Benign,5,RETRANSMITTED_IN_PKTS,4,4,True,True,True,24,-0.00544105494835,0.00544105494835,random_forest,DoS probability,False,0,False
19,pilot_020,ee719fdfbf19c4dd,structured,Benign,Benign,1,OUT_PKTS,12,12,True,True,True,35,-0.00503034593494,0.00503034593494,logistic_regression,DoS log-odds,False,0,False
19,pilot_020,ee719fdfbf19c4dd,structured,Benign,Benign,2,FLOW_DURATION_MILLISECONDS,4,4,True,True,True,22,-0.0246013435018,0.0246013435018,logistic_regression,DoS log-odds,False,0,False
19,pilot_020,ee719fdfbf19c4dd,structured,Benign,Benign,3,IN_BYTES,1036,1036,True,True,True,39,-0.00217032419242,0.00217032419242,logistic_regression,DoS log-odds,False,0,False
19,pilot_020,ee719fdfbf19c4dd,structured,Benign,Benign,4,TCP_FLAGS,27,27,True,True,True,41,-0.00033162181439,0.00033162181439,logistic_regression,DoS log-odds,False,0,False
19,pilot_020,ee719fdfbf19c4dd,structured,Benign,Benign,5,TCP_WIN_MAX_IN,10136,10136,True,True,True,8,-0.195480686469,0.195480686469,logistic_regression,DoS log-odds,False,0,False
19,pilot_020,ee719fdfbf19c4dd,structured,Benign,Benign,1,OUT_PKTS,12,12,True,True,True,14,-0.0126867949641,0.0126867949641,random_forest,DoS probability,False,0,False
19,pilot_020,ee719fdfbf19c4dd,structured,Benign,Benign,2,FLOW_DURATION_MILLISECONDS,4,4,True,True,True,10,-0.0160614183378,0.0160614183378,random_forest,DoS probability,False,0,False
19,pilot_020,ee719fdfbf19c4dd,structured,Benign,Benign,3,IN_BYTES,1036,1036,True,True,True,40,0.000509921231448,0.000509921231448,random_forest,DoS probability,False,0,False
19,pilot_020,ee719fdfbf19c4dd,structured,Benign,Benign,4,TCP_FLAGS,27,27,True,True,True,19,-0.00930178875132,0.00930178875132,random_forest,DoS probability,False,0,False
19,pilot_020,ee719fdfbf19c4dd,structured,Benign,Benign,5,TCP_WIN_MAX_IN,10136,10136,True,True,True,11,-0.0140481610647,0.0140481610647,random_forest,DoS probability,False,0,False
20,pilot_021,d5dd40cd630299c0,deterministic_text,DoS,Benign,1,IN_PKTS,2,2,True,True,True,23,0.0381701195963,0.0381701195963,logistic_regression,DoS log-odds,False,0,False
20,pilot_021,d5dd40cd630299c0,deterministic_text,DoS,Benign,2,IN_BYTES,702,702,True,True,True,43,-0.00118012787187,0.00118012787187,logistic_regression,DoS log-odds,False,0,False
20,pilot_021,d5dd40cd630299c0,deterministic_text,DoS,Benign,3,L4_DST_PORT,5060,5060,True,True,True,41,0.00270975047978,0.00270975047978,logistic_regression,DoS log-odds,False,0,False
20,pilot_021,d5dd40cd630299c0,deterministic_text,DoS,Benign,4,PROTOCOL,17,17,True,True,True,14,-0.0788377964037,0.0788377964037,logistic_regression,DoS log-odds,False,0,False
20,pilot_021,d5dd40cd630299c0,deterministic_text,DoS,Benign,5,FLOW_DURATION_MILLISECONDS,0,0,True,True,True,25,-0.0283300741489,0.0283300741489,logistic_regression,DoS log-odds,False,0,False
20,pilot_021,d5dd40cd630299c0,deterministic_text,DoS,Benign,1,IN_PKTS,2,2,True,True,True,9,0.014659299881,0.014659299881,random_forest,DoS probability,False,0,False
20,pilot_021,d5dd40cd630299c0,deterministic_text,DoS,Benign,2,IN_BYTES,702,702,True,True,True,25,0.00507344236676,0.00507344236676,random_forest,DoS probability,False,0,False
20,pilot_021,d5dd40cd630299c0,deterministic_text,DoS,Benign,3,L4_DST_PORT,5060,5060,True,True,True,22,0.00559636293065,0.00559636293065,random_forest,DoS probability,False,0,False
20,pilot_021,d5dd40cd630299c0,deterministic_text,DoS,Benign,4,PROTOCOL,17,17,True,True,True,30,0.00344688966371,0.00344688966371,random_forest,DoS probability,False,0,False
20,pilot_021,d5dd40cd630299c0,deterministic_text,DoS,Benign,5,FLOW_DURATION_MILLISECONDS,0,0,True,True,True,14,0.0107158441002,0.0107158441002,random_forest,DoS probability,False,0,False
20,pilot_021,d5dd40cd630299c0,structured,DoS,Benign,1,IN_PKTS,2,2,True,True,True,23,0.0381701195963,0.0381701195963,logistic_regression,DoS log-odds,False,0,False
20,pilot_021,d5dd40cd630299c0,structured,DoS,Benign,2,FLOW_DURATION_MILLISECONDS,0,0,True,True,True,25,-0.0283300741489,0.0283300741489,logistic_regression,DoS log-odds,False,0,False
20,pilot_021,d5dd40cd630299c0,structured,DoS,Benign,3,IN_BYTES,702,702,True,True,True,43,-0.00118012787187,0.00118012787187,logistic_regression,DoS log-odds,False,0,False
20,pilot_021,d5dd40cd630299c0,structured,DoS,Benign,4,L4_SRC_PORT,44675,44675,True,True,True,44,0,0,logistic_regression,DoS log-odds,False,0,False
20,pilot_021,d5dd40cd630299c0,structured,DoS,Benign,5,L4_DST_PORT,5060,5060,True,True,True,41,0.00270975047978,0.00270975047978,logistic_regression,DoS log-odds,False,0,False
20,pilot_021,d5dd40cd630299c0,structured,DoS,Benign,1,IN_PKTS,2,2,True,True,True,9,0.014659299881,0.014659299881,random_forest,DoS probability,False,0,False
20,pilot_021,d5dd40cd630299c0,structured,DoS,Benign,2,FLOW_DURATION_MILLISECONDS,0,0,True,True,True,14,0.0107158441002,0.0107158441002,random_forest,DoS probability,False,0,False
20,pilot_021,d5dd40cd630299c0,structured,DoS,Benign,3,IN_BYTES,702,702,True,True,True,25,0.00507344236676,0.00507344236676,random_forest,DoS probability,False,0,False
20,pilot_021,d5dd40cd630299c0,structured,DoS,Benign,4,L4_SRC_PORT,44675,44675,True,True,True,34,0.00233523461255,0.00233523461255,random_forest,DoS probability,False,0,False
20,pilot_021,d5dd40cd630299c0,structured,DoS,Benign,5,L4_DST_PORT,5060,5060,True,True,True,22,0.00559636293065,0.00559636293065,random_forest,DoS probability,False,0,False
21,pilot_022,3db8cb1f1c9b57d4,deterministic_text,DoS,Benign,1,IN_PKTS,2,2,True,True,True,23,0.0381701195963,0.0381701195963,logistic_regression,DoS log-odds,False,0,False
21,pilot_022,3db8cb1f1c9b57d4,deterministic_text,DoS,Benign,2,L4_DST_PORT,88,88,True,True,True,41,0.00243456823091,0.00243456823091,logistic_regression,DoS log-odds,False,0,False
21,pilot_022,3db8cb1f1c9b57d4,deterministic_text,DoS,Benign,3,PROTOCOL,17,17,True,True,True,14,-0.0788377964037,0.0788377964037,logistic_regression,DoS log-odds,False,0,False
21,pilot_022,3db8cb1f1c9b57d4,deterministic_text,DoS,Benign,4,IN_BYTES,612,612,True,True,True,43,-0.00119148298911,0.00119148298911,logistic_regression,DoS log-odds,False,0,False
21,pilot_022,3db8cb1f1c9b57d4,deterministic_text,DoS,Benign,5,FLOW_DURATION_MILLISECONDS,0,0,True,True,True,25,-0.0283300741489,0.0283300741489,logistic_regression,DoS log-odds,False,0,False
21,pilot_022,3db8cb1f1c9b57d4,deterministic_text,DoS,Benign,1,IN_PKTS,2,2,True,True,True,9,0.0147225684728,0.0147225684728,random_forest,DoS probability,False,0,False
21,pilot_022,3db8cb1f1c9b57d4,deterministic_text,DoS,Benign,2,L4_DST_PORT,88,88,True,True,True,22,0.00560990417211,0.00560990417211,random_forest,DoS probability,False,0,False
21,pilot_022,3db8cb1f1c9b57d4,deterministic_text,DoS,Benign,3,PROTOCOL,17,17,True,True,True,30,0.00354629105224,0.00354629105224,random_forest,DoS probability,False,0,False
21,pilot_022,3db8cb1f1c9b57d4,deterministic_text,DoS,Benign,4,IN_BYTES,612,612,True,True,True,24,0.00507858540819,0.00507858540819,random_forest,DoS probability,False,0,False
21,pilot_022,3db8cb1f1c9b57d4,deterministic_text,DoS,Benign,5,FLOW_DURATION_MILLISECONDS,0,0,True,True,True,14,0.0104650223537,0.0104650223537,random_forest,DoS probability,False,0,False
21,pilot_022,3db8cb1f1c9b57d4,structured,DoS,Benign,1,IN_PKTS,2,2,True,True,True,23,0.0381701195963,0.0381701195963,logistic_regression,DoS log-odds,False,0,False
21,pilot_022,3db8cb1f1c9b57d4,structured,DoS,Benign,2,IN_BYTES,612,612,True,True,True,43,-0.00119148298911,0.00119148298911,logistic_regression,DoS log-odds,False,0,False
21,pilot_022,3db8cb1f1c9b57d4,structured,DoS,Benign,3,L4_DST_PORT,88,88,True,True,True,41,0.00243456823091,0.00243456823091,logistic_regression,DoS log-odds,False,0,False
21,pilot_022,3db8cb1f1c9b57d4,structured,DoS,Benign,4,PROTOCOL,17,17,True,True,True,14,-0.0788377964037,0.0788377964037,logistic_regression,DoS log-odds,False,0,False
21,pilot_022,3db8cb1f1c9b57d4,structured,DoS,Benign,5,L4_SRC_PORT,16098,16098,True,True,True,44,0,0,logistic_regression,DoS log-odds,False,0,False
21,pilot_022,3db8cb1f1c9b57d4,structured,DoS,Benign,1,IN_PKTS,2,2,True,True,True,9,0.0147225684728,0.0147225684728,random_forest,DoS probability,False,0,False
21,pilot_022,3db8cb1f1c9b57d4,structured,DoS,Benign,2,IN_BYTES,612,612,True,True,True,24,0.00507858540819,0.00507858540819,random_forest,DoS probability,False,0,False
21,pilot_022,3db8cb1f1c9b57d4,structured,DoS,Benign,3,L4_DST_PORT,88,88,True,True,True,22,0.00560990417211,0.00560990417211,random_forest,DoS probability,False,0,False
21,pilot_022,3db8cb1f1c9b57d4,structured,DoS,Benign,4,PROTOCOL,17,17,True,True,True,30,0.00354629105224,0.00354629105224,random_forest,DoS probability,False,0,False
21,pilot_022,3db8cb1f1c9b57d4,structured,DoS,Benign,5,L4_SRC_PORT,16098,16098,True,True,True,35,0.00226046010229,0.00226046010229,random_forest,DoS probability,False,0,False
22,pilot_023,507c297aa7f16801,deterministic_text,DoS,Benign,1,IN_PKTS,10,10,True,True,True,18,0.0450082203023,0.0450082203023,logistic_regression,DoS log-odds,False,0,False
22,pilot_023,507c297aa7f16801,deterministic_text,DoS,Benign,2,IN_BYTES,618,618,True,True,True,35,-0.0065090302536,0.0065090302536,logistic_regression,DoS log-odds,False,0,False
22,pilot_023,507c297aa7f16801,deterministic_text,DoS,Benign,3,SRC_TO_DST_AVG_THROUGHPUT,12237,12237,True,True,True,13,0.0747094790303,0.0747094790303,logistic_regression,DoS log-odds,False,0,False
22,pilot_023,507c297aa7f16801,deterministic_text,DoS,Benign,4,FLOW_DURATION_MILLISECONDS,403,403,True,True,True,25,-0.0152005604848,0.0152005604848,logistic_regression,DoS log-odds,False,0,False
22,pilot_023,507c297aa7f16801,deterministic_text,DoS,Benign,5,L4_DST_PORT,179,179,True,True,True,19,0.0418676624104,0.0418676624104,logistic_regression,DoS log-odds,False,0,False
22,pilot_023,507c297aa7f16801,deterministic_text,DoS,Benign,1,IN_PKTS,10,10,True,True,True,21,0.00739805650121,0.00739805650121,random_forest,DoS probability,False,0,False
22,pilot_023,507c297aa7f16801,deterministic_text,DoS,Benign,2,IN_BYTES,618,618,True,True,True,29,0.0038411751776,0.0038411751776,random_forest,DoS probability,False,0,False
22,pilot_023,507c297aa7f16801,deterministic_text,DoS,Benign,3,SRC_TO_DST_AVG_THROUGHPUT,12237,12237,True,True,True,18,0.00787825094106,0.00787825094106,random_forest,DoS probability,False,0,False
22,pilot_023,507c297aa7f16801,deterministic_text,DoS,Benign,4,FLOW_DURATION_MILLISECONDS,403,403,True,True,True,26,0.00514711706852,0.00514711706852,random_forest,DoS probability,False,0,False
22,pilot_023,507c297aa7f16801,deterministic_text,DoS,Benign,5,L4_DST_PORT,179,179,True,True,True,30,0.00310218398712,0.00310218398712,random_forest,DoS probability,False,0,False
22,pilot_023,507c297aa7f16801,structured,DoS,Benign,1,IN_PKTS,10,10,True,True,True,18,0.0450082203023,0.0450082203023,logistic_regression,DoS log-odds,False,0,False
22,pilot_023,507c297aa7f16801,structured,DoS,Benign,2,SRC_TO_DST_AVG_THROUGHPUT,12237,12237,True,True,True,13,0.0747094790303,0.0747094790303,logistic_regression,DoS log-odds,False,0,False
22,pilot_023,507c297aa7f16801,structured,DoS,Benign,3,FLOW_DURATION_MILLISECONDS,403,403,True,True,True,25,-0.0152005604848,0.0152005604848,logistic_regression,DoS log-odds,False,0,False
22,pilot_023,507c297aa7f16801,structured,DoS,Benign,4,TCP_FLAGS,19,19,True,True,True,9,0.142077836137,0.142077836137,logistic_regression,DoS log-odds,False,0,False
22,pilot_023,507c297aa7f16801,structured,DoS,Benign,5,L4_DST_PORT,179,179,True,True,True,19,0.0418676624104,0.0418676624104,logistic_regression,DoS log-odds,False,0,False
22,pilot_023,507c297aa7f16801,structured,DoS,Benign,1,IN_PKTS,10,10,True,True,True,21,0.00739805650121,0.00739805650121,random_forest,DoS probability,False,0,False
22,pilot_023,507c297aa7f16801,structured,DoS,Benign,2,SRC_TO_DST_AVG_THROUGHPUT,12237,12237,True,True,True,18,0.00787825094106,0.00787825094106,random_forest,DoS probability,False,0,False
22,pilot_023,507c297aa7f16801,structured,DoS,Benign,3,FLOW_DURATION_MILLISECONDS,403,403,True,True,True,26,0.00514711706852,0.00514711706852,random_forest,DoS probability,False,0,False
22,pilot_023,507c297aa7f16801,structured,DoS,Benign,4,TCP_FLAGS,19,19,True,True,True,8,0.0187290467296,0.0187290467296,random_forest,DoS probability,False,0,False
22,pilot_023,507c297aa7f16801,structured,DoS,Benign,5,L4_DST_PORT,179,179,True,True,True,30,0.00310218398712,0.00310218398712,random_forest,DoS probability,False,0,False
23,pilot_024,ab417b6f53007161,deterministic_text,DoS,Benign,1,IN_BYTES,320,320,True,True,True,39,-0.00671341923307,0.00671341923307,logistic_regression,DoS log-odds,False,0,False
23,pilot_024,ab417b6f53007161,deterministic_text,DoS,Benign,2,NUM_PKTS_UP_TO_128_BYTES,14,14,True,True,True,17,0.0718183144626,0.0718183144626,logistic_regression,DoS log-odds,False,0,False
23,pilot_024,ab417b6f53007161,deterministic_text,DoS,Benign,3,FLOW_DURATION_MILLISECONDS,2497,2497,True,True,True,26,0.0288597212496,0.0288597212496,logistic_regression,DoS log-odds,False,0,False
23,pilot_024,ab417b6f53007161,deterministic_text,DoS,Benign,4,MAX_IP_PKT_LEN,40,40,True,True,True,7,0.28708020189,0.28708020189,logistic_regression,DoS log-odds,False,0,False
23,pilot_024,ab417b6f53007161,deterministic_text,DoS,Benign,5,MIN_TTL,254,254,True,True,True,4,1.26191100265,1.26191100265,logistic_regression,DoS log-odds,True,1.26191100265,True
23,pilot_024,ab417b6f53007161,deterministic_text,DoS,Benign,1,IN_BYTES,320,320,True,True,True,33,0.00220875567359,0.00220875567359,random_forest,DoS probability,False,0,False
23,pilot_024,ab417b6f53007161,deterministic_text,DoS,Benign,2,NUM_PKTS_UP_TO_128_BYTES,14,14,True,True,True,24,0.00651738231998,0.00651738231998,random_forest,DoS probability,False,0,False
23,pilot_024,ab417b6f53007161,deterministic_text,DoS,Benign,3,FLOW_DURATION_MILLISECONDS,2497,2497,True,True,True,23,0.00664953089785,0.00664953089785,random_forest,DoS probability,False,0,False
23,pilot_024,ab417b6f53007161,deterministic_text,DoS,Benign,4,MAX_IP_PKT_LEN,40,40,True,True,True,27,0.005789356704,0.005789356704,random_forest,DoS probability,False,0,False
23,pilot_024,ab417b6f53007161,deterministic_text,DoS,Benign,5,MIN_TTL,254,254,True,True,True,2,0.0474542874947,0.0474542874947,random_forest,DoS probability,True,0.0474542874947,True
23,pilot_024,ab417b6f53007161,structured,DoS,Benign,1,IN_PKTS,8,8,True,True,True,22,0.0480889968792,0.0480889968792,logistic_regression,DoS log-odds,False,0,False
23,pilot_024,ab417b6f53007161,structured,DoS,Benign,2,SRC_TO_DST_AVG_THROUGHPUT,1024,1024,True,True,True,16,0.0757793295228,0.0757793295228,logistic_regression,DoS log-odds,False,0,False
23,pilot_024,ab417b6f53007161,structured,DoS,Benign,3,TCP_FLAGS,19,19,True,True,True,13,0.142077836137,0.142077836137,logistic_regression,DoS log-odds,False,0,False
23,pilot_024,ab417b6f53007161,structured,DoS,Benign,4,FLOW_DURATION_MILLISECONDS,2497,2497,True,True,True,26,0.0288597212496,0.0288597212496,logistic_regression,DoS log-odds,False,0,False
23,pilot_024,ab417b6f53007161,structured,DoS,Benign,5,MAX_TTL,255,255,True,True,True,3,1.26484096363,1.26484096363,logistic_regression,DoS log-odds,True,1.26484096363,True
23,pilot_024,ab417b6f53007161,structured,DoS,Benign,1,IN_PKTS,8,8,True,True,True,20,0.00688363447996,0.00688363447996,random_forest,DoS probability,False,0,False
23,pilot_024,ab417b6f53007161,structured,DoS,Benign,2,SRC_TO_DST_AVG_THROUGHPUT,1024,1024,True,True,True,16,0.0102328659153,0.0102328659153,random_forest,DoS probability,False,0,False
23,pilot_024,ab417b6f53007161,structured,DoS,Benign,3,TCP_FLAGS,19,19,True,True,True,8,0.0181742025922,0.0181742025922,random_forest,DoS probability,False,0,False
23,pilot_024,ab417b6f53007161,structured,DoS,Benign,4,FLOW_DURATION_MILLISECONDS,2497,2497,True,True,True,23,0.00664953089785,0.00664953089785,random_forest,DoS probability,False,0,False
23,pilot_024,ab417b6f53007161,structured,DoS,Benign,5,MAX_TTL,255,255,True,True,True,3,0.0466764550117,0.0466764550117,random_forest,DoS probability,True,0.0466764550117,True
24,pilot_025,aa06cee0c43b57ed,deterministic_text,Benign,Benign,1,OUT_PKTS,18,18,True,True,True,35,-0.00369057019308,0.00369057019308,logistic_regression,DoS log-odds,False,0,False
24,pilot_025,aa06cee0c43b57ed,deterministic_text,Benign,Benign,2,IN_PKTS,14,14,True,True,True,23,0.0400638510565,0.0400638510565,logistic_regression,DoS log-odds,False,0,False
24,pilot_025,aa06cee0c43b57ed,deterministic_text,Benign,Benign,3,FLOW_DURATION_MILLISECONDS,1006,1006,True,True,True,40,-0.00201755083494,0.00201755083494,logistic_regression,DoS log-odds,False,0,False
24,pilot_025,aa06cee0c43b57ed,deterministic_text,Benign,Benign,4,L4_DST_PORT,80,80,True,True,True,6,0.585425249008,0.585425249008,logistic_regression,DoS log-odds,False,0,False
24,pilot_025,aa06cee0c43b57ed,deterministic_text,Benign,Benign,5,TCP_FLAGS,27,27,True,True,True,22,-0.0419704706546,0.0419704706546,logistic_regression,DoS log-odds,False,0,False
24,pilot_025,aa06cee0c43b57ed,deterministic_text,Benign,Benign,1,OUT_PKTS,18,18,True,True,True,10,-0.0146409740998,0.0146409740998,random_forest,DoS probability,False,0,False
24,pilot_025,aa06cee0c43b57ed,deterministic_text,Benign,Benign,2,IN_PKTS,14,14,True,True,True,11,-0.014502353269,0.014502353269,random_forest,DoS probability,False,0,False
24,pilot_025,aa06cee0c43b57ed,deterministic_text,Benign,Benign,3,FLOW_DURATION_MILLISECONDS,1006,1006,True,True,True,24,0.00614525711817,0.00614525711817,random_forest,DoS probability,False,0,False
24,pilot_025,aa06cee0c43b57ed,deterministic_text,Benign,Benign,4,L4_DST_PORT,80,80,True,True,True,33,0.00374657128769,0.00374657128769,random_forest,DoS probability,False,0,False
24,pilot_025,aa06cee0c43b57ed,deterministic_text,Benign,Benign,5,TCP_FLAGS,27,27,True,True,True,14,-0.0130590213154,0.0130590213154,random_forest,DoS probability,False,0,False
24,pilot_025,aa06cee0c43b57ed,structured,Benign,Benign,1,L4_DST_PORT,80,80,True,True,True,6,0.585425249008,0.585425249008,logistic_regression,DoS log-odds,False,0,False
24,pilot_025,aa06cee0c43b57ed,structured,Benign,Benign,2,L7_PROTO,7,7,True,True,True,5,0.64665738862,0.64665738862,logistic_regression,DoS log-odds,True,0.64665738862,True
24,pilot_025,aa06cee0c43b57ed,structured,Benign,Benign,3,FLOW_DURATION_MILLISECONDS,1006,1006,True,True,True,40,-0.00201755083494,0.00201755083494,logistic_regression,DoS log-odds,False,0,False
24,pilot_025,aa06cee0c43b57ed,structured,Benign,Benign,4,TCP_FLAGS,27,27,True,True,True,22,-0.0419704706546,0.0419704706546,logistic_regression,DoS log-odds,False,0,False
24,pilot_025,aa06cee0c43b57ed,structured,Benign,Benign,5,IN_BYTES,1684,1684,True,True,True,39,-0.00237340177782,0.00237340177782,logistic_regression,DoS log-odds,False,0,False
24,pilot_025,aa06cee0c43b57ed,structured,Benign,Benign,1,L4_DST_PORT,80,80,True,True,True,33,0.00374657128769,0.00374657128769,random_forest,DoS probability,False,0,False
24,pilot_025,aa06cee0c43b57ed,structured,Benign,Benign,2,L7_PROTO,7,7,True,True,True,25,0.00589468424473,0.00589468424473,random_forest,DoS probability,False,0,False
24,pilot_025,aa06cee0c43b57ed,structured,Benign,Benign,3,FLOW_DURATION_MILLISECONDS,1006,1006,True,True,True,24,0.00614525711817,0.00614525711817,random_forest,DoS probability,False,0,False
24,pilot_025,aa06cee0c43b57ed,structured,Benign,Benign,4,TCP_FLAGS,27,27,True,True,True,14,-0.0130590213154,0.0130590213154,random_forest,DoS probability,False,0,False
24,pilot_025,aa06cee0c43b57ed,structured,Benign,Benign,5,IN_BYTES,1684,1684,True,True,True,15,-0.0105793944444,0.0105793944444,random_forest,DoS probability,False,0,False
25,pilot_026,352660a53c3a2eff,deterministic_text,DoS,Benign,1,IN_PKTS,2,2,True,True,True,21,0.0475904620603,0.0475904620603,logistic_regression,DoS log-odds,False,0,False
25,pilot_026,352660a53c3a2eff,deterministic_text,DoS,Benign,2,IN_BYTES,104,104,True,True,True,41,-0.00243747607482,0.00243747607482,logistic_regression,DoS log-odds,False,0,False
25,pilot_026,352660a53c3a2eff,deterministic_text,DoS,Benign,3,OUT_PKTS,0,0,True,True,True,38,-0.00577477819909,0.00577477819909,logistic_regression,DoS log-odds,False,0,False
25,pilot_026,352660a53c3a2eff,deterministic_text,DoS,Benign,4,FLOW_DURATION_MILLISECONDS,0,0,True,True,True,25,-0.0246888382773,0.0246888382773,logistic_regression,DoS log-odds,False,0,False
25,pilot_026,352660a53c3a2eff,deterministic_text,DoS,Benign,5,PROTOCOL,17,17,True,True,True,11,-0.103185567771,0.103185567771,logistic_regression,DoS log-odds,False,0,False
25,pilot_026,352660a53c3a2eff,deterministic_text,DoS,Benign,1,IN_PKTS,2,2,True,True,True,10,0.017155433272,0.017155433272,random_forest,DoS probability,False,0,False
25,pilot_026,352660a53c3a2eff,deterministic_text,DoS,Benign,2,IN_BYTES,104,104,True,True,True,17,0.0113358073677,0.0113358073677,random_forest,DoS probability,False,0,False
25,pilot_026,352660a53c3a2eff,deterministic_text,DoS,Benign,3,OUT_PKTS,0,0,True,True,True,5,0.0339146434511,0.0339146434511,random_forest,DoS probability,True,0.0339146434511,True
25,pilot_026,352660a53c3a2eff,deterministic_text,DoS,Benign,4,FLOW_DURATION_MILLISECONDS,0,0,True,True,True,19,0.00826545452276,0.00826545452276,random_forest,DoS probability,False,0,False
25,pilot_026,352660a53c3a2eff,deterministic_text,DoS,Benign,5,PROTOCOL,17,17,True,True,True,44,1.77992955098e-05,1.77992955098e-05,random_forest,DoS probability,False,0,False
25,pilot_026,352660a53c3a2eff,structured,DoS,DoS,1,L4_DST_PORT,520,520,True,True,True,23,0.032681498707,0.032681498707,logistic_regression,DoS log-odds,False,0,False
25,pilot_026,352660a53c3a2eff,structured,DoS,DoS,2,OUT_PKTS,0,0,True,True,True,38,-0.00577477819909,0.00577477819909,logistic_regression,DoS log-odds,False,0,False
25,pilot_026,352660a53c3a2eff,structured,DoS,DoS,3,PROTOCOL,17,17,True,True,True,11,-0.103185567771,0.103185567771,logistic_regression,DoS log-odds,False,0,False
25,pilot_026,352660a53c3a2eff,structured,DoS,DoS,4,FLOW_DURATION_MILLISECONDS,0,0,True,True,True,25,-0.0246888382773,0.0246888382773,logistic_regression,DoS log-odds,False,0,False
25,pilot_026,352660a53c3a2eff,structured,DoS,DoS,5,MIN_TTL,254,254,True,True,True,2,1.33055043732,1.33055043732,logistic_regression,DoS log-odds,True,1.33055043732,True
25,pilot_026,352660a53c3a2eff,structured,DoS,DoS,1,L4_DST_PORT,520,520,True,True,True,14,0.0124894828115,0.0124894828115,random_forest,DoS probability,False,0,False
25,pilot_026,352660a53c3a2eff,structured,DoS,DoS,2,OUT_PKTS,0,0,True,True,True,5,0.0339146434511,0.0339146434511,random_forest,DoS probability,True,0.0339146434511,True
25,pilot_026,352660a53c3a2eff,structured,DoS,DoS,3,PROTOCOL,17,17,True,True,True,44,1.77992955098e-05,1.77992955098e-05,random_forest,DoS probability,False,0,False
25,pilot_026,352660a53c3a2eff,structured,DoS,DoS,4,FLOW_DURATION_MILLISECONDS,0,0,True,True,True,19,0.00826545452276,0.00826545452276,random_forest,DoS probability,False,0,False
25,pilot_026,352660a53c3a2eff,structured,DoS,DoS,5,MIN_TTL,254,254,True,True,True,3,0.061359908945,0.061359908945,random_forest,DoS probability,True,0.061359908945,True
26,pilot_027,d0726e592333cfab,deterministic_text,Benign,Benign,1,IN_PKTS,32,32,True,True,True,30,0.0120784299935,0.0120784299935,logistic_regression,DoS log-odds,False,0,False
26,pilot_027,d0726e592333cfab,deterministic_text,Benign,Benign,2,TCP_FLAGS,27,27,True,True,True,16,-0.0419704706546,0.0419704706546,logistic_regression,DoS log-odds,False,0,False
26,pilot_027,d0726e592333cfab,deterministic_text,Benign,Benign,3,L4_DST_PORT,22,22,True,True,True,17,-0.0342219605125,0.0342219605125,logistic_regression,DoS log-odds,False,0,False
26,pilot_027,d0726e592333cfab,deterministic_text,Benign,Benign,4,FLOW_DURATION_MILLISECONDS,145,145,True,True,True,23,-0.0252487279514,0.0252487279514,logistic_regression,DoS log-odds,False,0,False
26,pilot_027,d0726e592333cfab,deterministic_text,Benign,Benign,5,RETRANSMITTED_IN_PKTS,7,7,True,True,True,40,-0.00173282439134,0.00173282439134,logistic_regression,DoS log-odds,False,0,False
26,pilot_027,d0726e592333cfab,deterministic_text,Benign,Benign,1,IN_PKTS,32,32,True,True,True,11,-0.0142407013231,0.0142407013231,random_forest,DoS probability,False,0,False
26,pilot_027,d0726e592333cfab,deterministic_text,Benign,Benign,2,TCP_FLAGS,27,27,True,True,True,13,-0.0118175850911,0.0118175850911,random_forest,DoS probability,False,0,False
26,pilot_027,d0726e592333cfab,deterministic_text,Benign,Benign,3,L4_DST_PORT,22,22,True,True,True,30,-0.0028868146029,0.0028868146029,random_forest,DoS probability,False,0,False
26,pilot_027,d0726e592333cfab,deterministic_text,Benign,Benign,4,FLOW_DURATION_MILLISECONDS,145,145,True,True,True,24,-0.00572705750911,0.00572705750911,random_forest,DoS probability,False,0,False
26,pilot_027,d0726e592333cfab,deterministic_text,Benign,Benign,5,RETRANSMITTED_IN_PKTS,7,7,True,True,True,16,-0.0100157798683,0.0100157798683,random_forest,DoS probability,False,0,False
26,pilot_027,d0726e592333cfab,structured,Benign,Benign,1,FLOW_DURATION_MILLISECONDS,145,145,True,True,True,23,-0.0252487279514,0.0252487279514,logistic_regression,DoS log-odds,False,0,False
26,pilot_027,d0726e592333cfab,structured,Benign,Benign,2,L4_DST_PORT,22,22,True,True,True,17,-0.0342219605125,0.0342219605125,logistic_regression,DoS log-odds,False,0,False
26,pilot_027,d0726e592333cfab,structured,Benign,Benign,3,L4_SRC_PORT,12211,12211,True,True,True,44,0,0,logistic_regression,DoS log-odds,False,0,False
26,pilot_027,d0726e592333cfab,structured,Benign,Benign,4,IN_PKTS,32,32,True,True,True,30,0.0120784299935,0.0120784299935,logistic_regression,DoS log-odds,False,0,False
26,pilot_027,d0726e592333cfab,structured,Benign,Benign,5,RETRANSMITTED_IN_PKTS,7,7,True,True,True,40,-0.00173282439134,0.00173282439134,logistic_regression,DoS log-odds,False,0,False
26,pilot_027,d0726e592333cfab,structured,Benign,Benign,1,FLOW_DURATION_MILLISECONDS,145,145,True,True,True,24,-0.00572705750911,0.00572705750911,random_forest,DoS probability,False,0,False
26,pilot_027,d0726e592333cfab,structured,Benign,Benign,2,L4_DST_PORT,22,22,True,True,True,30,-0.0028868146029,0.0028868146029,random_forest,DoS probability,False,0,False
26,pilot_027,d0726e592333cfab,structured,Benign,Benign,3,L4_SRC_PORT,12211,12211,True,True,True,35,-0.000764427545001,0.000764427545001,random_forest,DoS probability,False,0,False
26,pilot_027,d0726e592333cfab,structured,Benign,Benign,4,IN_PKTS,32,32,True,True,True,11,-0.0142407013231,0.0142407013231,random_forest,DoS probability,False,0,False
26,pilot_027,d0726e592333cfab,structured,Benign,Benign,5,RETRANSMITTED_IN_PKTS,7,7,True,True,True,16,-0.0100157798683,0.0100157798683,random_forest,DoS probability,False,0,False
27,pilot_028,f0208631046ca05e,deterministic_text,Benign,DoS,1,FLOW_DURATION_MILLISECONDS,12,12,True,True,True,22,-0.0288372837662,0.0288372837662,logistic_regression,DoS log-odds,False,0,False
27,pilot_028,f0208631046ca05e,deterministic_text,Benign,DoS,2,DST_TO_SRC_AVG_THROUGHPUT,14078769,14078769,True,True,True,1,-1.90529971924,1.90529971924,logistic_regression,DoS log-odds,True,1.90529971924,True
27,pilot_028,f0208631046ca05e,deterministic_text,Benign,DoS,3,SRC_TO_DST_IAT_MAX,2,2,True,True,True,39,0.00130510697666,0.00130510697666,logistic_regression,DoS log-odds,False,0,False
27,pilot_028,f0208631046ca05e,deterministic_text,Benign,DoS,4,RETRANSMITTED_OUT_PKTS,13,13,True,True,True,34,-0.00441857572374,0.00441857572374,logistic_regression,DoS log-odds,False,0,False
27,pilot_028,f0208631046ca05e,deterministic_text,Benign,DoS,5,L4_DST_PORT,55121,55121,True,True,True,44,0,0,logistic_regression,DoS log-odds,False,0,False
27,pilot_028,f0208631046ca05e,deterministic_text,Benign,DoS,1,FLOW_DURATION_MILLISECONDS,12,12,True,True,True,18,-0.00919371592282,0.00919371592282,random_forest,DoS probability,False,0,False
27,pilot_028,f0208631046ca05e,deterministic_text,Benign,DoS,2,DST_TO_SRC_AVG_THROUGHPUT,14078769,14078769,True,True,True,6,-0.0259531929122,0.0259531929122,random_forest,DoS probability,False,0,False
27,pilot_028,f0208631046ca05e,deterministic_text,Benign,DoS,3,SRC_TO_DST_IAT_MAX,2,2,True,True,True,13,-0.0136209363606,0.0136209363606,random_forest,DoS probability,False,0,False
27,pilot_028,f0208631046ca05e,deterministic_text,Benign,DoS,4,RETRANSMITTED_OUT_PKTS,13,13,True,True,True,10,-0.0147295404619,0.0147295404619,random_forest,DoS probability,False,0,False
27,pilot_028,f0208631046ca05e,deterministic_text,Benign,DoS,5,L4_DST_PORT,55121,55121,True,True,True,32,-0.00265391493236,0.00265391493236,random_forest,DoS probability,False,0,False
27,pilot_028,f0208631046ca05e,structured,Benign,DoS,1,TCP_FLAGS,27,27,True,True,True,17,-0.0419704706546,0.0419704706546,logistic_regression,DoS log-odds,False,0,False
27,pilot_028,f0208631046ca05e,structured,Benign,DoS,2,RETRANSMITTED_OUT_PKTS,13,13,True,True,True,34,-0.00441857572374,0.00441857572374,logistic_regression,DoS log-odds,False,0,False
27,pilot_028,f0208631046ca05e,structured,Benign,DoS,3,FLOW_DURATION_MILLISECONDS,12,12,True,True,True,22,-0.0288372837662,0.0288372837662,logistic_regression,DoS log-odds,False,0,False
27,pilot_028,f0208631046ca05e,structured,Benign,DoS,4,DST_TO_SRC_AVG_THROUGHPUT,14078769,14078769,True,True,True,1,-1.90529971924,1.90529971924,logistic_regression,DoS log-odds,True,1.90529971924,True
27,pilot_028,f0208631046ca05e,structured,Benign,DoS,5,SRC_TO_DST_IAT_MAX,2,2,True,True,True,39,0.00130510697666,0.00130510697666,logistic_regression,DoS log-odds,False,0,False
27,pilot_028,f0208631046ca05e,structured,Benign,DoS,1,TCP_FLAGS,27,27,True,True,True,14,-0.0120200926914,0.0120200926914,random_forest,DoS probability,False,0,False
27,pilot_028,f0208631046ca05e,structured,Benign,DoS,2,RETRANSMITTED_OUT_PKTS,13,13,True,True,True,10,-0.0147295404619,0.0147295404619,random_forest,DoS probability,False,0,False
27,pilot_028,f0208631046ca05e,structured,Benign,DoS,3,FLOW_DURATION_MILLISECONDS,12,12,True,True,True,18,-0.00919371592282,0.00919371592282,random_forest,DoS probability,False,0,False
27,pilot_028,f0208631046ca05e,structured,Benign,DoS,4,DST_TO_SRC_AVG_THROUGHPUT,14078769,14078769,True,True,True,6,-0.0259531929122,0.0259531929122,random_forest,DoS probability,False,0,False
27,pilot_028,f0208631046ca05e,structured,Benign,DoS,5,SRC_TO_DST_IAT_MAX,2,2,True,True,True,13,-0.0136209363606,0.0136209363606,random_forest,DoS probability,False,0,False
28,pilot_029,39a2e8b52f6639c6,deterministic_text,DoS,Benign,1,L4_DST_PORT,80,80,True,True,True,3,0.585425249008,0.585425249008,logistic_regression,DoS log-odds,True,0.585425249008,True
28,pilot_029,39a2e8b52f6639c6,deterministic_text,DoS,Benign,2,IN_PKTS,10,10,True,True,True,16,0.046282833515,0.046282833515,logistic_regression,DoS log-odds,False,0,False
28,pilot_029,39a2e8b52f6639c6,deterministic_text,DoS,Benign,3,FLOW_DURATION_MILLISECONDS,461,461,True,True,True,23,-0.0167225351886,0.0167225351886,logistic_regression,DoS log-odds,False,0,False
28,pilot_029,39a2e8b52f6639c6,deterministic_text,DoS,Benign,4,TCP_FLAGS,27,27,True,True,True,18,-0.0419704706546,0.0419704706546,logistic_regression,DoS log-odds,False,0,False
28,pilot_029,39a2e8b52f6639c6,deterministic_text,DoS,Benign,5,NUM_PKTS_UP_TO_128_BYTES,14,14,True,True,True,14,0.0800245261795,0.0800245261795,logistic_regression,DoS log-odds,False,0,False
28,pilot_029,39a2e8b52f6639c6,deterministic_text,DoS,Benign,1,L4_DST_PORT,80,80,True,True,True,22,0.00747896537299,0.00747896537299,random_forest,DoS probability,False,0,False
28,pilot_029,39a2e8b52f6639c6,deterministic_text,DoS,Benign,2,IN_PKTS,10,10,True,True,True,20,0.00929351399555,0.00929351399555,random_forest,DoS probability,False,0,False
28,pilot_029,39a2e8b52f6639c6,deterministic_text,DoS,Benign,3,FLOW_DURATION_MILLISECONDS,461,461,True,True,True,14,0.0105905026129,0.0105905026129,random_forest,DoS probability,False,0,False
28,pilot_029,39a2e8b52f6639c6,deterministic_text,DoS,Benign,4,TCP_FLAGS,27,27,True,True,True,27,-0.00445041209747,0.00445041209747,random_forest,DoS probability,False,0,False
28,pilot_029,39a2e8b52f6639c6,deterministic_text,DoS,Benign,5,NUM_PKTS_UP_TO_128_BYTES,14,14,True,True,True,19,0.00954675149377,0.00954675149377,random_forest,DoS probability,False,0,False
28,pilot_029,39a2e8b52f6639c6,structured,DoS,Benign,1,L4_DST_PORT,80,80,True,True,True,3,0.585425249008,0.585425249008,logistic_regression,DoS log-odds,True,0.585425249008,True
28,pilot_029,39a2e8b52f6639c6,structured,DoS,Benign,2,IN_PKTS,10,10,True,True,True,16,0.046282833515,0.046282833515,logistic_regression,DoS log-odds,False,0,False
28,pilot_029,39a2e8b52f6639c6,structured,DoS,Benign,3,IN_BYTES,818,818,True,True,True,39,-0.00263073223861,0.00263073223861,logistic_regression,DoS log-odds,False,0,False
28,pilot_029,39a2e8b52f6639c6,structured,DoS,Benign,4,PROTOCOL,6,6,True,True,True,8,0.196542616991,0.196542616991,logistic_regression,DoS log-odds,False,0,False
28,pilot_029,39a2e8b52f6639c6,structured,DoS,Benign,5,FLOW_DURATION_MILLISECONDS,461,461,True,True,True,23,-0.0167225351886,0.0167225351886,logistic_regression,DoS log-odds,False,0,False
28,pilot_029,39a2e8b52f6639c6,structured,DoS,Benign,1,L4_DST_PORT,80,80,True,True,True,22,0.00747896537299,0.00747896537299,random_forest,DoS probability,False,0,False
28,pilot_029,39a2e8b52f6639c6,structured,DoS,Benign,2,IN_PKTS,10,10,True,True,True,20,0.00929351399555,0.00929351399555,random_forest,DoS probability,False,0,False
28,pilot_029,39a2e8b52f6639c6,structured,DoS,Benign,3,IN_BYTES,818,818,True,True,True,23,0.00721114238465,0.00721114238465,random_forest,DoS probability,False,0,False
28,pilot_029,39a2e8b52f6639c6,structured,DoS,Benign,4,PROTOCOL,6,6,True,True,True,39,0.00111624451614,0.00111624451614,random_forest,DoS probability,False,0,False
28,pilot_029,39a2e8b52f6639c6,structured,DoS,Benign,5,FLOW_DURATION_MILLISECONDS,461,461,True,True,True,14,0.0105905026129,0.0105905026129,random_forest,DoS probability,False,0,False
29,pilot_030,682bcb642cf7d0a3,deterministic_text,Benign,Benign,1,TCP_FLAGS,27,27,True,True,True,21,-0.0419704706546,0.0419704706546,logistic_regression,DoS log-odds,False,0,False
29,pilot_030,682bcb642cf7d0a3,deterministic_text,Benign,Benign,2,RETRANSMITTED_IN_PKTS,1,1,True,True,True,22,0.0290729425659,0.0290729425659,logistic_regression,DoS log-odds,False,0,False
29,pilot_030,682bcb642cf7d0a3,deterministic_text,Benign,Benign,3,IN_PKTS,6,6,True,True,True,20,0.0525018159734,0.0525018159734,logistic_regression,DoS log-odds,False,0,False
29,pilot_030,682bcb642cf7d0a3,deterministic_text,Benign,Benign,4,FLOW_DURATION_MILLISECONDS,46,46,True,True,True,23,-0.0279199085955,0.0279199085955,logistic_regression,DoS log-odds,False,0,False
29,pilot_030,682bcb642cf7d0a3,deterministic_text,Benign,Benign,5,SRC_TO_DST_AVG_THROUGHPUT,54468,54468,True,True,True,12,0.104406871852,0.104406871852,logistic_regression,DoS log-odds,False,0,False
29,pilot_030,682bcb642cf7d0a3,deterministic_text,Benign,Benign,1,TCP_FLAGS,27,27,True,True,True,15,-0.012388447457,0.012388447457,random_forest,DoS probability,False,0,False
29,pilot_030,682bcb642cf7d0a3,deterministic_text,Benign,Benign,2,RETRANSMITTED_IN_PKTS,1,1,True,True,True,26,0.00473690072715,0.00473690072715,random_forest,DoS probability,False,0,False
29,pilot_030,682bcb642cf7d0a3,deterministic_text,Benign,Benign,3,IN_PKTS,6,6,True,True,True,31,0.00263321595427,0.00263321595427,random_forest,DoS probability,False,0,False
29,pilot_030,682bcb642cf7d0a3,deterministic_text,Benign,Benign,4,FLOW_DURATION_MILLISECONDS,46,46,True,True,True,7,-0.0179262849404,0.0179262849404,random_forest,DoS probability,False,0,False
29,pilot_030,682bcb642cf7d0a3,deterministic_text,Benign,Benign,5,SRC_TO_DST_AVG_THROUGHPUT,54468,54468,True,True,True,19,-0.00793741231876,0.00793741231876,random_forest,DoS probability,False,0,False
29,pilot_030,682bcb642cf7d0a3,structured,Benign,Benign,1,IN_PKTS,6,6,True,True,True,20,0.0525018159734,0.0525018159734,logistic_regression,DoS log-odds,False,0,False
29,pilot_030,682bcb642cf7d0a3,structured,Benign,Benign,2,TCP_FLAGS,27,27,True,True,True,21,-0.0419704706546,0.0419704706546,logistic_regression,DoS log-odds,False,0,False
29,pilot_030,682bcb642cf7d0a3,structured,Benign,Benign,3,FLOW_DURATION_MILLISECONDS,46,46,True,True,True,23,-0.0279199085955,0.0279199085955,logistic_regression,DoS log-odds,False,0,False
29,pilot_030,682bcb642cf7d0a3,structured,Benign,Benign,4,IN_BYTES,320,320,True,True,True,39,-0.00277871211098,0.00277871211098,logistic_regression,DoS log-odds,False,0,False
29,pilot_030,682bcb642cf7d0a3,structured,Benign,Benign,5,CLIENT_TCP_FLAGS,19,19,True,True,True,17,0.0735611959982,0.0735611959982,logistic_regression,DoS log-odds,False,0,False
29,pilot_030,682bcb642cf7d0a3,structured,Benign,Benign,1,IN_PKTS,6,6,True,True,True,31,0.00263321595427,0.00263321595427,random_forest,DoS probability,False,0,False
29,pilot_030,682bcb642cf7d0a3,structured,Benign,Benign,2,TCP_FLAGS,27,27,True,True,True,15,-0.012388447457,0.012388447457,random_forest,DoS probability,False,0,False
29,pilot_030,682bcb642cf7d0a3,structured,Benign,Benign,3,FLOW_DURATION_MILLISECONDS,46,46,True,True,True,7,-0.0179262849404,0.0179262849404,random_forest,DoS probability,False,0,False
29,pilot_030,682bcb642cf7d0a3,structured,Benign,Benign,4,IN_BYTES,320,320,True,True,True,44,-5.57586020879e-05,5.57586020879e-05,random_forest,DoS probability,False,0,False
29,pilot_030,682bcb642cf7d0a3,structured,Benign,Benign,5,CLIENT_TCP_FLAGS,19,19,True,True,True,25,0.00559008600083,0.00559008600083,random_forest,DoS probability,False,0,False
30,pilot_031,0bf8eab5ef529c63,deterministic_text,Benign,DoS,1,RETRANSMITTED_OUT_PKTS,10,10,True,True,True,35,-0.00483649027496,0.00483649027496,logistic_regression,DoS log-odds,False,0,False
30,pilot_031,0bf8eab5ef529c63,deterministic_text,Benign,DoS,2,RETRANSMITTED_IN_PKTS,7,7,True,True,True,39,-0.00173282439134,0.00173282439134,logistic_regression,DoS log-odds,False,0,False
30,pilot_031,0bf8eab5ef529c63,deterministic_text,Benign,DoS,3,FLOW_DURATION_MILLISECONDS,18,18,True,True,True,21,-0.0286753940302,0.0286753940302,logistic_regression,DoS log-odds,False,0,False
30,pilot_031,0bf8eab5ef529c63,deterministic_text,Benign,DoS,4,SRC_TO_DST_IAT_MAX,3,3,True,True,True,40,0.00130113963394,0.00130113963394,logistic_regression,DoS log-odds,False,0,False
30,pilot_031,0bf8eab5ef529c63,deterministic_text,Benign,DoS,5,MIN_TTL,31,31,True,True,True,3,-0.722533200488,0.722533200488,logistic_regression,DoS log-odds,True,0.722533200488,True
30,pilot_031,0bf8eab5ef529c63,deterministic_text,Benign,DoS,1,RETRANSMITTED_OUT_PKTS,10,10,True,True,True,10,-0.0145699737114,0.0145699737114,random_forest,DoS probability,False,0,False
30,pilot_031,0bf8eab5ef529c63,deterministic_text,Benign,DoS,2,RETRANSMITTED_IN_PKTS,7,7,True,True,True,19,-0.00866729374103,0.00866729374103,random_forest,DoS probability,False,0,False
30,pilot_031,0bf8eab5ef529c63,deterministic_text,Benign,DoS,3,FLOW_DURATION_MILLISECONDS,18,18,True,True,True,18,-0.0092028278101,0.0092028278101,random_forest,DoS probability,False,0,False
30,pilot_031,0bf8eab5ef529c63,deterministic_text,Benign,DoS,4,SRC_TO_DST_IAT_MAX,3,3,True,True,True,13,-0.0134462778246,0.0134462778246,random_forest,DoS probability,False,0,False
30,pilot_031,0bf8eab5ef529c63,deterministic_text,Benign,DoS,5,MIN_TTL,31,31,True,True,True,3,-0.0459620909336,0.0459620909336,random_forest,DoS probability,True,0.0459620909336,True
30,pilot_031,0bf8eab5ef529c63,structured,Benign,DoS,1,TCP_FLAGS,27,27,True,True,True,18,-0.0419704706546,0.0419704706546,logistic_regression,DoS log-odds,False,0,False
30,pilot_031,0bf8eab5ef529c63,structured,Benign,DoS,2,FLOW_DURATION_MILLISECONDS,18,18,True,True,True,21,-0.0286753940302,0.0286753940302,logistic_regression,DoS log-odds,False,0,False
30,pilot_031,0bf8eab5ef529c63,structured,Benign,DoS,3,RETRANSMITTED_OUT_PKTS,10,10,True,True,True,35,-0.00483649027496,0.00483649027496,logistic_regression,DoS log-odds,False,0,False
30,pilot_031,0bf8eab5ef529c63,structured,Benign,DoS,4,RETRANSMITTED_IN_PKTS,7,7,True,True,True,39,-0.00173282439134,0.00173282439134,logistic_regression,DoS log-odds,False,0,False
30,pilot_031,0bf8eab5ef529c63,structured,Benign,DoS,5,DST_TO_SRC_AVG_THROUGHPUT,6424421,6424421,True,True,True,5,-0.709521239333,0.709521239333,logistic_regression,DoS log-odds,True,0.709521239333,True
30,pilot_031,0bf8eab5ef529c63,structured,Benign,DoS,1,TCP_FLAGS,27,27,True,True,True,14,-0.0121334849698,0.0121334849698,random_forest,DoS probability,False,0,False
30,pilot_031,0bf8eab5ef529c63,structured,Benign,DoS,2,FLOW_DURATION_MILLISECONDS,18,18,True,True,True,18,-0.0092028278101,0.0092028278101,random_forest,DoS probability,False,0,False
30,pilot_031,0bf8eab5ef529c63,structured,Benign,DoS,3,RETRANSMITTED_OUT_PKTS,10,10,True,True,True,10,-0.0145699737114,0.0145699737114,random_forest,DoS probability,False,0,False
30,pilot_031,0bf8eab5ef529c63,structured,Benign,DoS,4,RETRANSMITTED_IN_PKTS,7,7,True,True,True,19,-0.00866729374103,0.00866729374103,random_forest,DoS probability,False,0,False
30,pilot_031,0bf8eab5ef529c63,structured,Benign,DoS,5,DST_TO_SRC_AVG_THROUGHPUT,6424421,6424421,True,True,True,6,-0.0259523692482,0.0259523692482,random_forest,DoS probability,False,0,False
31,pilot_032,6447abe07ed932aa,deterministic_text,DoS,Benign,1,IN_PKTS,10,10,True,True,True,19,0.0450082203023,0.0450082203023,logistic_regression,DoS log-odds,False,0,False
31,pilot_032,6447abe07ed932aa,deterministic_text,DoS,Benign,2,IN_BYTES,788,788,True,True,True,35,-0.00639243251363,0.00639243251363,logistic_regression,DoS log-odds,False,0,False
31,pilot_032,6447abe07ed932aa,deterministic_text,DoS,Benign,3,L4_DST_PORT,80,80,True,True,True,3,0.617607513023,0.617607513023,logistic_regression,DoS log-odds,True,0.617607513023,True
31,pilot_032,6447abe07ed932aa,deterministic_text,DoS,Benign,4,FLOW_DURATION_MILLISECONDS,500,500,True,True,True,24,-0.013159563671,0.013159563671,logistic_regression,DoS log-odds,False,0,False
31,pilot_032,6447abe07ed932aa,deterministic_text,DoS,Benign,5,SRC_TO_DST_IAT_AVG,55,55,True,True,True,29,-0.00799732951578,0.00799732951578,logistic_regression,DoS log-odds,False,0,False
31,pilot_032,6447abe07ed932aa,deterministic_text,DoS,Benign,1,IN_PKTS,10,10,True,True,True,16,0.0102185591245,0.0102185591245,random_forest,DoS probability,False,0,False
31,pilot_032,6447abe07ed932aa,deterministic_text,DoS,Benign,2,IN_BYTES,788,788,True,True,True,17,0.00884451175234,0.00884451175234,random_forest,DoS probability,False,0,False
31,pilot_032,6447abe07ed932aa,deterministic_text,DoS,Benign,3,L4_DST_PORT,80,80,True,True,True,25,0.00647459551958,0.00647459551958,random_forest,DoS probability,False,0,False
31,pilot_032,6447abe07ed932aa,deterministic_text,DoS,Benign,4,FLOW_DURATION_MILLISECONDS,500,500,True,True,True,24,0.00674449628395,0.00674449628395,random_forest,DoS probability,False,0,False
31,pilot_032,6447abe07ed932aa,deterministic_text,DoS,Benign,5,SRC_TO_DST_IAT_AVG,55,55,True,True,True,9,0.0183687226531,0.0183687226531,random_forest,DoS probability,False,0,False
31,pilot_032,6447abe07ed932aa,structured,DoS,Benign,1,IN_PKTS,10,10,True,True,True,19,0.0450082203023,0.0450082203023,logistic_regression,DoS log-odds,False,0,False
31,pilot_032,6447abe07ed932aa,structured,DoS,Benign,2,SRC_TO_DST_AVG_THROUGHPUT,12582,12582,True,True,True,13,0.0746765620215,0.0746765620215,logistic_regression,DoS log-odds,False,0,False
31,pilot_032,6447abe07ed932aa,structured,DoS,Benign,3,L4_DST_PORT,80,80,True,True,True,3,0.617607513023,0.617607513023,logistic_regression,DoS log-odds,True,0.617607513023,True
31,pilot_032,6447abe07ed932aa,structured,DoS,Benign,4,TCP_FLAGS,27,27,True,True,True,34,-0.00674542768343,0.00674542768343,logistic_regression,DoS log-odds,False,0,False
31,pilot_032,6447abe07ed932aa,structured,DoS,Benign,5,FLOW_DURATION_MILLISECONDS,500,500,True,True,True,24,-0.013159563671,0.013159563671,logistic_regression,DoS log-odds,False,0,False
31,pilot_032,6447abe07ed932aa,structured,DoS,Benign,1,IN_PKTS,10,10,True,True,True,16,0.0102185591245,0.0102185591245,random_forest,DoS probability,False,0,False
31,pilot_032,6447abe07ed932aa,structured,DoS,Benign,2,SRC_TO_DST_AVG_THROUGHPUT,12582,12582,True,True,True,11,0.0124082593989,0.0124082593989,random_forest,DoS probability,False,0,False
31,pilot_032,6447abe07ed932aa,structured,DoS,Benign,3,L4_DST_PORT,80,80,True,True,True,25,0.00647459551958,0.00647459551958,random_forest,DoS probability,False,0,False
31,pilot_032,6447abe07ed932aa,structured,DoS,Benign,4,TCP_FLAGS,27,27,True,True,True,29,-0.00418765728145,0.00418765728145,random_forest,DoS probability,False,0,False
31,pilot_032,6447abe07ed932aa,structured,DoS,Benign,5,FLOW_DURATION_MILLISECONDS,500,500,True,True,True,24,0.00674449628395,0.00674449628395,random_forest,DoS probability,False,0,False
32,pilot_033,e2a559a2a074a291,deterministic_text,DoS,Benign,1,L4_DST_PORT,80,80,True,True,True,3,0.62786338834,0.62786338834,logistic_regression,DoS log-odds,True,0.62786338834,True
32,pilot_033,e2a559a2a074a291,deterministic_text,DoS,Benign,2,TCP_FLAGS,27,27,True,True,True,21,-0.064280133966,0.064280133966,logistic_regression,DoS log-odds,False,0,False
32,pilot_033,e2a559a2a074a291,deterministic_text,DoS,Benign,3,OUT_PKTS,170,170,True,True,True,7,-0.399205330455,0.399205330455,logistic_regression,DoS log-odds,False,0,False
32,pilot_033,e2a559a2a074a291,deterministic_text,DoS,Benign,4,FLOW_DURATION_MILLISECONDS,1073,1073,True,True,True,24,0.0557634981763,0.0557634981763,logistic_regression,DoS log-odds,False,0,False
32,pilot_033,e2a559a2a074a291,deterministic_text,DoS,Benign,5,IN_PKTS,34,34,True,True,True,18,-0.072350511502,0.072350511502,logistic_regression,DoS log-odds,False,0,False
32,pilot_033,e2a559a2a074a291,deterministic_text,DoS,Benign,1,L4_DST_PORT,80,80,True,True,True,28,0.00621958902146,0.00621958902146,random_forest,DoS probability,False,0,False
32,pilot_033,e2a559a2a074a291,deterministic_text,DoS,Benign,2,TCP_FLAGS,27,27,True,True,True,18,-0.010477346062,0.010477346062,random_forest,DoS probability,False,0,False
32,pilot_033,e2a559a2a074a291,deterministic_text,DoS,Benign,3,OUT_PKTS,170,170,True,True,True,7,-0.0254250472033,0.0254250472033,random_forest,DoS probability,False,0,False
32,pilot_033,e2a559a2a074a291,deterministic_text,DoS,Benign,4,FLOW_DURATION_MILLISECONDS,1073,1073,True,True,True,30,0.00527359342523,0.00527359342523,random_forest,DoS probability,False,0,False
32,pilot_033,e2a559a2a074a291,deterministic_text,DoS,Benign,5,IN_PKTS,34,34,True,True,True,11,-0.0169193637663,0.0169193637663,random_forest,DoS probability,False,0,False
32,pilot_033,e2a559a2a074a291,structured,DoS,Benign,1,L4_DST_PORT,80,80,True,True,True,3,0.62786338834,0.62786338834,logistic_regression,DoS log-odds,True,0.62786338834,True
32,pilot_033,e2a559a2a074a291,structured,DoS,Benign,2,IN_PKTS,34,34,True,True,True,18,-0.072350511502,0.072350511502,logistic_regression,DoS log-odds,False,0,False
32,pilot_033,e2a559a2a074a291,structured,DoS,Benign,3,FLOW_DURATION_MILLISECONDS,1073,1073,True,True,True,24,0.0557634981763,0.0557634981763,logistic_regression,DoS log-odds,False,0,False
32,pilot_033,e2a559a2a074a291,structured,DoS,Benign,4,TCP_FLAGS,27,27,True,True,True,21,-0.064280133966,0.064280133966,logistic_regression,DoS log-odds,False,0,False
32,pilot_033,e2a559a2a074a291,structured,DoS,Benign,5,RETRANSMITTED_OUT_PKTS,82,82,True,True,True,10,-0.218702521838,0.218702521838,logistic_regression,DoS log-odds,False,0,False
32,pilot_033,e2a559a2a074a291,structured,DoS,Benign,1,L4_DST_PORT,80,80,True,True,True,28,0.00621958902146,0.00621958902146,random_forest,DoS probability,False,0,False
32,pilot_033,e2a559a2a074a291,structured,DoS,Benign,2,IN_PKTS,34,34,True,True,True,11,-0.0169193637663,0.0169193637663,random_forest,DoS probability,False,0,False
32,pilot_033,e2a559a2a074a291,structured,DoS,Benign,3,FLOW_DURATION_MILLISECONDS,1073,1073,True,True,True,30,0.00527359342523,0.00527359342523,random_forest,DoS probability,False,0,False
32,pilot_033,e2a559a2a074a291,structured,DoS,Benign,4,TCP_FLAGS,27,27,True,True,True,18,-0.010477346062,0.010477346062,random_forest,DoS probability,False,0,False
32,pilot_033,e2a559a2a074a291,structured,DoS,Benign,5,RETRANSMITTED_OUT_PKTS,82,82,True,True,True,8,-0.0239998085324,0.0239998085324,random_forest,DoS probability,False,0,False
33,pilot_034,9ba7e1171a5176c4,deterministic_text,Benign,Benign,1,TCP_FLAGS,27,27,True,True,True,19,-0.064280133966,0.064280133966,logistic_regression,DoS log-odds,False,0,False
33,pilot_034,9ba7e1171a5176c4,deterministic_text,Benign,Benign,2,MAX_IP_PKT_LEN,1352,1352,True,True,True,8,-0.243538811475,0.243538811475,logistic_regression,DoS log-odds,False,0,False
33,pilot_034,9ba7e1171a5176c4,deterministic_text,Benign,Benign,3,FLOW_DURATION_MILLISECONDS,15,15,True,True,True,20,-0.0635550079009,0.0635550079009,logistic_regression,DoS log-odds,False,0,False
33,pilot_034,9ba7e1171a5176c4,deterministic_text,Benign,Benign,4,RETRANSMITTED_OUT_PKTS,11,11,True,True,True,35,-0.00590075326587,0.00590075326587,logistic_regression,DoS log-odds,False,0,False
33,pilot_034,9ba7e1171a5176c4,deterministic_text,Benign,Benign,5,MIN_TTL,31,31,True,True,True,4,-0.775487015134,0.775487015134,logistic_regression,DoS log-odds,True,0.775487015134,True
33,pilot_034,9ba7e1171a5176c4,deterministic_text,Benign,Benign,1,TCP_FLAGS,27,27,True,True,True,12,-0.0130038349168,0.0130038349168,random_forest,DoS probability,False,0,False
33,pilot_034,9ba7e1171a5176c4,deterministic_text,Benign,Benign,2,MAX_IP_PKT_LEN,1352,1352,True,True,True,27,-0.00533560938752,0.00533560938752,random_forest,DoS probability,False,0,False
33,pilot_034,9ba7e1171a5176c4,deterministic_text,Benign,Benign,3,FLOW_DURATION_MILLISECONDS,15,15,True,True,True,16,-0.00944312425903,0.00944312425903,random_forest,DoS probability,False,0,False
33,pilot_034,9ba7e1171a5176c4,deterministic_text,Benign,Benign,4,RETRANSMITTED_OUT_PKTS,11,11,True,True,True,10,-0.0151770084584,0.0151770084584,random_forest,DoS probability,False,0,False
33,pilot_034,9ba7e1171a5176c4,deterministic_text,Benign,Benign,5,MIN_TTL,31,31,True,True,True,1,-0.0573588844257,0.0573588844257,random_forest,DoS probability,True,0.0573588844257,True
33,pilot_034,9ba7e1171a5176c4,structured,Benign,DoS,1,TCP_FLAGS,27,27,True,True,True,19,-0.064280133966,0.064280133966,logistic_regression,DoS log-odds,False,0,False
33,pilot_034,9ba7e1171a5176c4,structured,Benign,DoS,2,FLOW_DURATION_MILLISECONDS,15,15,True,True,True,20,-0.0635550079009,0.0635550079009,logistic_regression,DoS log-odds,False,0,False
33,pilot_034,9ba7e1171a5176c4,structured,Benign,DoS,3,DST_TO_SRC_AVG_THROUGHPUT,8411000,8411000,True,True,True,1,-0.926988314771,0.926988314771,logistic_regression,DoS log-odds,True,0.926988314771,True
33,pilot_034,9ba7e1171a5176c4,structured,Benign,DoS,4,RETRANSMITTED_OUT_PKTS,11,11,True,True,True,35,-0.00590075326587,0.00590075326587,logistic_regression,DoS log-odds,False,0,False
33,pilot_034,9ba7e1171a5176c4,structured,Benign,DoS,5,L4_DST_PORT,19430,19430,True,True,True,44,0,0,logistic_regression,DoS log-odds,False,0,False
33,pilot_034,9ba7e1171a5176c4,structured,Benign,DoS,1,TCP_FLAGS,27,27,True,True,True,12,-0.0130038349168,0.0130038349168,random_forest,DoS probability,False,0,False
33,pilot_034,9ba7e1171a5176c4,structured,Benign,DoS,2,FLOW_DURATION_MILLISECONDS,15,15,True,True,True,16,-0.00944312425903,0.00944312425903,random_forest,DoS probability,False,0,False
33,pilot_034,9ba7e1171a5176c4,structured,Benign,DoS,3,DST_TO_SRC_AVG_THROUGHPUT,8411000,8411000,True,True,True,6,-0.0309586810276,0.0309586810276,random_forest,DoS probability,False,0,False
33,pilot_034,9ba7e1171a5176c4,structured,Benign,DoS,4,RETRANSMITTED_OUT_PKTS,11,11,True,True,True,10,-0.0151770084584,0.0151770084584,random_forest,DoS probability,False,0,False
33,pilot_034,9ba7e1171a5176c4,structured,Benign,DoS,5,L4_DST_PORT,19430,19430,True,True,True,31,-0.00321411777217,0.00321411777217,random_forest,DoS probability,False,0,False
34,pilot_035,6b7e4f5e45965491,deterministic_text,DoS,Benign,1,IN_PKTS,6,6,True,True,True,20,0.0525018159734,0.0525018159734,logistic_regression,DoS log-odds,False,0,False
34,pilot_035,6b7e4f5e45965491,deterministic_text,DoS,Benign,2,IN_BYTES,240,240,True,True,True,39,-0.00280248397803,0.00280248397803,logistic_regression,DoS log-odds,False,0,False
34,pilot_035,6b7e4f5e45965491,deterministic_text,DoS,Benign,3,L4_DST_PORT,80,80,True,True,True,5,0.585425249008,0.585425249008,logistic_regression,DoS log-odds,True,0.585425249008,True
34,pilot_035,6b7e4f5e45965491,deterministic_text,DoS,Benign,4,FLOW_DURATION_MILLISECONDS,123,123,True,True,True,25,-0.0258423236501,0.0258423236501,logistic_regression,DoS log-odds,False,0,False
34,pilot_035,6b7e4f5e45965491,deterministic_text,DoS,Benign,5,RETRANSMITTED_IN_PKTS,1,1,True,True,True,22,0.0290729425659,0.0290729425659,logistic_regression,DoS log-odds,False,0,False
34,pilot_035,6b7e4f5e45965491,deterministic_text,DoS,Benign,1,IN_PKTS,6,6,True,True,True,18,0.00915301137711,0.00915301137711,random_forest,DoS probability,False,0,False
34,pilot_035,6b7e4f5e45965491,deterministic_text,DoS,Benign,2,IN_BYTES,240,240,True,True,True,23,0.00637986082072,0.00637986082072,random_forest,DoS probability,False,0,False
34,pilot_035,6b7e4f5e45965491,deterministic_text,DoS,Benign,3,L4_DST_PORT,80,80,True,True,True,24,0.00637801925022,0.00637801925022,random_forest,DoS probability,False,0,False
34,pilot_035,6b7e4f5e45965491,deterministic_text,DoS,Benign,4,FLOW_DURATION_MILLISECONDS,123,123,True,True,True,22,-0.0070650177713,0.0070650177713,random_forest,DoS probability,False,0,False
34,pilot_035,6b7e4f5e45965491,deterministic_text,DoS,Benign,5,RETRANSMITTED_IN_PKTS,1,1,True,True,True,20,0.00863182820685,0.00863182820685,random_forest,DoS probability,False,0,False
34,pilot_035,6b7e4f5e45965491,structured,DoS,Benign,1,IN_PKTS,6,6,True,True,True,20,0.0525018159734,0.0525018159734,logistic_regression,DoS log-odds,False,0,False
34,pilot_035,6b7e4f5e45965491,structured,DoS,Benign,2,IN_BYTES,240,240,True,True,True,39,-0.00280248397803,0.00280248397803,logistic_regression,DoS log-odds,False,0,False
34,pilot_035,6b7e4f5e45965491,structured,DoS,Benign,3,SRC_TO_DST_AVG_THROUGHPUT,15483,15483,True,True,True,16,0.109556634609,0.109556634609,logistic_regression,DoS log-odds,False,0,False
34,pilot_035,6b7e4f5e45965491,structured,DoS,Benign,4,SRC_TO_DST_IAT_AVG,24,24,True,True,True,19,-0.0565940100084,0.0565940100084,logistic_regression,DoS log-odds,False,0,False
34,pilot_035,6b7e4f5e45965491,structured,DoS,Benign,5,L4_DST_PORT,80,80,True,True,True,5,0.585425249008,0.585425249008,logistic_regression,DoS log-odds,True,0.585425249008,True
34,pilot_035,6b7e4f5e45965491,structured,DoS,Benign,1,IN_PKTS,6,6,True,True,True,18,0.00915301137711,0.00915301137711,random_forest,DoS probability,False,0,False
34,pilot_035,6b7e4f5e45965491,structured,DoS,Benign,2,IN_BYTES,240,240,True,True,True,23,0.00637986082072,0.00637986082072,random_forest,DoS probability,False,0,False
34,pilot_035,6b7e4f5e45965491,structured,DoS,Benign,3,SRC_TO_DST_AVG_THROUGHPUT,15483,15483,True,True,True,14,0.0108294199079,0.0108294199079,random_forest,DoS probability,False,0,False
34,pilot_035,6b7e4f5e45965491,structured,DoS,Benign,4,SRC_TO_DST_IAT_AVG,24,24,True,True,True,11,0.0123930410304,0.0123930410304,random_forest,DoS probability,False,0,False
34,pilot_035,6b7e4f5e45965491,structured,DoS,Benign,5,L4_DST_PORT,80,80,True,True,True,24,0.00637801925022,0.00637801925022,random_forest,DoS probability,False,0,False
35,pilot_036,ab7f02e08f0e1fef,deterministic_text,DoS,DoS,1,ICMP_IPV4_TYPE,144,144,True,True,True,44,0,0,logistic_regression,DoS log-odds,False,0,False
35,pilot_036,ab7f02e08f0e1fef,deterministic_text,DoS,DoS,2,RETRANSMITTED_IN_PKTS,13,13,True,True,True,18,-0.0321871405849,0.0321871405849,logistic_regression,DoS log-odds,False,0,False
35,pilot_036,ab7f02e08f0e1fef,deterministic_text,DoS,DoS,3,L4_DST_PORT,179,179,True,True,True,20,0.0265581575031,0.0265581575031,logistic_regression,DoS log-odds,False,0,False
35,pilot_036,ab7f02e08f0e1fef,deterministic_text,DoS,DoS,4,SRC_TO_DST_AVG_THROUGHPUT,196602,196602,True,True,True,15,0.0627511537291,0.0627511537291,logistic_regression,DoS log-odds,False,0,False
35,pilot_036,ab7f02e08f0e1fef,deterministic_text,DoS,DoS,5,SRC_TO_DST_IAT_STDDEV,91,91,True,True,True,35,-0.00470377469413,0.00470377469413,logistic_regression,DoS log-odds,False,0,False
35,pilot_036,ab7f02e08f0e1fef,deterministic_text,DoS,DoS,1,ICMP_IPV4_TYPE,144,144,True,True,True,36,0.00152162303133,0.00152162303133,random_forest,DoS probability,False,0,False
35,pilot_036,ab7f02e08f0e1fef,deterministic_text,DoS,DoS,2,RETRANSMITTED_IN_PKTS,13,13,True,True,True,30,-0.00340699801951,0.00340699801951,random_forest,DoS probability,False,0,False
35,pilot_036,ab7f02e08f0e1fef,deterministic_text,DoS,DoS,3,L4_DST_PORT,179,179,True,True,True,26,0.00439684917371,0.00439684917371,random_forest,DoS probability,False,0,False
35,pilot_036,ab7f02e08f0e1fef,deterministic_text,DoS,DoS,4,SRC_TO_DST_AVG_THROUGHPUT,196602,196602,True,True,True,21,-0.00723737245976,0.00723737245976,random_forest,DoS probability,False,0,False
35,pilot_036,ab7f02e08f0e1fef,deterministic_text,DoS,DoS,5,SRC_TO_DST_IAT_STDDEV,91,91,True,True,True,12,0.0142184163333,0.0142184163333,random_forest,DoS probability,False,0,False
35,pilot_036,ab7f02e08f0e1fef,structured,DoS,DoS,1,RETRANSMITTED_IN_PKTS,13,13,True,True,True,18,-0.0321871405849,0.0321871405849,logistic_regression,DoS log-odds,False,0,False
35,pilot_036,ab7f02e08f0e1fef,structured,DoS,DoS,2,RETRANSMITTED_IN_BYTES,12688,12688,True,True,True,33,0.00633278014868,0.00633278014868,logistic_regression,DoS log-odds,False,0,False
35,pilot_036,ab7f02e08f0e1fef,structured,DoS,DoS,3,TCP_FLAGS,19,19,True,True,True,10,0.153522978217,0.153522978217,logistic_regression,DoS log-odds,False,0,False
35,pilot_036,ab7f02e08f0e1fef,structured,DoS,DoS,4,IN_PKTS,32,32,True,True,True,36,0.0045770550451,0.0045770550451,logistic_regression,DoS log-odds,False,0,False
35,pilot_036,ab7f02e08f0e1fef,structured,DoS,DoS,5,L4_DST_PORT,179,179,True,True,True,20,0.0265581575031,0.0265581575031,logistic_regression,DoS log-odds,False,0,False
35,pilot_036,ab7f02e08f0e1fef,structured,DoS,DoS,1,RETRANSMITTED_IN_PKTS,13,13,True,True,True,30,-0.00340699801951,0.00340699801951,random_forest,DoS probability,False,0,False
35,pilot_036,ab7f02e08f0e1fef,structured,DoS,DoS,2,RETRANSMITTED_IN_BYTES,12688,12688,True,True,True,29,-0.00349795099913,0.00349795099913,random_forest,DoS probability,False,0,False
35,pilot_036,ab7f02e08f0e1fef,structured,DoS,DoS,3,TCP_FLAGS,19,19,True,True,True,8,0.0244639586409,0.0244639586409,random_forest,DoS probability,False,0,False
35,pilot_036,ab7f02e08f0e1fef,structured,DoS,DoS,4,IN_PKTS,32,32,True,True,True,23,-0.00628713292645,0.00628713292645,random_forest,DoS probability,False,0,False
35,pilot_036,ab7f02e08f0e1fef,structured,DoS,DoS,5,L4_DST_PORT,179,179,True,True,True,26,0.00439684917371,0.00439684917371,random_forest,DoS probability,False,0,False
36,pilot_037,d2478c799b931d0e,deterministic_text,DoS,Benign,1,IN_PKTS,4,4,True,True,True,14,0.147448510783,0.147448510783,logistic_regression,DoS log-odds,False,0,False
36,pilot_037,d2478c799b931d0e,deterministic_text,DoS,Benign,2,IN_BYTES,160,160,True,True,True,39,-0.00145056111476,0.00145056111476,logistic_regression,DoS log-odds,False,0,False
36,pilot_037,d2478c799b931d0e,deterministic_text,DoS,Benign,3,SRC_TO_DST_AVG_THROUGHPUT,3832,3832,True,True,True,27,0.0249655470347,0.0249655470347,logistic_regression,DoS log-odds,False,0,False
36,pilot_037,d2478c799b931d0e,deterministic_text,DoS,Benign,4,L4_DST_PORT,8089,8089,True,True,True,35,0.00477951154332,0.00477951154332,logistic_regression,DoS log-odds,False,0,False
36,pilot_037,d2478c799b931d0e,deterministic_text,DoS,Benign,5,TCP_FLAGS,18,18,True,True,True,11,0.170486620687,0.170486620687,logistic_regression,DoS log-odds,False,0,False
36,pilot_037,d2478c799b931d0e,deterministic_text,DoS,Benign,1,IN_PKTS,4,4,True,True,True,16,0.0111288811494,0.0111288811494,random_forest,DoS probability,False,0,False
36,pilot_037,d2478c799b931d0e,deterministic_text,DoS,Benign,2,IN_BYTES,160,160,True,True,True,27,0.00570531928175,0.00570531928175,random_forest,DoS probability,False,0,False
36,pilot_037,d2478c799b931d0e,deterministic_text,DoS,Benign,3,SRC_TO_DST_AVG_THROUGHPUT,3832,3832,True,True,True,11,0.0125198795222,0.0125198795222,random_forest,DoS probability,False,0,False
36,pilot_037,d2478c799b931d0e,deterministic_text,DoS,Benign,4,L4_DST_PORT,8089,8089,True,True,True,37,0.00172663429339,0.00172663429339,random_forest,DoS probability,False,0,False
36,pilot_037,d2478c799b931d0e,deterministic_text,DoS,Benign,5,TCP_FLAGS,18,18,True,True,True,19,0.00897276682917,0.00897276682917,random_forest,DoS probability,False,0,False
36,pilot_037,d2478c799b931d0e,structured,DoS,Benign,1,IN_PKTS,4,4,True,True,True,14,0.147448510783,0.147448510783,logistic_regression,DoS log-odds,False,0,False
36,pilot_037,d2478c799b931d0e,structured,DoS,Benign,2,IN_BYTES,160,160,True,True,True,39,-0.00145056111476,0.00145056111476,logistic_regression,DoS log-odds,False,0,False
36,pilot_037,d2478c799b931d0e,structured,DoS,Benign,3,TCP_FLAGS,18,18,True,True,True,11,0.170486620687,0.170486620687,logistic_regression,DoS log-odds,False,0,False
36,pilot_037,d2478c799b931d0e,structured,DoS,Benign,4,FLOW_DURATION_MILLISECONDS,333,333,True,True,True,25,-0.0276917896282,0.0276917896282,logistic_regression,DoS log-odds,False,0,False
36,pilot_037,d2478c799b931d0e,structured,DoS,Benign,5,RETRANSMITTED_IN_PKTS,1,1,True,True,True,21,0.0824169987936,0.0824169987936,logistic_regression,DoS log-odds,False,0,False
36,pilot_037,d2478c799b931d0e,structured,DoS,Benign,1,IN_PKTS,4,4,True,True,True,16,0.0111288811494,0.0111288811494,random_forest,DoS probability,False,0,False
36,pilot_037,d2478c799b931d0e,structured,DoS,Benign,2,IN_BYTES,160,160,True,True,True,27,0.00570531928175,0.00570531928175,random_forest,DoS probability,False,0,False
36,pilot_037,d2478c799b931d0e,structured,DoS,Benign,3,TCP_FLAGS,18,18,True,True,True,19,0.00897276682917,0.00897276682917,random_forest,DoS probability,False,0,False
36,pilot_037,d2478c799b931d0e,structured,DoS,Benign,4,FLOW_DURATION_MILLISECONDS,333,333,True,True,True,25,0.00654174284995,0.00654174284995,random_forest,DoS probability,False,0,False
36,pilot_037,d2478c799b931d0e,structured,DoS,Benign,5,RETRANSMITTED_IN_PKTS,1,1,True,True,True,24,0.00665215931738,0.00665215931738,random_forest,DoS probability,False,0,False
37,pilot_038,fec36fabde9788ba,deterministic_text,Benign,Benign,1,OUT_PKTS,4,4,True,True,True,37,-0.0043235623242,0.0043235623242,logistic_regression,DoS log-odds,False,0,False
37,pilot_038,fec36fabde9788ba,deterministic_text,Benign,Benign,2,IN_PKTS,4,4,True,True,True,23,0.0556113072027,0.0556113072027,logistic_regression,DoS log-odds,False,0,False
37,pilot_038,fec36fabde9788ba,deterministic_text,Benign,Benign,3,FLOW_DURATION_MILLISECONDS,1,1,True,True,True,25,-0.0291340816155,0.0291340816155,logistic_regression,DoS log-odds,False,0,False
37,pilot_038,fec36fabde9788ba,deterministic_text,Benign,Benign,4,MIN_TTL,31,31,True,True,True,2,-0.722533200488,0.722533200488,logistic_regression,DoS log-odds,True,0.722533200488,True
37,pilot_038,fec36fabde9788ba,deterministic_text,Benign,Benign,5,IN_BYTES,528,528,True,True,True,40,-0.00271690525666,0.00271690525666,logistic_regression,DoS log-odds,False,0,False
37,pilot_038,fec36fabde9788ba,deterministic_text,Benign,Benign,1,OUT_PKTS,4,4,True,True,True,31,-0.00237447823923,0.00237447823923,random_forest,DoS probability,False,0,False
37,pilot_038,fec36fabde9788ba,deterministic_text,Benign,Benign,2,IN_PKTS,4,4,True,True,True,43,0.000183400064511,0.000183400064511,random_forest,DoS probability,False,0,False
37,pilot_038,fec36fabde9788ba,deterministic_text,Benign,Benign,3,FLOW_DURATION_MILLISECONDS,1,1,True,True,True,10,-0.015127461091,0.015127461091,random_forest,DoS probability,False,0,False
37,pilot_038,fec36fabde9788ba,deterministic_text,Benign,Benign,4,MIN_TTL,31,31,True,True,True,3,-0.0628918283636,0.0628918283636,random_forest,DoS probability,True,0.0628918283636,True
37,pilot_038,fec36fabde9788ba,deterministic_text,Benign,Benign,5,IN_BYTES,528,528,True,True,True,29,-0.00285213014612,0.00285213014612,random_forest,DoS probability,False,0,False
37,pilot_038,fec36fabde9788ba,structured,Benign,Benign,1,IN_PKTS,4,4,True,True,True,23,0.0556113072027,0.0556113072027,logistic_regression,DoS log-odds,False,0,False
37,pilot_038,fec36fabde9788ba,structured,Benign,Benign,2,OUT_PKTS,4,4,True,True,True,37,-0.0043235623242,0.0043235623242,logistic_regression,DoS log-odds,False,0,False
37,pilot_038,fec36fabde9788ba,structured,Benign,Benign,3,PROTOCOL,17,17,True,True,True,16,-0.11223939485,0.11223939485,logistic_regression,DoS log-odds,False,0,False
37,pilot_038,fec36fabde9788ba,structured,Benign,Benign,4,IN_BYTES,528,528,True,True,True,40,-0.00271690525666,0.00271690525666,logistic_regression,DoS log-odds,False,0,False
37,pilot_038,fec36fabde9788ba,structured,Benign,Benign,5,FLOW_DURATION_MILLISECONDS,1,1,True,True,True,25,-0.0291340816155,0.0291340816155,logistic_regression,DoS log-odds,False,0,False
37,pilot_038,fec36fabde9788ba,structured,Benign,Benign,1,IN_PKTS,4,4,True,True,True,43,0.000183400064511,0.000183400064511,random_forest,DoS probability,False,0,False
37,pilot_038,fec36fabde9788ba,structured,Benign,Benign,2,OUT_PKTS,4,4,True,True,True,31,-0.00237447823923,0.00237447823923,random_forest,DoS probability,False,0,False
37,pilot_038,fec36fabde9788ba,structured,Benign,Benign,3,PROTOCOL,17,17,True,True,True,27,-0.00369043734234,0.00369043734234,random_forest,DoS probability,False,0,False
37,pilot_038,fec36fabde9788ba,structured,Benign,Benign,4,IN_BYTES,528,528,True,True,True,29,-0.00285213014612,0.00285213014612,random_forest,DoS probability,False,0,False
37,pilot_038,fec36fabde9788ba,structured,Benign,Benign,5,FLOW_DURATION_MILLISECONDS,1,1,True,True,True,10,-0.015127461091,0.015127461091,random_forest,DoS probability,False,0,False
38,pilot_039,b606865f45086232,deterministic_text,DoS,Benign,1,IN_PKTS,10,10,True,True,True,21,0.0450082203023,0.0450082203023,logistic_regression,DoS log-odds,False,0,False
38,pilot_039,b606865f45086232,deterministic_text,DoS,Benign,2,OUT_PKTS,10,10,True,True,True,35,-0.00547081199285,0.00547081199285,logistic_regression,DoS log-odds,False,0,False
38,pilot_039,b606865f45086232,deterministic_text,DoS,Benign,3,FLOW_DURATION_MILLISECONDS,1067,1067,True,True,True,40,-0.00122920085175,0.00122920085175,logistic_regression,DoS log-odds,False,0,False
38,pilot_039,b606865f45086232,deterministic_text,DoS,Benign,4,MIN_TTL,62,62,True,True,True,4,-0.46500925757,0.46500925757,logistic_regression,DoS log-odds,True,0.46500925757,True
38,pilot_039,b606865f45086232,deterministic_text,DoS,Benign,5,L4_DST_PORT,80,80,True,True,True,3,0.617607513023,0.617607513023,logistic_regression,DoS log-odds,True,0.617607513023,True
38,pilot_039,b606865f45086232,deterministic_text,DoS,Benign,1,IN_PKTS,10,10,True,True,True,16,0.0102923813351,0.0102923813351,random_forest,DoS probability,False,0,False
38,pilot_039,b606865f45086232,deterministic_text,DoS,Benign,2,OUT_PKTS,10,10,True,True,True,20,0.00936754706271,0.00936754706271,random_forest,DoS probability,False,0,False
38,pilot_039,b606865f45086232,deterministic_text,DoS,Benign,3,FLOW_DURATION_MILLISECONDS,1067,1067,True,True,True,25,0.00727957611598,0.00727957611598,random_forest,DoS probability,False,0,False
38,pilot_039,b606865f45086232,deterministic_text,DoS,Benign,4,MIN_TTL,62,62,True,True,True,5,0.0490336287052,0.0490336287052,random_forest,DoS probability,True,0.0490336287052,True
38,pilot_039,b606865f45086232,deterministic_text,DoS,Benign,5,L4_DST_PORT,80,80,True,True,True,27,0.00639474744895,0.00639474744895,random_forest,DoS probability,False,0,False
38,pilot_039,b606865f45086232,structured,DoS,Benign,1,L4_DST_PORT,80,80,True,True,True,3,0.617607513023,0.617607513023,logistic_regression,DoS log-odds,True,0.617607513023,True
38,pilot_039,b606865f45086232,structured,DoS,Benign,2,TCP_FLAGS,27,27,True,True,True,33,-0.00674542768343,0.00674542768343,logistic_regression,DoS log-odds,False,0,False
38,pilot_039,b606865f45086232,structured,DoS,Benign,3,IN_PKTS,10,10,True,True,True,21,0.0450082203023,0.0450082203023,logistic_regression,DoS log-odds,False,0,False
38,pilot_039,b606865f45086232,structured,DoS,Benign,4,FLOW_DURATION_MILLISECONDS,1067,1067,True,True,True,40,-0.00122920085175,0.00122920085175,logistic_regression,DoS log-odds,False,0,False
38,pilot_039,b606865f45086232,structured,DoS,Benign,5,SRC_TO_DST_IAT_AVG,118,118,True,True,True,36,0.00510196874861,0.00510196874861,logistic_regression,DoS log-odds,False,0,False
38,pilot_039,b606865f45086232,structured,DoS,Benign,1,L4_DST_PORT,80,80,True,True,True,27,0.00639474744895,0.00639474744895,random_forest,DoS probability,False,0,False
38,pilot_039,b606865f45086232,structured,DoS,Benign,2,TCP_FLAGS,27,27,True,True,True,29,-0.00533966300636,0.00533966300636,random_forest,DoS probability,False,0,False
38,pilot_039,b606865f45086232,structured,DoS,Benign,3,IN_PKTS,10,10,True,True,True,16,0.0102923813351,0.0102923813351,random_forest,DoS probability,False,0,False
38,pilot_039,b606865f45086232,structured,DoS,Benign,4,FLOW_DURATION_MILLISECONDS,1067,1067,True,True,True,25,0.00727957611598,0.00727957611598,random_forest,DoS probability,False,0,False
38,pilot_039,b606865f45086232,structured,DoS,Benign,5,SRC_TO_DST_IAT_AVG,118,118,True,True,True,7,0.0229968215653,0.0229968215653,random_forest,DoS probability,False,0,False
39,pilot_040,3b0b8b866bea6faa,deterministic_text,Benign,DoS,1,RETRANSMITTED_OUT_PKTS,389,389,True,True,True,26,0.0591094548239,0.0591094548239,logistic_regression,DoS log-odds,False,0,False
39,pilot_040,3b0b8b866bea6faa,deterministic_text,Benign,DoS,2,RETRANSMITTED_OUT_BYTES,545310,545310,True,True,True,22,0.0722285314617,0.0722285314617,logistic_regression,DoS log-odds,False,0,False
39,pilot_040,3b0b8b866bea6faa,deterministic_text,Benign,DoS,3,L7_PROTO,37,37,True,True,True,6,-0.753043918351,0.753043918351,logistic_regression,DoS log-odds,False,0,False
39,pilot_040,3b0b8b866bea6faa,deterministic_text,Benign,DoS,4,RETRANSMITTED_IN_PKTS,38,38,True,True,True,15,-0.161178162932,0.161178162932,logistic_regression,DoS log-odds,False,0,False
39,pilot_040,3b0b8b866bea6faa,deterministic_text,Benign,DoS,5,DST_TO_SRC_AVG_THROUGHPUT,2257294,2257294,True,True,True,21,-0.0729180625156,0.0729180625156,logistic_regression,DoS log-odds,False,0,False
39,pilot_040,3b0b8b866bea6faa,deterministic_text,Benign,DoS,1,RETRANSMITTED_OUT_PKTS,389,389,True,True,True,11,-0.0120794311501,0.0120794311501,random_forest,DoS probability,False,0,False
39,pilot_040,3b0b8b866bea6faa,deterministic_text,Benign,DoS,2,RETRANSMITTED_OUT_BYTES,545310,545310,True,True,True,20,-0.00904996624115,0.00904996624115,random_forest,DoS probability,False,0,False
39,pilot_040,3b0b8b866bea6faa,deterministic_text,Benign,DoS,3,L7_PROTO,37,37,True,True,True,6,-0.0273255320185,0.0273255320185,random_forest,DoS probability,False,0,False
39,pilot_040,3b0b8b866bea6faa,deterministic_text,Benign,DoS,4,RETRANSMITTED_IN_PKTS,38,38,True,True,True,25,-0.00623746914629,0.00623746914629,random_forest,DoS probability,False,0,False
39,pilot_040,3b0b8b866bea6faa,deterministic_text,Benign,DoS,5,DST_TO_SRC_AVG_THROUGHPUT,2257294,2257294,True,True,True,7,-0.021025162577,0.021025162577,random_forest,DoS probability,False,0,False
39,pilot_040,3b0b8b866bea6faa,structured,Benign,DoS,1,RETRANSMITTED_OUT_BYTES,545310,545310,True,True,True,22,0.0722285314617,0.0722285314617,logistic_regression,DoS log-odds,False,0,False
39,pilot_040,3b0b8b866bea6faa,structured,Benign,DoS,2,RETRANSMITTED_OUT_PKTS,389,389,True,True,True,26,0.0591094548239,0.0591094548239,logistic_regression,DoS log-odds,False,0,False
39,pilot_040,3b0b8b866bea6faa,structured,Benign,DoS,3,DST_TO_SRC_AVG_THROUGHPUT,2257294,2257294,True,True,True,21,-0.0729180625156,0.0729180625156,logistic_regression,DoS log-odds,False,0,False
39,pilot_040,3b0b8b866bea6faa,structured,Benign,DoS,4,OUT_BYTES,1094788,1094788,True,True,True,23,0.0719915654926,0.0719915654926,logistic_regression,DoS log-odds,False,0,False
39,pilot_040,3b0b8b866bea6faa,structured,Benign,DoS,5,DST_TO_SRC_IAT_AVG,4,4,True,True,True,12,-0.329983512342,0.329983512342,logistic_regression,DoS log-odds,False,0,False
39,pilot_040,3b0b8b866bea6faa,structured,Benign,DoS,1,RETRANSMITTED_OUT_BYTES,545310,545310,True,True,True,20,-0.00904996624115,0.00904996624115,random_forest,DoS probability,False,0,False
39,pilot_040,3b0b8b866bea6faa,structured,Benign,DoS,2,RETRANSMITTED_OUT_PKTS,389,389,True,True,True,11,-0.0120794311501,0.0120794311501,random_forest,DoS probability,False,0,False
39,pilot_040,3b0b8b866bea6faa,structured,Benign,DoS,3,DST_TO_SRC_AVG_THROUGHPUT,2257294,2257294,True,True,True,7,-0.021025162577,0.021025162577,random_forest,DoS probability,False,0,False
39,pilot_040,3b0b8b866bea6faa,structured,Benign,DoS,4,OUT_BYTES,1094788,1094788,True,True,True,23,-0.00627658972682,0.00627658972682,random_forest,DoS probability,False,0,False
39,pilot_040,3b0b8b866bea6faa,structured,Benign,DoS,5,DST_TO_SRC_IAT_AVG,4,4,True,True,True,26,-0.00577346645422,0.00577346645422,random_forest,DoS probability,False,0,False
40,pilot_041,08cfc98d7bc3aa35,deterministic_text,Benign,Benign,1,TCP_FLAGS,27,27,True,True,True,22,-0.0419704706546,0.0419704706546,logistic_regression,DoS log-odds,False,0,False
40,pilot_041,08cfc98d7bc3aa35,deterministic_text,Benign,Benign,2,OUT_PKTS,12,12,True,True,True,38,-0.00396185253499,0.00396185253499,logistic_regression,DoS log-odds,False,0,False
40,pilot_041,08cfc98d7bc3aa35,deterministic_text,Benign,Benign,3,IN_BYTES,424,424,True,True,True,40,-0.00274780868382,0.00274780868382,logistic_regression,DoS log-odds,False,0,False
40,pilot_041,08cfc98d7bc3aa35,deterministic_text,Benign,Benign,4,FLOW_DURATION_MILLISECONDS,223,223,True,True,True,25,-0.0231441613834,0.0231441613834,logistic_regression,DoS log-odds,False,0,False
40,pilot_041,08cfc98d7bc3aa35,deterministic_text,Benign,Benign,5,SRC_TO_DST_IAT_AVG,31,31,True,True,True,21,-0.0460103915063,0.0460103915063,logistic_regression,DoS log-odds,False,0,False
40,pilot_041,08cfc98d7bc3aa35,deterministic_text,Benign,Benign,1,TCP_FLAGS,27,27,True,True,True,11,-0.0120579561134,0.0120579561134,random_forest,DoS probability,False,0,False
40,pilot_041,08cfc98d7bc3aa35,deterministic_text,Benign,Benign,2,OUT_PKTS,12,12,True,True,True,21,-0.00792591266227,0.00792591266227,random_forest,DoS probability,False,0,False
40,pilot_041,08cfc98d7bc3aa35,deterministic_text,Benign,Benign,3,IN_BYTES,424,424,True,True,True,32,0.00256188490278,0.00256188490278,random_forest,DoS probability,False,0,False
40,pilot_041,08cfc98d7bc3aa35,deterministic_text,Benign,Benign,4,FLOW_DURATION_MILLISECONDS,223,223,True,True,True,27,0.00434886639402,0.00434886639402,random_forest,DoS probability,False,0,False
40,pilot_041,08cfc98d7bc3aa35,deterministic_text,Benign,Benign,5,SRC_TO_DST_IAT_AVG,31,31,True,True,True,8,0.0203594011916,0.0203594011916,random_forest,DoS probability,False,0,False
40,pilot_041,08cfc98d7bc3aa35,structured,Benign,Benign,1,L4_DST_PORT,52431,52431,True,True,True,44,0,0,logistic_regression,DoS log-odds,False,0,False
40,pilot_041,08cfc98d7bc3aa35,structured,Benign,Benign,2,IN_PKTS,8,8,True,True,True,20,0.0493923247442,0.0493923247442,logistic_regression,DoS log-odds,False,0,False
40,pilot_041,08cfc98d7bc3aa35,structured,Benign,Benign,3,IN_BYTES,424,424,True,True,True,40,-0.00274780868382,0.00274780868382,logistic_regression,DoS log-odds,False,0,False
40,pilot_041,08cfc98d7bc3aa35,structured,Benign,Benign,4,FLOW_DURATION_MILLISECONDS,223,223,True,True,True,25,-0.0231441613834,0.0231441613834,logistic_regression,DoS log-odds,False,0,False
40,pilot_041,08cfc98d7bc3aa35,structured,Benign,Benign,5,MIN_TTL,31,31,True,True,True,3,-0.722533200488,0.722533200488,logistic_regression,DoS log-odds,True,0.722533200488,True
40,pilot_041,08cfc98d7bc3aa35,structured,Benign,Benign,1,L4_DST_PORT,52431,52431,True,True,True,34,-0.00144225174497,0.00144225174497,random_forest,DoS probability,False,0,False
40,pilot_041,08cfc98d7bc3aa35,structured,Benign,Benign,2,IN_PKTS,8,8,True,True,True,20,0.00800403799238,0.00800403799238,random_forest,DoS probability,False,0,False
40,pilot_041,08cfc98d7bc3aa35,structured,Benign,Benign,3,IN_BYTES,424,424,True,True,True,32,0.00256188490278,0.00256188490278,random_forest,DoS probability,False,0,False
40,pilot_041,08cfc98d7bc3aa35,structured,Benign,Benign,4,FLOW_DURATION_MILLISECONDS,223,223,True,True,True,27,0.00434886639402,0.00434886639402,random_forest,DoS probability,False,0,False
40,pilot_041,08cfc98d7bc3aa35,structured,Benign,Benign,5,MIN_TTL,31,31,True,True,True,3,-0.0598028501928,0.0598028501928,random_forest,DoS probability,True,0.0598028501928,True
41,pilot_042,ecb89d30fa0b1765,deterministic_text,Benign,Benign,1,TCP_FLAGS,27,27,True,True,True,19,-0.0419704706546,0.0419704706546,logistic_regression,DoS log-odds,False,0,False
41,pilot_042,ecb89d30fa0b1765,deterministic_text,Benign,Benign,2,SERVER_TCP_FLAGS,27,27,True,True,True,2,-0.927407357135,0.927407357135,logistic_regression,DoS log-odds,True,0.927407357135,True
41,pilot_042,ecb89d30fa0b1765,deterministic_text,Benign,Benign,3,PROTOCOL,6,6,True,True,True,7,0.196542616991,0.196542616991,logistic_regression,DoS log-odds,False,0,False
41,pilot_042,ecb89d30fa0b1765,deterministic_text,Benign,Benign,4,OUT_PKTS,12,12,True,True,True,38,-0.00396185253499,0.00396185253499,logistic_regression,DoS log-odds,False,0,False
41,pilot_042,ecb89d30fa0b1765,deterministic_text,Benign,Benign,5,MIN_TTL,31,31,True,True,True,4,-0.722533200488,0.722533200488,logistic_regression,DoS log-odds,True,0.722533200488,True
41,pilot_042,ecb89d30fa0b1765,deterministic_text,Benign,Benign,1,TCP_FLAGS,27,27,True,True,True,16,-0.010914144766,0.010914144766,random_forest,DoS probability,False,0,False
41,pilot_042,ecb89d30fa0b1765,deterministic_text,Benign,Benign,2,SERVER_TCP_FLAGS,27,27,True,True,True,5,-0.0356806934323,0.0356806934323,random_forest,DoS probability,True,0.0356806934323,True
41,pilot_042,ecb89d30fa0b1765,deterministic_text,Benign,Benign,3,PROTOCOL,6,6,True,True,True,40,-0.000615173921409,0.000615173921409,random_forest,DoS probability,False,0,False
41,pilot_042,ecb89d30fa0b1765,deterministic_text,Benign,Benign,4,OUT_PKTS,12,12,True,True,True,19,-0.00942402990315,0.00942402990315,random_forest,DoS probability,False,0,False
41,pilot_042,ecb89d30fa0b1765,deterministic_text,Benign,Benign,5,MIN_TTL,31,31,True,True,True,3,-0.0487561517536,0.0487561517536,random_forest,DoS probability,True,0.0487561517536,True
41,pilot_042,ecb89d30fa0b1765,structured,Benign,Benign,1,TCP_FLAGS,27,27,True,True,True,19,-0.0419704706546,0.0419704706546,logistic_regression,DoS log-odds,False,0,False
41,pilot_042,ecb89d30fa0b1765,structured,Benign,Benign,2,OUT_PKTS,12,12,True,True,True,38,-0.00396185253499,0.00396185253499,logistic_regression,DoS log-odds,False,0,False
41,pilot_042,ecb89d30fa0b1765,structured,Benign,Benign,3,OUT_BYTES,2260,2260,True,True,True,35,-0.00672053855823,0.00672053855823,logistic_regression,DoS log-odds,False,0,False
41,pilot_042,ecb89d30fa0b1765,structured,Benign,Benign,4,IN_BYTES,1064,1064,True,True,True,40,-0.00255763374744,0.00255763374744,logistic_regression,DoS log-odds,False,0,False
41,pilot_042,ecb89d30fa0b1765,structured,Benign,Benign,5,MIN_TTL,31,31,True,True,True,4,-0.722533200488,0.722533200488,logistic_regression,DoS log-odds,True,0.722533200488,True
41,pilot_042,ecb89d30fa0b1765,structured,Benign,Benign,1,TCP_FLAGS,27,27,True,True,True,16,-0.010914144766,0.010914144766,random_forest,DoS probability,False,0,False
41,pilot_042,ecb89d30fa0b1765,structured,Benign,Benign,2,OUT_PKTS,12,12,True,True,True,19,-0.00942402990315,0.00942402990315,random_forest,DoS probability,False,0,False
41,pilot_042,ecb89d30fa0b1765,structured,Benign,Benign,3,OUT_BYTES,2260,2260,True,True,True,7,-0.0159177429284,0.0159177429284,random_forest,DoS probability,False,0,False
41,pilot_042,ecb89d30fa0b1765,structured,Benign,Benign,4,IN_BYTES,1064,1064,True,True,True,43,-0.000100840095518,0.000100840095518,random_forest,DoS probability,False,0,False
41,pilot_042,ecb89d30fa0b1765,structured,Benign,Benign,5,MIN_TTL,31,31,True,True,True,3,-0.0487561517536,0.0487561517536,random_forest,DoS probability,True,0.0487561517536,True
42,pilot_043,ba105aead8d968a9,deterministic_text,DoS,Benign,1,IN_PKTS,10,10,True,True,True,19,0.0292119690493,0.0292119690493,logistic_regression,DoS log-odds,False,0,False
42,pilot_043,ba105aead8d968a9,deterministic_text,DoS,Benign,2,L4_DST_PORT,80,80,True,True,True,3,0.586586963672,0.586586963672,logistic_regression,DoS log-odds,True,0.586586963672,True
42,pilot_043,ba105aead8d968a9,deterministic_text,DoS,Benign,3,FLOW_DURATION_MILLISECONDS,856,856,True,True,True,32,-0.00758693604208,0.00758693604208,logistic_regression,DoS log-odds,False,0,False
42,pilot_043,ba105aead8d968a9,deterministic_text,DoS,Benign,4,TCP_FLAGS,27,27,True,True,True,16,-0.063417026278,0.063417026278,logistic_regression,DoS log-odds,False,0,False
42,pilot_043,ba105aead8d968a9,deterministic_text,DoS,Benign,5,TCP_WIN_MAX_IN,16383,16383,True,True,True,25,-0.0187545374308,0.0187545374308,logistic_regression,DoS log-odds,False,0,False
42,pilot_043,ba105aead8d968a9,deterministic_text,DoS,Benign,1,IN_PKTS,10,10,True,True,True,24,0.00621219010428,0.00621219010428,random_forest,DoS probability,False,0,False
42,pilot_043,ba105aead8d968a9,deterministic_text,DoS,Benign,2,L4_DST_PORT,80,80,True,True,True,23,0.00643076288721,0.00643076288721,random_forest,DoS probability,False,0,False
42,pilot_043,ba105aead8d968a9,deterministic_text,DoS,Benign,3,FLOW_DURATION_MILLISECONDS,856,856,True,True,True,15,0.0100166969494,0.0100166969494,random_forest,DoS probability,False,0,False
42,pilot_043,ba105aead8d968a9,deterministic_text,DoS,Benign,4,TCP_FLAGS,27,27,True,True,True,26,-0.00517894164279,0.00517894164279,random_forest,DoS probability,False,0,False
42,pilot_043,ba105aead8d968a9,deterministic_text,DoS,Benign,5,TCP_WIN_MAX_IN,16383,16383,True,True,True,9,0.0165677694079,0.0165677694079,random_forest,DoS probability,False,0,False
42,pilot_043,ba105aead8d968a9,structured,DoS,Benign,1,IN_PKTS,10,10,True,True,True,19,0.0292119690493,0.0292119690493,logistic_regression,DoS log-odds,False,0,False
42,pilot_043,ba105aead8d968a9,structured,DoS,Benign,2,L4_DST_PORT,80,80,True,True,True,3,0.586586963672,0.586586963672,logistic_regression,DoS log-odds,True,0.586586963672,True
42,pilot_043,ba105aead8d968a9,structured,DoS,Benign,3,FLOW_DURATION_MILLISECONDS,856,856,True,True,True,32,-0.00758693604208,0.00758693604208,logistic_regression,DoS log-odds,False,0,False
42,pilot_043,ba105aead8d968a9,structured,DoS,Benign,4,TCP_FLAGS,27,27,True,True,True,16,-0.063417026278,0.063417026278,logistic_regression,DoS log-odds,False,0,False
42,pilot_043,ba105aead8d968a9,structured,DoS,Benign,5,MIN_TTL,62,62,True,True,True,4,-0.473751356084,0.473751356084,logistic_regression,DoS log-odds,True,0.473751356084,True
42,pilot_043,ba105aead8d968a9,structured,DoS,Benign,1,IN_PKTS,10,10,True,True,True,24,0.00621219010428,0.00621219010428,random_forest,DoS probability,False,0,False
42,pilot_043,ba105aead8d968a9,structured,DoS,Benign,2,L4_DST_PORT,80,80,True,True,True,23,0.00643076288721,0.00643076288721,random_forest,DoS probability,False,0,False
42,pilot_043,ba105aead8d968a9,structured,DoS,Benign,3,FLOW_DURATION_MILLISECONDS,856,856,True,True,True,15,0.0100166969494,0.0100166969494,random_forest,DoS probability,False,0,False
42,pilot_043,ba105aead8d968a9,structured,DoS,Benign,4,TCP_FLAGS,27,27,True,True,True,26,-0.00517894164279,0.00517894164279,random_forest,DoS probability,False,0,False
42,pilot_043,ba105aead8d968a9,structured,DoS,Benign,5,MIN_TTL,62,62,True,True,True,5,0.0418187498091,0.0418187498091,random_forest,DoS probability,True,0.0418187498091,True
43,pilot_044,fcd86fcb67189f0d,deterministic_text,Benign,Benign,1,TCP_FLAGS,27,27,True,True,True,38,-0.00674542768343,0.00674542768343,logistic_regression,DoS log-odds,False,0,False
43,pilot_044,fcd86fcb67189f0d,deterministic_text,Benign,Benign,2,IN_PKTS,12,12,True,True,True,20,0.0419274437255,0.0419274437255,logistic_regression,DoS log-odds,False,0,False
43,pilot_044,fcd86fcb67189f0d,deterministic_text,Benign,Benign,3,OUT_PKTS,12,12,True,True,True,40,-0.00534750872213,0.00534750872213,logistic_regression,DoS log-odds,False,0,False
43,pilot_044,fcd86fcb67189f0d,deterministic_text,Benign,Benign,4,FLOW_DURATION_MILLISECONDS,4,4,True,True,True,23,-0.0235960009872,0.0235960009872,logistic_regression,DoS log-odds,False,0,False
43,pilot_044,fcd86fcb67189f0d,deterministic_text,Benign,Benign,5,MIN_TTL,31,31,True,True,True,3,-0.743834924585,0.743834924585,logistic_regression,DoS log-odds,True,0.743834924585,True
43,pilot_044,fcd86fcb67189f0d,deterministic_text,Benign,Benign,1,TCP_FLAGS,27,27,True,True,True,13,-0.0119743382537,0.0119743382537,random_forest,DoS probability,False,0,False
43,pilot_044,fcd86fcb67189f0d,deterministic_text,Benign,Benign,2,IN_PKTS,12,12,True,True,True,31,-0.00331784421727,0.00331784421727,random_forest,DoS probability,False,0,False
43,pilot_044,fcd86fcb67189f0d,deterministic_text,Benign,Benign,3,OUT_PKTS,12,12,True,True,True,18,-0.00861915370474,0.00861915370474,random_forest,DoS probability,False,0,False
43,pilot_044,fcd86fcb67189f0d,deterministic_text,Benign,Benign,4,FLOW_DURATION_MILLISECONDS,4,4,True,True,True,20,-0.00794806358387,0.00794806358387,random_forest,DoS probability,False,0,False
43,pilot_044,fcd86fcb67189f0d,deterministic_text,Benign,Benign,5,MIN_TTL,31,31,True,True,True,3,-0.0530053650243,0.0530053650243,random_forest,DoS probability,True,0.0530053650243,True
43,pilot_044,fcd86fcb67189f0d,structured,Benign,Benign,1,TCP_FLAGS,27,27,True,True,True,38,-0.00674542768343,0.00674542768343,logistic_regression,DoS log-odds,False,0,False
43,pilot_044,fcd86fcb67189f0d,structured,Benign,Benign,2,IN_PKTS,12,12,True,True,True,20,0.0419274437255,0.0419274437255,logistic_regression,DoS log-odds,False,0,False
43,pilot_044,fcd86fcb67189f0d,structured,Benign,Benign,3,IN_BYTES,1064,1064,True,True,True,39,-0.00620313265345,0.00620313265345,logistic_regression,DoS log-odds,False,0,False
43,pilot_044,fcd86fcb67189f0d,structured,Benign,Benign,4,FLOW_DURATION_MILLISECONDS,4,4,True,True,True,23,-0.0235960009872,0.0235960009872,logistic_regression,DoS log-odds,False,0,False
43,pilot_044,fcd86fcb67189f0d,structured,Benign,Benign,5,L4_SRC_PORT,24077,24077,True,True,True,44,0,0,logistic_regression,DoS log-odds,False,0,False
43,pilot_044,fcd86fcb67189f0d,structured,Benign,Benign,1,TCP_FLAGS,27,27,True,True,True,13,-0.0119743382537,0.0119743382537,random_forest,DoS probability,False,0,False
43,pilot_044,fcd86fcb67189f0d,structured,Benign,Benign,2,IN_PKTS,12,12,True,True,True,31,-0.00331784421727,0.00331784421727,random_forest,DoS probability,False,0,False
43,pilot_044,fcd86fcb67189f0d,structured,Benign,Benign,3,IN_BYTES,1064,1064,True,True,True,32,0.00299718173449,0.00299718173449,random_forest,DoS probability,False,0,False
43,pilot_044,fcd86fcb67189f0d,structured,Benign,Benign,4,FLOW_DURATION_MILLISECONDS,4,4,True,True,True,20,-0.00794806358387,0.00794806358387,random_forest,DoS probability,False,0,False
43,pilot_044,fcd86fcb67189f0d,structured,Benign,Benign,5,L4_SRC_PORT,24077,24077,True,True,True,42,-0.000563008784179,0.000563008784179,random_forest,DoS probability,False,0,False
44,pilot_045,e5a700996a6997e4,deterministic_text,Benign,DoS,1,RETRANSMITTED_OUT_PKTS,12,12,True,True,True,34,-0.00455788057415,0.00455788057415,logistic_regression,DoS log-odds,False,0,False
44,pilot_045,e5a700996a6997e4,deterministic_text,Benign,DoS,2,FLOW_DURATION_MILLISECONDS,13,13,True,True,True,22,-0.0288103021435,0.0288103021435,logistic_regression,DoS log-odds,False,0,False
44,pilot_045,e5a700996a6997e4,deterministic_text,Benign,DoS,3,RETRANSMITTED_IN_PKTS,7,7,True,True,True,39,-0.00173282439134,0.00173282439134,logistic_regression,DoS log-odds,False,0,False
44,pilot_045,e5a700996a6997e4,deterministic_text,Benign,DoS,4,NUM_PKTS_UP_TO_128_BYTES,64,64,True,True,True,24,-0.0241401678387,0.0241401678387,logistic_regression,DoS log-odds,False,0,False
44,pilot_045,e5a700996a6997e4,deterministic_text,Benign,DoS,5,L4_DST_PORT,52052,52052,True,True,True,44,0,0,logistic_regression,DoS log-odds,False,0,False
44,pilot_045,e5a700996a6997e4,deterministic_text,Benign,DoS,1,RETRANSMITTED_OUT_PKTS,12,12,True,True,True,9,-0.0147828261277,0.0147828261277,random_forest,DoS probability,False,0,False
44,pilot_045,e5a700996a6997e4,deterministic_text,Benign,DoS,2,FLOW_DURATION_MILLISECONDS,13,13,True,True,True,18,-0.00923547927077,0.00923547927077,random_forest,DoS probability,False,0,False
44,pilot_045,e5a700996a6997e4,deterministic_text,Benign,DoS,3,RETRANSMITTED_IN_PKTS,7,7,True,True,True,19,-0.00898984492037,0.00898984492037,random_forest,DoS probability,False,0,False
44,pilot_045,e5a700996a6997e4,deterministic_text,Benign,DoS,4,NUM_PKTS_UP_TO_128_BYTES,64,64,True,True,True,7,-0.0154633699167,0.0154633699167,random_forest,DoS probability,False,0,False
44,pilot_045,e5a700996a6997e4,deterministic_text,Benign,DoS,5,L4_DST_PORT,52052,52052,True,True,True,33,-0.00261308762555,0.00261308762555,random_forest,DoS probability,False,0,False
44,pilot_045,e5a700996a6997e4,structured,Benign,DoS,1,TCP_FLAGS,27,27,True,True,True,19,-0.0419704706546,0.0419704706546,logistic_regression,DoS log-odds,False,0,False
44,pilot_045,e5a700996a6997e4,structured,Benign,DoS,2,FLOW_DURATION_MILLISECONDS,13,13,True,True,True,22,-0.0288103021435,0.0288103021435,logistic_regression,DoS log-odds,False,0,False
44,pilot_045,e5a700996a6997e4,structured,Benign,DoS,3,RETRANSMITTED_OUT_PKTS,12,12,True,True,True,34,-0.00455788057415,0.00455788057415,logistic_regression,DoS log-odds,False,0,False
44,pilot_045,e5a700996a6997e4,structured,Benign,DoS,4,DST_TO_SRC_AVG_THROUGHPUT,10673142,10673142,True,True,True,1,-1.37326544575,1.37326544575,logistic_regression,DoS log-odds,True,1.37326544575,True
44,pilot_045,e5a700996a6997e4,structured,Benign,DoS,5,NUM_PKTS_UP_TO_128_BYTES,64,64,True,True,True,24,-0.0241401678387,0.0241401678387,logistic_regression,DoS log-odds,False,0,False
44,pilot_045,e5a700996a6997e4,structured,Benign,DoS,1,TCP_FLAGS,27,27,True,True,True,14,-0.011988173534,0.011988173534,random_forest,DoS probability,False,0,False
44,pilot_045,e5a700996a6997e4,structured,Benign,DoS,2,FLOW_DURATION_MILLISECONDS,13,13,True,True,True,18,-0.00923547927077,0.00923547927077,random_forest,DoS probability,False,0,False
44,pilot_045,e5a700996a6997e4,structured,Benign,DoS,3,RETRANSMITTED_OUT_PKTS,12,12,True,True,True,9,-0.0147828261277,0.0147828261277,random_forest,DoS probability,False,0,False
44,pilot_045,e5a700996a6997e4,structured,Benign,DoS,4,DST_TO_SRC_AVG_THROUGHPUT,10673142,10673142,True,True,True,6,-0.0257271761737,0.0257271761737,random_forest,DoS probability,False,0,False
44,pilot_045,e5a700996a6997e4,structured,Benign,DoS,5,NUM_PKTS_UP_TO_128_BYTES,64,64,True,True,True,7,-0.0154633699167,0.0154633699167,random_forest,DoS probability,False,0,False
45,pilot_046,189234587ba1112c,deterministic_text,Benign,DoS,1,TCP_FLAGS,27,27,True,True,True,41,-0.00033162181439,0.00033162181439,logistic_regression,DoS log-odds,False,0,False
45,pilot_046,189234587ba1112c,deterministic_text,Benign,DoS,2,RETRANSMITTED_IN_PKTS,4,4,True,True,True,29,0.00980647169164,0.00980647169164,logistic_regression,DoS log-odds,False,0,False
45,pilot_046,189234587ba1112c,deterministic_text,Benign,DoS,3,MIN_TTL,31,31,True,True,True,4,-0.748725999416,0.748725999416,logistic_regression,DoS log-odds,True,0.748725999416,True
45,pilot_046,189234587ba1112c,deterministic_text,Benign,DoS,4,SRC_TO_DST_AVG_THROUGHPUT,213844,213844,True,True,True,17,0.0832877844418,0.0832877844418,logistic_regression,DoS log-odds,False,0,False
45,pilot_046,189234587ba1112c,deterministic_text,Benign,DoS,5,L4_DST_PORT,54121,54121,True,True,True,44,0,0,logistic_regression,DoS log-odds,False,0,False
45,pilot_046,189234587ba1112c,deterministic_text,Benign,DoS,1,TCP_FLAGS,27,27,True,True,True,11,-0.0115331801231,0.0115331801231,random_forest,DoS probability,False,0,False
45,pilot_046,189234587ba1112c,deterministic_text,Benign,DoS,2,RETRANSMITTED_IN_PKTS,4,4,True,True,True,23,-0.00660141929464,0.00660141929464,random_forest,DoS probability,False,0,False
45,pilot_046,189234587ba1112c,deterministic_text,Benign,DoS,3,MIN_TTL,31,31,True,True,True,2,-0.0693533352451,0.0693533352451,random_forest,DoS probability,True,0.0693533352451,True
45,pilot_046,189234587ba1112c,deterministic_text,Benign,DoS,4,SRC_TO_DST_AVG_THROUGHPUT,213844,213844,True,True,True,19,-0.00867178324718,0.00867178324718,random_forest,DoS probability,False,0,False
45,pilot_046,189234587ba1112c,deterministic_text,Benign,DoS,5,L4_DST_PORT,54121,54121,True,True,True,37,-0.00126036009328,0.00126036009328,random_forest,DoS probability,False,0,False
45,pilot_046,189234587ba1112c,structured,Benign,Benign,1,TCP_FLAGS,27,27,True,True,True,41,-0.00033162181439,0.00033162181439,logistic_regression,DoS log-odds,False,0,False
45,pilot_046,189234587ba1112c,structured,Benign,Benign,2,FLOW_DURATION_MILLISECONDS,333,333,True,True,True,23,-0.0174048982167,0.0174048982167,logistic_regression,DoS log-odds,False,0,False
45,pilot_046,189234587ba1112c,structured,Benign,Benign,3,IN_PKTS,14,14,True,True,True,20,0.030543132367,0.030543132367,logistic_regression,DoS log-odds,False,0,False
45,pilot_046,189234587ba1112c,structured,Benign,Benign,4,SRC_TO_DST_AVG_THROUGHPUT,213844,213844,True,True,True,17,0.0832877844418,0.0832877844418,logistic_regression,DoS log-odds,False,0,False
45,pilot_046,189234587ba1112c,structured,Benign,Benign,5,MIN_TTL,31,31,True,True,True,4,-0.748725999416,0.748725999416,logistic_regression,DoS log-odds,True,0.748725999416,True
45,pilot_046,189234587ba1112c,structured,Benign,Benign,1,TCP_FLAGS,27,27,True,True,True,11,-0.0115331801231,0.0115331801231,random_forest,DoS probability,False,0,False
45,pilot_046,189234587ba1112c,structured,Benign,Benign,2,FLOW_DURATION_MILLISECONDS,333,333,True,True,True,26,0.00583728299194,0.00583728299194,random_forest,DoS probability,False,0,False
45,pilot_046,189234587ba1112c,structured,Benign,Benign,3,IN_PKTS,14,14,True,True,True,10,-0.0159829795973,0.0159829795973,random_forest,DoS probability,False,0,False
45,pilot_046,189234587ba1112c,structured,Benign,Benign,4,SRC_TO_DST_AVG_THROUGHPUT,213844,213844,True,True,True,19,-0.00867178324718,0.00867178324718,random_forest,DoS probability,False,0,False
45,pilot_046,189234587ba1112c,structured,Benign,Benign,5,MIN_TTL,31,31,True,True,True,2,-0.0693533352451,0.0693533352451,random_forest,DoS probability,True,0.0693533352451,True
46,pilot_047,e4be7b2d3c2a7234,deterministic_text,DoS,Benign,1,IN_PKTS,6,6,True,True,True,16,0.13279524263,0.13279524263,logistic_regression,DoS log-odds,False,0,False
46,pilot_047,e4be7b2d3c2a7234,deterministic_text,DoS,Benign,2,FLOW_DURATION_MILLISECONDS,320,320,True,True,True,28,-0.0291578960356,0.0291578960356,logistic_regression,DoS log-odds,False,0,False
46,pilot_047,e4be7b2d3c2a7234,deterministic_text,DoS,Benign,3,IN_BYTES,966,966,True,True,True,40,-0.00118457038944,0.00118457038944,logistic_regression,DoS log-odds,False,0,False
46,pilot_047,e4be7b2d3c2a7234,deterministic_text,DoS,Benign,4,MIN_TTL,62,62,True,True,True,2,-0.492994682947,0.492994682947,logistic_regression,DoS log-odds,True,0.492994682947,True
46,pilot_047,e4be7b2d3c2a7234,deterministic_text,DoS,Benign,5,SRC_TO_DST_AVG_THROUGHPUT,24074,24074,True,True,True,31,0.0243623069586,0.0243623069586,logistic_regression,DoS log-odds,False,0,False
46,pilot_047,e4be7b2d3c2a7234,deterministic_text,DoS,Benign,1,IN_PKTS,6,6,True,True,True,14,0.0118998128224,0.0118998128224,random_forest,DoS probability,False,0,False
46,pilot_047,e4be7b2d3c2a7234,deterministic_text,DoS,Benign,2,FLOW_DURATION_MILLISECONDS,320,320,True,True,True,22,0.00736275155725,0.00736275155725,random_forest,DoS probability,False,0,False
46,pilot_047,e4be7b2d3c2a7234,deterministic_text,DoS,Benign,3,IN_BYTES,966,966,True,True,True,23,0.00638447475558,0.00638447475558,random_forest,DoS probability,False,0,False
46,pilot_047,e4be7b2d3c2a7234,deterministic_text,DoS,Benign,4,MIN_TTL,62,62,True,True,True,1,0.052945051981,0.052945051981,random_forest,DoS probability,True,0.052945051981,True
46,pilot_047,e4be7b2d3c2a7234,deterministic_text,DoS,Benign,5,SRC_TO_DST_AVG_THROUGHPUT,24074,24074,True,True,True,25,0.00555784170949,0.00555784170949,random_forest,DoS probability,False,0,False
46,pilot_047,e4be7b2d3c2a7234,structured,DoS,Benign,1,IN_PKTS,6,6,True,True,True,16,0.13279524263,0.13279524263,logistic_regression,DoS log-odds,False,0,False
46,pilot_047,e4be7b2d3c2a7234,structured,DoS,Benign,2,IN_BYTES,966,966,True,True,True,40,-0.00118457038944,0.00118457038944,logistic_regression,DoS log-odds,False,0,False
46,pilot_047,e4be7b2d3c2a7234,structured,DoS,Benign,3,FLOW_DURATION_MILLISECONDS,320,320,True,True,True,28,-0.0291578960356,0.0291578960356,logistic_regression,DoS log-odds,False,0,False
46,pilot_047,e4be7b2d3c2a7234,structured,DoS,Benign,4,TCP_FLAGS,18,18,True,True,True,9,0.170486620687,0.170486620687,logistic_regression,DoS log-odds,False,0,False
46,pilot_047,e4be7b2d3c2a7234,structured,DoS,Benign,5,NUM_PKTS_UP_TO_128_BYTES,6,6,True,True,True,4,0.379941737277,0.379941737277,logistic_regression,DoS log-odds,True,0.379941737277,True
46,pilot_047,e4be7b2d3c2a7234,structured,DoS,Benign,1,IN_PKTS,6,6,True,True,True,14,0.0118998128224,0.0118998128224,random_forest,DoS probability,False,0,False
46,pilot_047,e4be7b2d3c2a7234,structured,DoS,Benign,2,IN_BYTES,966,966,True,True,True,23,0.00638447475558,0.00638447475558,random_forest,DoS probability,False,0,False
46,pilot_047,e4be7b2d3c2a7234,structured,DoS,Benign,3,FLOW_DURATION_MILLISECONDS,320,320,True,True,True,22,0.00736275155725,0.00736275155725,random_forest,DoS probability,False,0,False
46,pilot_047,e4be7b2d3c2a7234,structured,DoS,Benign,4,TCP_FLAGS,18,18,True,True,True,17,0.0110020744944,0.0110020744944,random_forest,DoS probability,False,0,False
46,pilot_047,e4be7b2d3c2a7234,structured,DoS,Benign,5,NUM_PKTS_UP_TO_128_BYTES,6,6,True,True,True,18,0.0100485243533,0.0100485243533,random_forest,DoS probability,False,0,False
47,pilot_048,264959af858d834f,deterministic_text,Benign,DoS,1,RETRANSMITTED_OUT_PKTS,13,13,True,True,True,37,-0.0050575201005,0.0050575201005,logistic_regression,DoS log-odds,False,0,False
47,pilot_048,264959af858d834f,deterministic_text,Benign,DoS,2,NUM_PKTS_UP_TO_128_BYTES,106,106,True,True,True,19,-0.102737292045,0.102737292045,logistic_regression,DoS log-odds,False,0,False
47,pilot_048,264959af858d834f,deterministic_text,Benign,DoS,3,L4_DST_PORT,21,21,True,True,True,8,-0.161681532809,0.161681532809,logistic_regression,DoS log-odds,False,0,False
47,pilot_048,264959af858d834f,deterministic_text,Benign,DoS,4,SRC_TO_DST_IAT_AVG,18,18,True,True,True,23,-0.0196916734424,0.0196916734424,logistic_regression,DoS log-odds,False,0,False
47,pilot_048,264959af858d834f,deterministic_text,Benign,DoS,5,MIN_TTL,31,31,True,True,True,2,-0.751375024111,0.751375024111,logistic_regression,DoS log-odds,True,0.751375024111,True
47,pilot_048,264959af858d834f,deterministic_text,Benign,DoS,1,RETRANSMITTED_OUT_PKTS,13,13,True,True,True,9,-0.0214437193719,0.0214437193719,random_forest,DoS probability,False,0,False
47,pilot_048,264959af858d834f,deterministic_text,Benign,DoS,2,NUM_PKTS_UP_TO_128_BYTES,106,106,True,True,True,6,-0.0272881241872,0.0272881241872,random_forest,DoS probability,False,0,False
47,pilot_048,264959af858d834f,deterministic_text,Benign,DoS,3,L4_DST_PORT,21,21,True,True,True,14,-0.0111420403219,0.0111420403219,random_forest,DoS probability,False,0,False
47,pilot_048,264959af858d834f,deterministic_text,Benign,DoS,4,SRC_TO_DST_IAT_AVG,18,18,True,True,True,40,0.000685188809939,0.000685188809939,random_forest,DoS probability,False,0,False
47,pilot_048,264959af858d834f,deterministic_text,Benign,DoS,5,MIN_TTL,31,31,True,True,True,3,-0.0643545987956,0.0643545987956,random_forest,DoS probability,True,0.0643545987956,True
47,pilot_048,264959af858d834f,structured,Benign,Benign,1,TCP_FLAGS,25,25,True,True,True,10,-0.142512810256,0.142512810256,logistic_regression,DoS log-odds,False,0,False
47,pilot_048,264959af858d834f,structured,Benign,Benign,2,L4_DST_PORT,21,21,True,True,True,8,-0.161681532809,0.161681532809,logistic_regression,DoS log-odds,False,0,False
47,pilot_048,264959af858d834f,structured,Benign,Benign,3,PROTOCOL,6,6,True,True,True,9,0.160254337263,0.160254337263,logistic_regression,DoS log-odds,False,0,False
47,pilot_048,264959af858d834f,structured,Benign,Benign,4,OUT_BYTES,3500,3500,True,True,True,34,-0.00771037854078,0.00771037854078,logistic_regression,DoS log-odds,False,0,False
47,pilot_048,264959af858d834f,structured,Benign,Benign,5,FLOW_DURATION_MILLISECONDS,952,952,True,True,True,36,-0.00526060279645,0.00526060279645,logistic_regression,DoS log-odds,False,0,False
47,pilot_048,264959af858d834f,structured,Benign,Benign,1,TCP_FLAGS,25,25,True,True,True,18,-0.00733061701322,0.00733061701322,random_forest,DoS probability,False,0,False
47,pilot_048,264959af858d834f,structured,Benign,Benign,2,L4_DST_PORT,21,21,True,True,True,14,-0.0111420403219,0.0111420403219,random_forest,DoS probability,False,0,False
47,pilot_048,264959af858d834f,structured,Benign,Benign,3,PROTOCOL,6,6,True,True,True,43,8.54015218386e-05,8.54015218386e-05,random_forest,DoS probability,False,0,False
47,pilot_048,264959af858d834f,structured,Benign,Benign,4,OUT_BYTES,3500,3500,True,True,True,8,-0.0236734172084,0.0236734172084,random_forest,DoS probability,False,0,False
47,pilot_048,264959af858d834f,structured,Benign,Benign,5,FLOW_DURATION_MILLISECONDS,952,952,True,True,True,35,0.00135040955763,0.00135040955763,random_forest,DoS probability,False,0,False
48,pilot_049,e7f8ceef45a9ad5c,deterministic_text,Benign,DoS,1,RETRANSMITTED_OUT_PKTS,17,17,True,True,True,29,-0.0238840013143,0.0238840013143,logistic_regression,DoS log-odds,False,0,False
48,pilot_049,e7f8ceef45a9ad5c,deterministic_text,Benign,DoS,2,TCP_FLAGS,27,27,True,True,True,19,-0.064280133966,0.064280133966,logistic_regression,DoS log-odds,False,0,False
48,pilot_049,e7f8ceef45a9ad5c,deterministic_text,Benign,DoS,3,DST_TO_SRC_AVG_THROUGHPUT,3803529,3803529,True,True,True,7,-0.304599435077,0.304599435077,logistic_regression,DoS log-odds,False,0,False
48,pilot_049,e7f8ceef45a9ad5c,deterministic_text,Benign,DoS,4,ICMP_TYPE,21248,21248,True,True,True,25,-0.0422690761705,0.0422690761705,logistic_regression,DoS log-odds,False,0,False
48,pilot_049,e7f8ceef45a9ad5c,deterministic_text,Benign,DoS,5,FLOW_DURATION_MILLISECONDS,67,67,True,True,True,21,-0.0576905822714,0.0576905822714,logistic_regression,DoS log-odds,False,0,False
48,pilot_049,e7f8ceef45a9ad5c,deterministic_text,Benign,DoS,1,RETRANSMITTED_OUT_PKTS,17,17,True,True,True,10,-0.0155611447692,0.0155611447692,random_forest,DoS probability,False,0,False
48,pilot_049,e7f8ceef45a9ad5c,deterministic_text,Benign,DoS,2,TCP_FLAGS,27,27,True,True,True,12,-0.0131720771332,0.0131720771332,random_forest,DoS probability,False,0,False
48,pilot_049,e7f8ceef45a9ad5c,deterministic_text,Benign,DoS,3,DST_TO_SRC_AVG_THROUGHPUT,3803529,3803529,True,True,True,6,-0.0300592623145,0.0300592623145,random_forest,DoS probability,False,0,False
48,pilot_049,e7f8ceef45a9ad5c,deterministic_text,Benign,DoS,4,ICMP_TYPE,21248,21248,True,True,True,34,-0.00276202551771,0.00276202551771,random_forest,DoS probability,False,0,False
48,pilot_049,e7f8ceef45a9ad5c,deterministic_text,Benign,DoS,5,FLOW_DURATION_MILLISECONDS,67,67,True,True,True,16,-0.00886958298013,0.00886958298013,random_forest,DoS probability,False,0,False
48,pilot_049,e7f8ceef45a9ad5c,structured,Benign,DoS,1,RETRANSMITTED_OUT_PKTS,17,17,True,True,True,29,-0.0238840013143,0.0238840013143,logistic_regression,DoS log-odds,False,0,False
48,pilot_049,e7f8ceef45a9ad5c,structured,Benign,DoS,2,FLOW_DURATION_MILLISECONDS,67,67,True,True,True,21,-0.0576905822714,0.0576905822714,logistic_regression,DoS log-odds,False,0,False
48,pilot_049,e7f8ceef45a9ad5c,structured,Benign,DoS,3,DST_TO_SRC_AVG_THROUGHPUT,3803529,3803529,True,True,True,7,-0.304599435077,0.304599435077,logistic_regression,DoS log-odds,False,0,False
48,pilot_049,e7f8ceef45a9ad5c,structured,Benign,DoS,4,NUM_PKTS_UP_TO_128_BYTES,74,74,True,True,True,6,-0.493450635757,0.493450635757,logistic_regression,DoS log-odds,False,0,False
48,pilot_049,e7f8ceef45a9ad5c,structured,Benign,DoS,5,L4_DST_PORT,34867,34867,True,True,True,44,0,0,logistic_regression,DoS log-odds,False,0,False
48,pilot_049,e7f8ceef45a9ad5c,structured,Benign,DoS,1,RETRANSMITTED_OUT_PKTS,17,17,True,True,True,10,-0.0155611447692,0.0155611447692,random_forest,DoS probability,False,0,False
48,pilot_049,e7f8ceef45a9ad5c,structured,Benign,DoS,2,FLOW_DURATION_MILLISECONDS,67,67,True,True,True,16,-0.00886958298013,0.00886958298013,random_forest,DoS probability,False,0,False
48,pilot_049,e7f8ceef45a9ad5c,structured,Benign,DoS,3,DST_TO_SRC_AVG_THROUGHPUT,3803529,3803529,True,True,True,6,-0.0300592623145,0.0300592623145,random_forest,DoS probability,False,0,False
48,pilot_049,e7f8ceef45a9ad5c,structured,Benign,DoS,4,NUM_PKTS_UP_TO_128_BYTES,74,74,True,True,True,9,-0.0180993802766,0.0180993802766,random_forest,DoS probability,False,0,False
48,pilot_049,e7f8ceef45a9ad5c,structured,Benign,DoS,5,L4_DST_PORT,34867,34867,True,True,True,31,-0.00325305970824,0.00325305970824,random_forest,DoS probability,False,0,False
49,pilot_050,9b79215b036a2f1b,deterministic_text,DoS,Benign,1,FTP_COMMAND_RET_CODE,200,200,True,True,True,7,0.171937252423,0.171937252423,logistic_regression,DoS log-odds,False,0,False
49,pilot_050,9b79215b036a2f1b,deterministic_text,DoS,Benign,2,L4_DST_PORT,21,21,True,True,True,4,-0.282843543924,0.282843543924,logistic_regression,DoS log-odds,True,0.282843543924,True
49,pilot_050,9b79215b036a2f1b,deterministic_text,DoS,Benign,3,TCP_FLAGS,24,24,True,True,True,8,-0.169718714488,0.169718714488,logistic_regression,DoS log-odds,False,0,False
49,pilot_050,9b79215b036a2f1b,deterministic_text,DoS,Benign,4,IN_PKTS,21,21,True,True,True,22,0.0280639491297,0.0280639491297,logistic_regression,DoS log-odds,False,0,False
49,pilot_050,9b79215b036a2f1b,deterministic_text,DoS,Benign,5,DST_TO_SRC_AVG_THROUGHPUT,91114,91114,True,True,True,5,0.23846702724,0.23846702724,logistic_regression,DoS log-odds,True,0.23846702724,True
49,pilot_050,9b79215b036a2f1b,deterministic_text,DoS,Benign,1,FTP_COMMAND_RET_CODE,200,200,True,True,True,30,-0.00521651459889,0.00521651459889,random_forest,DoS probability,False,0,False
49,pilot_050,9b79215b036a2f1b,deterministic_text,DoS,Benign,2,L4_DST_PORT,21,21,True,True,True,18,-0.0104111014027,0.0104111014027,random_forest,DoS probability,False,0,False
49,pilot_050,9b79215b036a2f1b,deterministic_text,DoS,Benign,3,TCP_FLAGS,24,24,True,True,True,23,-0.0083693782085,0.0083693782085,random_forest,DoS probability,False,0,False
49,pilot_050,9b79215b036a2f1b,deterministic_text,DoS,Benign,4,IN_PKTS,21,21,True,True,True,12,-0.0142532780014,0.0142532780014,random_forest,DoS probability,False,0,False
49,pilot_050,9b79215b036a2f1b,deterministic_text,DoS,Benign,5,DST_TO_SRC_AVG_THROUGHPUT,91114,91114,True,True,True,6,-0.0225816648417,0.0225816648417,random_forest,DoS probability,False,0,False
49,pilot_050,9b79215b036a2f1b,structured,DoS,Benign,1,FTP_COMMAND_RET_CODE,200,200,True,True,True,7,0.171937252423,0.171937252423,logistic_regression,DoS log-odds,False,0,False
49,pilot_050,9b79215b036a2f1b,structured,DoS,Benign,2,L4_DST_PORT,21,21,True,True,True,4,-0.282843543924,0.282843543924,logistic_regression,DoS log-odds,True,0.282843543924,True
49,pilot_050,9b79215b036a2f1b,structured,DoS,Benign,3,CLIENT_TCP_FLAGS,24,24,True,True,True,9,-0.169718714488,0.169718714488,logistic_regression,DoS log-odds,False,0,False
49,pilot_050,9b79215b036a2f1b,structured,DoS,Benign,4,IN_PKTS,21,21,True,True,True,22,0.0280639491297,0.0280639491297,logistic_regression,DoS log-odds,False,0,False
49,pilot_050,9b79215b036a2f1b,structured,DoS,Benign,5,OUT_BYTES,20216,20216,True,True,True,33,-0.00640130292935,0.00640130292935,logistic_regression,DoS log-odds,False,0,False
49,pilot_050,9b79215b036a2f1b,structured,DoS,Benign,1,FTP_COMMAND_RET_CODE,200,200,True,True,True,30,-0.00521651459889,0.00521651459889,random_forest,DoS probability,False,0,False
49,pilot_050,9b79215b036a2f1b,structured,DoS,Benign,2,L4_DST_PORT,21,21,True,True,True,18,-0.0104111014027,0.0104111014027,random_forest,DoS probability,False,0,False
49,pilot_050,9b79215b036a2f1b,structured,DoS,Benign,3,CLIENT_TCP_FLAGS,24,24,True,True,True,17,-0.0112500596207,0.0112500596207,random_forest,DoS probability,False,0,False
49,pilot_050,9b79215b036a2f1b,structured,DoS,Benign,4,IN_PKTS,21,21,True,True,True,12,-0.0142532780014,0.0142532780014,random_forest,DoS probability,False,0,False
49,pilot_050,9b79215b036a2f1b,structured,DoS,Benign,5,OUT_BYTES,20216,20216,True,True,True,14,-0.0138227120306,0.0138227120306,random_forest,DoS probability,False,0,False
50,pilot_051,1eed73191d797e52,deterministic_text,DoS,Benign,1,TCP_FLAGS,19,19,True,True,True,11,0.146396606346,0.146396606346,logistic_regression,DoS log-odds,False,0,False
50,pilot_051,1eed73191d797e52,deterministic_text,DoS,Benign,2,L4_DST_PORT,80,80,True,True,True,5,0.585425249008,0.585425249008,logistic_regression,DoS log-odds,True,0.585425249008,True
50,pilot_051,1eed73191d797e52,deterministic_text,DoS,Benign,3,IN_PKTS,42,42,True,True,True,39,-0.0034690261526,0.0034690261526,logistic_regression,DoS log-odds,False,0,False
50,pilot_051,1eed73191d797e52,deterministic_text,DoS,Benign,4,OUT_PKTS,10,10,True,True,True,37,-0.00405227998229,0.00405227998229,logistic_regression,DoS log-odds,False,0,False
50,pilot_051,1eed73191d797e52,deterministic_text,DoS,Benign,5,RETRANSMITTED_IN_PKTS,18,18,True,True,True,19,-0.058210063813,0.058210063813,logistic_regression,DoS log-odds,False,0,False
50,pilot_051,1eed73191d797e52,deterministic_text,DoS,Benign,1,TCP_FLAGS,19,19,True,True,True,7,0.0238193960485,0.0238193960485,random_forest,DoS probability,False,0,False
50,pilot_051,1eed73191d797e52,deterministic_text,DoS,Benign,2,L4_DST_PORT,80,80,True,True,True,20,0.00736721123913,0.00736721123913,random_forest,DoS probability,False,0,False
50,pilot_051,1eed73191d797e52,deterministic_text,DoS,Benign,3,IN_PKTS,42,42,True,True,True,11,-0.0140198385054,0.0140198385054,random_forest,DoS probability,False,0,False
50,pilot_051,1eed73191d797e52,deterministic_text,DoS,Benign,4,OUT_PKTS,10,10,True,True,True,22,0.00567500114804,0.00567500114804,random_forest,DoS probability,False,0,False
50,pilot_051,1eed73191d797e52,deterministic_text,DoS,Benign,5,RETRANSMITTED_IN_PKTS,18,18,True,True,True,15,-0.0107463336824,0.0107463336824,random_forest,DoS probability,False,0,False
50,pilot_051,1eed73191d797e52,structured,DoS,DoS,1,RETRANSMITTED_IN_PKTS,18,18,True,True,True,19,-0.058210063813,0.058210063813,logistic_regression,DoS log-odds,False,0,False
50,pilot_051,1eed73191d797e52,structured,DoS,DoS,2,MIN_TTL,254,254,True,True,True,2,1.25445948306,1.25445948306,logistic_regression,DoS log-odds,True,1.25445948306,True
50,pilot_051,1eed73191d797e52,structured,DoS,DoS,3,SRC_TO_DST_IAT_AVG,5,5,True,True,True,15,-0.0853209745143,0.0853209745143,logistic_regression,DoS log-odds,False,0,False
50,pilot_051,1eed73191d797e52,structured,DoS,DoS,4,L4_DST_PORT,80,80,True,True,True,5,0.585425249008,0.585425249008,logistic_regression,DoS log-odds,True,0.585425249008,True
50,pilot_051,1eed73191d797e52,structured,DoS,DoS,5,RETRANSMITTED_IN_BYTES,24295,24295,True,True,True,24,0.0272867048002,0.0272867048002,logistic_regression,DoS log-odds,False,0,False
50,pilot_051,1eed73191d797e52,structured,DoS,DoS,1,RETRANSMITTED_IN_PKTS,18,18,True,True,True,15,-0.0107463336824,0.0107463336824,random_forest,DoS probability,False,0,False
50,pilot_051,1eed73191d797e52,structured,DoS,DoS,2,MIN_TTL,254,254,True,True,True,3,0.0571691304078,0.0571691304078,random_forest,DoS probability,True,0.0571691304078,True
50,pilot_051,1eed73191d797e52,structured,DoS,DoS,3,SRC_TO_DST_IAT_AVG,5,5,True,True,True,8,-0.0182882606076,0.0182882606076,random_forest,DoS probability,False,0,False
50,pilot_051,1eed73191d797e52,structured,DoS,DoS,4,L4_DST_PORT,80,80,True,True,True,20,0.00736721123913,0.00736721123913,random_forest,DoS probability,False,0,False
50,pilot_051,1eed73191d797e52,structured,DoS,DoS,5,RETRANSMITTED_IN_BYTES,24295,24295,True,True,True,26,-0.00453382623201,0.00453382623201,random_forest,DoS probability,False,0,False
51,pilot_052,b4b440d30884d645,deterministic_text,Benign,Benign,1,FTP_COMMAND_RET_CODE,230,230,True,True,True,12,-0.0918471349063,0.0918471349063,logistic_regression,DoS log-odds,False,0,False
51,pilot_052,b4b440d30884d645,deterministic_text,Benign,Benign,2,L4_DST_PORT,21,21,True,True,True,7,-0.202222770953,0.202222770953,logistic_regression,DoS log-odds,False,0,False
51,pilot_052,b4b440d30884d645,deterministic_text,Benign,Benign,3,IN_PKTS,19,19,True,True,True,20,0.0234400783282,0.0234400783282,logistic_regression,DoS log-odds,False,0,False
51,pilot_052,b4b440d30884d645,deterministic_text,Benign,Benign,4,FLOW_DURATION_MILLISECONDS,574,574,True,True,True,28,-0.0121333379927,0.0121333379927,logistic_regression,DoS log-odds,False,0,False
51,pilot_052,b4b440d30884d645,deterministic_text,Benign,Benign,5,SRC_TO_DST_AVG_THROUGHPUT,14344,14344,True,True,True,11,0.109771212796,0.109771212796,logistic_regression,DoS log-odds,False,0,False
51,pilot_052,b4b440d30884d645,deterministic_text,Benign,Benign,1,FTP_COMMAND_RET_CODE,230,230,True,True,True,19,-0.00997323039647,0.00997323039647,random_forest,DoS probability,False,0,False
51,pilot_052,b4b440d30884d645,deterministic_text,Benign,Benign,2,L4_DST_PORT,21,21,True,True,True,17,-0.0119092477809,0.0119092477809,random_forest,DoS probability,False,0,False
51,pilot_052,b4b440d30884d645,deterministic_text,Benign,Benign,3,IN_PKTS,19,19,True,True,True,10,-0.0173051413496,0.0173051413496,random_forest,DoS probability,False,0,False
51,pilot_052,b4b440d30884d645,deterministic_text,Benign,Benign,4,FLOW_DURATION_MILLISECONDS,574,574,True,True,True,25,0.00479540133343,0.00479540133343,random_forest,DoS probability,False,0,False
51,pilot_052,b4b440d30884d645,deterministic_text,Benign,Benign,5,SRC_TO_DST_AVG_THROUGHPUT,14344,14344,True,True,True,28,0.00321937464858,0.00321937464858,random_forest,DoS probability,False,0,False
51,pilot_052,b4b440d30884d645,structured,Benign,Benign,1,L4_DST_PORT,21,21,True,True,True,7,-0.202222770953,0.202222770953,logistic_regression,DoS log-odds,False,0,False
51,pilot_052,b4b440d30884d645,structured,Benign,Benign,2,FTP_COMMAND_RET_CODE,230,230,True,True,True,12,-0.0918471349063,0.0918471349063,logistic_regression,DoS log-odds,False,0,False
51,pilot_052,b4b440d30884d645,structured,Benign,Benign,3,IN_PKTS,19,19,True,True,True,20,0.0234400783282,0.0234400783282,logistic_regression,DoS log-odds,False,0,False
51,pilot_052,b4b440d30884d645,structured,Benign,Benign,4,FLOW_DURATION_MILLISECONDS,574,574,True,True,True,28,-0.0121333379927,0.0121333379927,logistic_regression,DoS log-odds,False,0,False
51,pilot_052,b4b440d30884d645,structured,Benign,Benign,5,TCP_FLAGS,24,24,True,True,True,18,-0.0514359528641,0.0514359528641,logistic_regression,DoS log-odds,False,0,False
51,pilot_052,b4b440d30884d645,structured,Benign,Benign,1,L4_DST_PORT,21,21,True,True,True,17,-0.0119092477809,0.0119092477809,random_forest,DoS probability,False,0,False
51,pilot_052,b4b440d30884d645,structured,Benign,Benign,2,FTP_COMMAND_RET_CODE,230,230,True,True,True,19,-0.00997323039647,0.00997323039647,random_forest,DoS probability,False,0,False
51,pilot_052,b4b440d30884d645,structured,Benign,Benign,3,IN_PKTS,19,19,True,True,True,10,-0.0173051413496,0.0173051413496,random_forest,DoS probability,False,0,False
51,pilot_052,b4b440d30884d645,structured,Benign,Benign,4,FLOW_DURATION_MILLISECONDS,574,574,True,True,True,25,0.00479540133343,0.00479540133343,random_forest,DoS probability,False,0,False
51,pilot_052,b4b440d30884d645,structured,Benign,Benign,5,TCP_FLAGS,24,24,True,True,True,11,-0.0154465267785,0.0154465267785,random_forest,DoS probability,False,0,False
52,pilot_053,8606b57fcf6c2a47,deterministic_text,Benign,DoS,1,RETRANSMITTED_IN_PKTS,4,4,True,True,True,31,0.00980647169164,0.00980647169164,logistic_regression,DoS log-odds,False,0,False
52,pilot_053,8606b57fcf6c2a47,deterministic_text,Benign,DoS,2,TCP_FLAGS,27,27,True,True,True,43,-0.00033162181439,0.00033162181439,logistic_regression,DoS log-odds,False,0,False
52,pilot_053,8606b57fcf6c2a47,deterministic_text,Benign,DoS,3,L4_DST_PORT,6881,6881,True,True,True,25,-0.015623240492,0.015623240492,logistic_regression,DoS log-odds,False,0,False
52,pilot_053,8606b57fcf6c2a47,deterministic_text,Benign,DoS,4,DST_TO_SRC_IAT_AVG,0,0,True,True,True,6,-0.373013147204,0.373013147204,logistic_regression,DoS log-odds,False,0,False
52,pilot_053,8606b57fcf6c2a47,deterministic_text,Benign,DoS,5,NUM_PKTS_UP_TO_128_BYTES,30,30,True,True,True,17,0.0347979365933,0.0347979365933,logistic_regression,DoS log-odds,False,0,False
52,pilot_053,8606b57fcf6c2a47,deterministic_text,Benign,DoS,1,RETRANSMITTED_IN_PKTS,4,4,True,True,True,25,-0.00554157807148,0.00554157807148,random_forest,DoS probability,False,0,False
52,pilot_053,8606b57fcf6c2a47,deterministic_text,Benign,DoS,2,TCP_FLAGS,27,27,True,True,True,17,-0.00972858181632,0.00972858181632,random_forest,DoS probability,False,0,False
52,pilot_053,8606b57fcf6c2a47,deterministic_text,Benign,DoS,3,L4_DST_PORT,6881,6881,True,True,True,29,-0.00348144414622,0.00348144414622,random_forest,DoS probability,False,0,False
52,pilot_053,8606b57fcf6c2a47,deterministic_text,Benign,DoS,4,DST_TO_SRC_IAT_AVG,0,0,True,True,True,22,-0.00636943536446,0.00636943536446,random_forest,DoS probability,False,0,False
52,pilot_053,8606b57fcf6c2a47,deterministic_text,Benign,DoS,5,NUM_PKTS_UP_TO_128_BYTES,30,30,True,True,True,31,-0.00227527508456,0.00227527508456,random_forest,DoS probability,False,0,False
52,pilot_053,8606b57fcf6c2a47,structured,Benign,Benign,1,IN_BYTES,1540,1540,True,True,True,42,-0.00202585579249,0.00202585579249,logistic_regression,DoS log-odds,False,0,False
52,pilot_053,8606b57fcf6c2a47,structured,Benign,Benign,2,FLOW_DURATION_MILLISECONDS,18,18,True,True,True,21,-0.0242951117875,0.0242951117875,logistic_regression,DoS log-odds,False,0,False
52,pilot_053,8606b57fcf6c2a47,structured,Benign,Benign,3,OUT_PKTS,18,18,True,True,True,38,-0.00465812980286,0.00465812980286,logistic_regression,DoS log-odds,False,0,False
52,pilot_053,8606b57fcf6c2a47,structured,Benign,Benign,4,TCP_FLAGS,27,27,True,True,True,43,-0.00033162181439,0.00033162181439,logistic_regression,DoS log-odds,False,0,False
52,pilot_053,8606b57fcf6c2a47,structured,Benign,Benign,5,L4_DST_PORT,6881,6881,True,True,True,25,-0.015623240492,0.015623240492,logistic_regression,DoS log-odds,False,0,False
52,pilot_053,8606b57fcf6c2a47,structured,Benign,Benign,1,IN_BYTES,1540,1540,True,True,True,24,-0.00578716433535,0.00578716433535,random_forest,DoS probability,False,0,False
52,pilot_053,8606b57fcf6c2a47,structured,Benign,Benign,2,FLOW_DURATION_MILLISECONDS,18,18,True,True,True,12,-0.0134592012011,0.0134592012011,random_forest,DoS probability,False,0,False
52,pilot_053,8606b57fcf6c2a47,structured,Benign,Benign,3,OUT_PKTS,18,18,True,True,True,9,-0.0159459910876,0.0159459910876,random_forest,DoS probability,False,0,False
52,pilot_053,8606b57fcf6c2a47,structured,Benign,Benign,4,TCP_FLAGS,27,27,True,True,True,17,-0.00972858181632,0.00972858181632,random_forest,DoS probability,False,0,False
52,pilot_053,8606b57fcf6c2a47,structured,Benign,Benign,5,L4_DST_PORT,6881,6881,True,True,True,29,-0.00348144414622,0.00348144414622,random_forest,DoS probability,False,0,False
53,pilot_054,5734ae686986eafe,deterministic_text,Benign,Benign,1,TCP_FLAGS,25,25,True,True,True,14,-0.134100039402,0.134100039402,logistic_regression,DoS log-odds,False,0,False
53,pilot_054,5734ae686986eafe,deterministic_text,Benign,Benign,2,SRC_TO_DST_AVG_THROUGHPUT,11349,11349,True,True,True,20,0.0747942045487,0.0747942045487,logistic_regression,DoS log-odds,False,0,False
53,pilot_054,5734ae686986eafe,deterministic_text,Benign,Benign,3,L4_DST_PORT,21,21,True,True,True,5,-0.282843543924,0.282843543924,logistic_regression,DoS log-odds,True,0.282843543924,True
53,pilot_054,5734ae686986eafe,deterministic_text,Benign,Benign,4,FLOW_DURATION_MILLISECONDS,1752,1752,True,True,True,29,0.0131840240709,0.0131840240709,logistic_regression,DoS log-odds,False,0,False
53,pilot_054,5734ae686986eafe,deterministic_text,Benign,Benign,5,IN_PKTS,45,45,True,True,True,33,-0.00890536979244,0.00890536979244,logistic_regression,DoS log-odds,False,0,False
53,pilot_054,5734ae686986eafe,deterministic_text,Benign,Benign,1,TCP_FLAGS,25,25,True,True,True,21,-0.00809138988259,0.00809138988259,random_forest,DoS probability,False,0,False
53,pilot_054,5734ae686986eafe,deterministic_text,Benign,Benign,2,SRC_TO_DST_AVG_THROUGHPUT,11349,11349,True,True,True,22,0.00789419713162,0.00789419713162,random_forest,DoS probability,False,0,False
53,pilot_054,5734ae686986eafe,deterministic_text,Benign,Benign,3,L4_DST_PORT,21,21,True,True,True,11,-0.0154661341818,0.0154661341818,random_forest,DoS probability,False,0,False
53,pilot_054,5734ae686986eafe,deterministic_text,Benign,Benign,4,FLOW_DURATION_MILLISECONDS,1752,1752,True,True,True,25,0.00515188882515,0.00515188882515,random_forest,DoS probability,False,0,False
53,pilot_054,5734ae686986eafe,deterministic_text,Benign,Benign,5,IN_PKTS,45,45,True,True,True,7,-0.0234244703169,0.0234244703169,random_forest,DoS probability,False,0,False
53,pilot_054,5734ae686986eafe,structured,Benign,Benign,1,FLOW_DURATION_MILLISECONDS,1752,1752,True,True,True,29,0.0131840240709,0.0131840240709,logistic_regression,DoS log-odds,False,0,False
53,pilot_054,5734ae686986eafe,structured,Benign,Benign,2,IN_PKTS,45,45,True,True,True,33,-0.00890536979244,0.00890536979244,logistic_regression,DoS log-odds,False,0,False
53,pilot_054,5734ae686986eafe,structured,Benign,Benign,3,L4_DST_PORT,21,21,True,True,True,5,-0.282843543924,0.282843543924,logistic_regression,DoS log-odds,True,0.282843543924,True
53,pilot_054,5734ae686986eafe,structured,Benign,Benign,4,TCP_FLAGS,25,25,True,True,True,14,-0.134100039402,0.134100039402,logistic_regression,DoS log-odds,False,0,False
53,pilot_054,5734ae686986eafe,structured,Benign,Benign,5,SRC_TO_DST_IAT_AVG,41,41,True,True,True,31,-0.0109082846856,0.0109082846856,logistic_regression,DoS log-odds,False,0,False
53,pilot_054,5734ae686986eafe,structured,Benign,Benign,1,FLOW_DURATION_MILLISECONDS,1752,1752,True,True,True,25,0.00515188882515,0.00515188882515,random_forest,DoS probability,False,0,False
53,pilot_054,5734ae686986eafe,structured,Benign,Benign,2,IN_PKTS,45,45,True,True,True,7,-0.0234244703169,0.0234244703169,random_forest,DoS probability,False,0,False
53,pilot_054,5734ae686986eafe,structured,Benign,Benign,3,L4_DST_PORT,21,21,True,True,True,11,-0.0154661341818,0.0154661341818,random_forest,DoS probability,False,0,False
53,pilot_054,5734ae686986eafe,structured,Benign,Benign,4,TCP_FLAGS,25,25,True,True,True,21,-0.00809138988259,0.00809138988259,random_forest,DoS probability,False,0,False
53,pilot_054,5734ae686986eafe,structured,Benign,Benign,5,SRC_TO_DST_IAT_AVG,41,41,True,True,True,13,0.0133836906761,0.0133836906761,random_forest,DoS probability,False,0,False
54,pilot_055,836a1ed878c14926,deterministic_text,Benign,Benign,1,IN_PKTS,2,2,True,True,True,21,0.0587207984319,0.0587207984319,logistic_regression,DoS log-odds,False,0,False
54,pilot_055,836a1ed878c14926,deterministic_text,Benign,Benign,2,L4_DST_PORT,53,53,True,True,True,29,-0.0132236462195,0.0132236462195,logistic_regression,DoS log-odds,False,0,False
54,pilot_055,836a1ed878c14926,deterministic_text,Benign,Benign,3,DNS_QUERY_TYPE,1,1,True,True,True,31,-0.0132236462195,0.0132236462195,logistic_regression,DoS log-odds,False,0,False
54,pilot_055,836a1ed878c14926,deterministic_text,Benign,Benign,4,DNS_TTL_ANSWER,60,60,True,True,True,4,-0.507459901167,0.507459901167,logistic_regression,DoS log-odds,True,0.507459901167,True
54,pilot_055,836a1ed878c14926,deterministic_text,Benign,Benign,5,FLOW_DURATION_MILLISECONDS,1,1,True,True,True,24,-0.0291340816155,0.0291340816155,logistic_regression,DoS log-odds,False,0,False
54,pilot_055,836a1ed878c14926,deterministic_text,Benign,Benign,1,IN_PKTS,2,2,True,True,True,17,0.00852823180014,0.00852823180014,random_forest,DoS probability,False,0,False
54,pilot_055,836a1ed878c14926,deterministic_text,Benign,Benign,2,L4_DST_PORT,53,53,True,True,True,9,-0.0152608674094,0.0152608674094,random_forest,DoS probability,False,0,False
54,pilot_055,836a1ed878c14926,deterministic_text,Benign,Benign,3,DNS_QUERY_TYPE,1,1,True,True,True,6,-0.0219713271136,0.0219713271136,random_forest,DoS probability,False,0,False
54,pilot_055,836a1ed878c14926,deterministic_text,Benign,Benign,4,DNS_TTL_ANSWER,60,60,True,True,True,15,-0.0101347155114,0.0101347155114,random_forest,DoS probability,False,0,False
54,pilot_055,836a1ed878c14926,deterministic_text,Benign,Benign,5,FLOW_DURATION_MILLISECONDS,1,1,True,True,True,10,-0.0139423273947,0.0139423273947,random_forest,DoS probability,False,0,False
54,pilot_055,836a1ed878c14926,structured,Benign,Benign,1,L4_DST_PORT,53,53,True,True,True,29,-0.0132236462195,0.0132236462195,logistic_regression,DoS log-odds,False,0,False
54,pilot_055,836a1ed878c14926,structured,Benign,Benign,2,PROTOCOL,17,17,True,True,True,16,-0.11223939485,0.11223939485,logistic_regression,DoS log-odds,False,0,False
54,pilot_055,836a1ed878c14926,structured,Benign,Benign,3,DNS_QUERY_TYPE,1,1,True,True,True,31,-0.0132236462195,0.0132236462195,logistic_regression,DoS log-odds,False,0,False
54,pilot_055,836a1ed878c14926,structured,Benign,Benign,4,IN_PKTS,2,2,True,True,True,21,0.0587207984319,0.0587207984319,logistic_regression,DoS log-odds,False,0,False
54,pilot_055,836a1ed878c14926,structured,Benign,Benign,5,L4_SRC_PORT,7185,7185,True,True,True,44,0,0,logistic_regression,DoS log-odds,False,0,False
54,pilot_055,836a1ed878c14926,structured,Benign,Benign,1,L4_DST_PORT,53,53,True,True,True,9,-0.0152608674094,0.0152608674094,random_forest,DoS probability,False,0,False
54,pilot_055,836a1ed878c14926,structured,Benign,Benign,2,PROTOCOL,17,17,True,True,True,29,-0.0032836780573,0.0032836780573,random_forest,DoS probability,False,0,False
54,pilot_055,836a1ed878c14926,structured,Benign,Benign,3,DNS_QUERY_TYPE,1,1,True,True,True,6,-0.0219713271136,0.0219713271136,random_forest,DoS probability,False,0,False
54,pilot_055,836a1ed878c14926,structured,Benign,Benign,4,IN_PKTS,2,2,True,True,True,17,0.00852823180014,0.00852823180014,random_forest,DoS probability,False,0,False
54,pilot_055,836a1ed878c14926,structured,Benign,Benign,5,L4_SRC_PORT,7185,7185,True,True,True,33,-0.00125197439804,0.00125197439804,random_forest,DoS probability,False,0,False
55,pilot_056,c8576a5a55bd1284,deterministic_text,Benign,Benign,1,L4_DST_PORT,6881,6881,True,True,True,25,-0.015623240492,0.015623240492,logistic_regression,DoS log-odds,False,0,False
55,pilot_056,c8576a5a55bd1284,deterministic_text,Benign,Benign,2,IN_BYTES,1540,1540,True,True,True,42,-0.00202585579249,0.00202585579249,logistic_regression,DoS log-odds,False,0,False
55,pilot_056,c8576a5a55bd1284,deterministic_text,Benign,Benign,3,FLOW_DURATION_MILLISECONDS,18,18,True,True,True,21,-0.0242951117875,0.0242951117875,logistic_regression,DoS log-odds,False,0,False
55,pilot_056,c8576a5a55bd1284,deterministic_text,Benign,Benign,4,TCP_FLAGS,27,27,True,True,True,43,-0.00033162181439,0.00033162181439,logistic_regression,DoS log-odds,False,0,False
55,pilot_056,c8576a5a55bd1284,deterministic_text,Benign,Benign,5,OUT_PKTS,18,18,True,True,True,38,-0.00465812980286,0.00465812980286,logistic_regression,DoS log-odds,False,0,False
55,pilot_056,c8576a5a55bd1284,deterministic_text,Benign,Benign,1,L4_DST_PORT,6881,6881,True,True,True,29,-0.00348144414622,0.00348144414622,random_forest,DoS probability,False,0,False
55,pilot_056,c8576a5a55bd1284,deterministic_text,Benign,Benign,2,IN_BYTES,1540,1540,True,True,True,24,-0.00578716433535,0.00578716433535,random_forest,DoS probability,False,0,False
55,pilot_056,c8576a5a55bd1284,deterministic_text,Benign,Benign,3,FLOW_DURATION_MILLISECONDS,18,18,True,True,True,12,-0.0134592012011,0.0134592012011,random_forest,DoS probability,False,0,False
55,pilot_056,c8576a5a55bd1284,deterministic_text,Benign,Benign,4,TCP_FLAGS,27,27,True,True,True,17,-0.00972858181632,0.00972858181632,random_forest,DoS probability,False,0,False
55,pilot_056,c8576a5a55bd1284,deterministic_text,Benign,Benign,5,OUT_PKTS,18,18,True,True,True,9,-0.0159459910876,0.0159459910876,random_forest,DoS probability,False,0,False
55,pilot_056,c8576a5a55bd1284,structured,Benign,Benign,1,L4_DST_PORT,6881,6881,True,True,True,25,-0.015623240492,0.015623240492,logistic_regression,DoS log-odds,False,0,False
55,pilot_056,c8576a5a55bd1284,structured,Benign,Benign,2,TCP_FLAGS,27,27,True,True,True,43,-0.00033162181439,0.00033162181439,logistic_regression,DoS log-odds,False,0,False
55,pilot_056,c8576a5a55bd1284,structured,Benign,Benign,3,FLOW_DURATION_MILLISECONDS,18,18,True,True,True,21,-0.0242951117875,0.0242951117875,logistic_regression,DoS log-odds,False,0,False
55,pilot_056,c8576a5a55bd1284,structured,Benign,Benign,4,IN_PKTS,16,16,True,True,True,19,0.0277019107515,0.0277019107515,logistic_regression,DoS log-odds,False,0,False
55,pilot_056,c8576a5a55bd1284,structured,Benign,Benign,5,RETRANSMITTED_IN_PKTS,4,4,True,True,True,31,0.00980647169164,0.00980647169164,logistic_regression,DoS log-odds,False,0,False
55,pilot_056,c8576a5a55bd1284,structured,Benign,Benign,1,L4_DST_PORT,6881,6881,True,True,True,29,-0.00348144414622,0.00348144414622,random_forest,DoS probability,False,0,False
55,pilot_056,c8576a5a55bd1284,structured,Benign,Benign,2,TCP_FLAGS,27,27,True,True,True,17,-0.00972858181632,0.00972858181632,random_forest,DoS probability,False,0,False
55,pilot_056,c8576a5a55bd1284,structured,Benign,Benign,3,FLOW_DURATION_MILLISECONDS,18,18,True,True,True,12,-0.0134592012011,0.0134592012011,random_forest,DoS probability,False,0,False
55,pilot_056,c8576a5a55bd1284,structured,Benign,Benign,4,IN_PKTS,16,16,True,True,True,16,-0.00988074024493,0.00988074024493,random_forest,DoS probability,False,0,False
55,pilot_056,c8576a5a55bd1284,structured,Benign,Benign,5,RETRANSMITTED_IN_PKTS,4,4,True,True,True,25,-0.00554157807148,0.00554157807148,random_forest,DoS probability,False,0,False
56,pilot_057,59b894c28cbc69f0,deterministic_text,DoS,Benign,1,IN_PKTS,4,4,True,True,True,14,0.147448510783,0.147448510783,logistic_regression,DoS log-odds,False,0,False
56,pilot_057,59b894c28cbc69f0,deterministic_text,DoS,Benign,2,IN_BYTES,160,160,True,True,True,39,-0.00145056111476,0.00145056111476,logistic_regression,DoS log-odds,False,0,False
56,pilot_057,59b894c28cbc69f0,deterministic_text,DoS,Benign,3,L4_DST_PORT,8089,8089,True,True,True,35,0.00477951154332,0.00477951154332,logistic_regression,DoS log-odds,False,0,False
56,pilot_057,59b894c28cbc69f0,deterministic_text,DoS,Benign,4,FLOW_DURATION_MILLISECONDS,321,321,True,True,True,25,-0.0290451186196,0.0290451186196,logistic_regression,DoS log-odds,False,0,False
56,pilot_057,59b894c28cbc69f0,deterministic_text,DoS,Benign,5,NUM_PKTS_UP_TO_128_BYTES,6,6,True,True,True,5,0.379941737277,0.379941737277,logistic_regression,DoS log-odds,True,0.379941737277,True
56,pilot_057,59b894c28cbc69f0,deterministic_text,DoS,Benign,1,IN_PKTS,4,4,True,True,True,16,0.0111730775779,0.0111730775779,random_forest,DoS probability,False,0,False
56,pilot_057,59b894c28cbc69f0,deterministic_text,DoS,Benign,2,IN_BYTES,160,160,True,True,True,26,0.00548879909946,0.00548879909946,random_forest,DoS probability,False,0,False
56,pilot_057,59b894c28cbc69f0,deterministic_text,DoS,Benign,3,L4_DST_PORT,8089,8089,True,True,True,37,0.00173198011606,0.00173198011606,random_forest,DoS probability,False,0,False
56,pilot_057,59b894c28cbc69f0,deterministic_text,DoS,Benign,4,FLOW_DURATION_MILLISECONDS,321,321,True,True,True,25,0.00658193342876,0.00658193342876,random_forest,DoS probability,False,0,False
56,pilot_057,59b894c28cbc69f0,deterministic_text,DoS,Benign,5,NUM_PKTS_UP_TO_128_BYTES,6,6,True,True,True,20,0.00891310126505,0.00891310126505,random_forest,DoS probability,False,0,False
56,pilot_057,59b894c28cbc69f0,structured,DoS,Benign,1,IN_PKTS,4,4,True,True,True,14,0.147448510783,0.147448510783,logistic_regression,DoS log-odds,False,0,False
56,pilot_057,59b894c28cbc69f0,structured,DoS,Benign,2,IN_BYTES,160,160,True,True,True,39,-0.00145056111476,0.00145056111476,logistic_regression,DoS log-odds,False,0,False
56,pilot_057,59b894c28cbc69f0,structured,DoS,Benign,3,FLOW_DURATION_MILLISECONDS,321,321,True,True,True,25,-0.0290451186196,0.0290451186196,logistic_regression,DoS log-odds,False,0,False
56,pilot_057,59b894c28cbc69f0,structured,DoS,Benign,4,TCP_FLAGS,18,18,True,True,True,11,0.170486620687,0.170486620687,logistic_regression,DoS log-odds,False,0,False
56,pilot_057,59b894c28cbc69f0,structured,DoS,Benign,5,SRC_TO_DST_AVG_THROUGHPUT,3975,3975,True,True,True,28,0.0249612854336,0.0249612854336,logistic_regression,DoS log-odds,False,0,False
56,pilot_057,59b894c28cbc69f0,structured,DoS,Benign,1,IN_PKTS,4,4,True,True,True,16,0.0111730775779,0.0111730775779,random_forest,DoS probability,False,0,False
56,pilot_057,59b894c28cbc69f0,structured,DoS,Benign,2,IN_BYTES,160,160,True,True,True,26,0.00548879909946,0.00548879909946,random_forest,DoS probability,False,0,False
56,pilot_057,59b894c28cbc69f0,structured,DoS,Benign,3,FLOW_DURATION_MILLISECONDS,321,321,True,True,True,25,0.00658193342876,0.00658193342876,random_forest,DoS probability,False,0,False
56,pilot_057,59b894c28cbc69f0,structured,DoS,Benign,4,TCP_FLAGS,18,18,True,True,True,19,0.0090476748872,0.0090476748872,random_forest,DoS probability,False,0,False
56,pilot_057,59b894c28cbc69f0,structured,DoS,Benign,5,SRC_TO_DST_AVG_THROUGHPUT,3975,3975,True,True,True,11,0.0125198795222,0.0125198795222,random_forest,DoS probability,False,0,False
57,pilot_058,b5549dc7ffe834ac,deterministic_text,Benign,DoS,1,TCP_FLAGS,27,27,True,True,True,42,-0.00033162181439,0.00033162181439,logistic_regression,DoS log-odds,False,0,False
57,pilot_058,b5549dc7ffe834ac,deterministic_text,Benign,DoS,2,RETRANSMITTED_IN_PKTS,7,7,True,True,True,34,-0.00528040783396,0.00528040783396,logistic_regression,DoS log-odds,False,0,False
57,pilot_058,b5549dc7ffe834ac,deterministic_text,Benign,DoS,3,FLOW_DURATION_MILLISECONDS,6,6,True,True,True,22,-0.024557596114,0.024557596114,logistic_regression,DoS log-odds,False,0,False
57,pilot_058,b5549dc7ffe834ac,deterministic_text,Benign,DoS,4,ICMP_TYPE,25600,25600,True,True,True,40,0.000950073713824,0.000950073713824,logistic_regression,DoS log-odds,False,0,False
57,pilot_058,b5549dc7ffe834ac,deterministic_text,Benign,DoS,5,MIN_TTL,31,31,True,True,True,3,-0.748725999416,0.748725999416,logistic_regression,DoS log-odds,True,0.748725999416,True
57,pilot_058,b5549dc7ffe834ac,deterministic_text,Benign,DoS,1,TCP_FLAGS,27,27,True,True,True,16,-0.0104560916361,0.0104560916361,random_forest,DoS probability,False,0,False
57,pilot_058,b5549dc7ffe834ac,deterministic_text,Benign,DoS,2,RETRANSMITTED_IN_PKTS,7,7,True,True,True,25,-0.00653343543497,0.00653343543497,random_forest,DoS probability,False,0,False
57,pilot_058,b5549dc7ffe834ac,deterministic_text,Benign,DoS,3,FLOW_DURATION_MILLISECONDS,6,6,True,True,True,10,-0.0125835030576,0.0125835030576,random_forest,DoS probability,False,0,False
57,pilot_058,b5549dc7ffe834ac,deterministic_text,Benign,DoS,4,ICMP_TYPE,25600,25600,True,True,True,38,-0.00105942460066,0.00105942460066,random_forest,DoS probability,False,0,False
57,pilot_058,b5549dc7ffe834ac,deterministic_text,Benign,DoS,5,MIN_TTL,31,31,True,True,True,3,-0.0503028228533,0.0503028228533,random_forest,DoS probability,True,0.0503028228533,True
57,pilot_058,b5549dc7ffe834ac,structured,Benign,Benign,1,TCP_FLAGS,27,27,True,True,True,42,-0.00033162181439,0.00033162181439,logistic_regression,DoS log-odds,False,0,False
57,pilot_058,b5549dc7ffe834ac,structured,Benign,Benign,2,TCP_WIN_MAX_IN,14480,14480,True,True,True,15,-0.0765343782718,0.0765343782718,logistic_regression,DoS log-odds,False,0,False
57,pilot_058,b5549dc7ffe834ac,structured,Benign,Benign,3,IN_BYTES,4504,4504,True,True,True,39,-0.00117624401196,0.00117624401196,logistic_regression,DoS log-odds,False,0,False
57,pilot_058,b5549dc7ffe834ac,structured,Benign,Benign,4,FLOW_DURATION_MILLISECONDS,6,6,True,True,True,22,-0.024557596114,0.024557596114,logistic_regression,DoS log-odds,False,0,False
57,pilot_058,b5549dc7ffe834ac,structured,Benign,Benign,5,RETRANSMITTED_IN_PKTS,7,7,True,True,True,34,-0.00528040783396,0.00528040783396,logistic_regression,DoS log-odds,False,0,False
57,pilot_058,b5549dc7ffe834ac,structured,Benign,Benign,1,TCP_FLAGS,27,27,True,True,True,16,-0.0104560916361,0.0104560916361,random_forest,DoS probability,False,0,False
57,pilot_058,b5549dc7ffe834ac,structured,Benign,Benign,2,TCP_WIN_MAX_IN,14480,14480,True,True,True,28,-0.00533133081426,0.00533133081426,random_forest,DoS probability,False,0,False
57,pilot_058,b5549dc7ffe834ac,structured,Benign,Benign,3,IN_BYTES,4504,4504,True,True,True,20,-0.00837782536074,0.00837782536074,random_forest,DoS probability,False,0,False
57,pilot_058,b5549dc7ffe834ac,structured,Benign,Benign,4,FLOW_DURATION_MILLISECONDS,6,6,True,True,True,10,-0.0125835030576,0.0125835030576,random_forest,DoS probability,False,0,False
57,pilot_058,b5549dc7ffe834ac,structured,Benign,Benign,5,RETRANSMITTED_IN_PKTS,7,7,True,True,True,25,-0.00653343543497,0.00653343543497,random_forest,DoS probability,False,0,False
58,pilot_059,86bc8fb636d387a6,deterministic_text,DoS,Benign,1,L4_DST_PORT,80,80,True,True,True,3,0.617607513023,0.617607513023,logistic_regression,DoS log-odds,True,0.617607513023,True
58,pilot_059,86bc8fb636d387a6,deterministic_text,DoS,Benign,2,TCP_FLAGS,27,27,True,True,True,35,-0.00674542768343,0.00674542768343,logistic_regression,DoS log-odds,False,0,False
58,pilot_059,86bc8fb636d387a6,deterministic_text,DoS,Benign,3,IN_PKTS,10,10,True,True,True,18,0.0450082203023,0.0450082203023,logistic_regression,DoS log-odds,False,0,False
58,pilot_059,86bc8fb636d387a6,deterministic_text,DoS,Benign,4,SRC_TO_DST_AVG_THROUGHPUT,22400,22400,True,True,True,12,0.0737398107386,0.0737398107386,logistic_regression,DoS log-odds,False,0,False
58,pilot_059,86bc8fb636d387a6,deterministic_text,DoS,Benign,5,FLOW_DURATION_MILLISECONDS,279,279,True,True,True,24,-0.0178096698139,0.0178096698139,logistic_regression,DoS log-odds,False,0,False
58,pilot_059,86bc8fb636d387a6,deterministic_text,DoS,Benign,1,L4_DST_PORT,80,80,True,True,True,23,0.00682571295294,0.00682571295294,random_forest,DoS probability,False,0,False
58,pilot_059,86bc8fb636d387a6,deterministic_text,DoS,Benign,2,TCP_FLAGS,27,27,True,True,True,29,-0.00437224821239,0.00437224821239,random_forest,DoS probability,False,0,False
58,pilot_059,86bc8fb636d387a6,deterministic_text,DoS,Benign,3,IN_PKTS,10,10,True,True,True,15,0.0106135466782,0.0106135466782,random_forest,DoS probability,False,0,False
58,pilot_059,86bc8fb636d387a6,deterministic_text,DoS,Benign,4,SRC_TO_DST_AVG_THROUGHPUT,22400,22400,True,True,True,14,0.0108720946332,0.0108720946332,random_forest,DoS probability,False,0,False
58,pilot_059,86bc8fb636d387a6,deterministic_text,DoS,Benign,5,FLOW_DURATION_MILLISECONDS,279,279,True,True,True,25,0.00593569022888,0.00593569022888,random_forest,DoS probability,False,0,False
58,pilot_059,86bc8fb636d387a6,structured,DoS,Benign,1,IN_PKTS,10,10,True,True,True,18,0.0450082203023,0.0450082203023,logistic_regression,DoS log-odds,False,0,False
58,pilot_059,86bc8fb636d387a6,structured,DoS,Benign,2,FLOW_DURATION_MILLISECONDS,279,279,True,True,True,24,-0.0178096698139,0.0178096698139,logistic_regression,DoS log-odds,False,0,False
58,pilot_059,86bc8fb636d387a6,structured,DoS,Benign,3,L4_SRC_PORT,45281,45281,True,True,True,44,0,0,logistic_regression,DoS log-odds,False,0,False
58,pilot_059,86bc8fb636d387a6,structured,DoS,Benign,4,IN_BYTES,784,784,True,True,True,36,-0.00639517598987,0.00639517598987,logistic_regression,DoS log-odds,False,0,False
58,pilot_059,86bc8fb636d387a6,structured,DoS,Benign,5,L7_PROTO,7,7,True,True,True,2,0.683550131578,0.683550131578,logistic_regression,DoS log-odds,True,0.683550131578,True
58,pilot_059,86bc8fb636d387a6,structured,DoS,Benign,1,IN_PKTS,10,10,True,True,True,15,0.0106135466782,0.0106135466782,random_forest,DoS probability,False,0,False
58,pilot_059,86bc8fb636d387a6,structured,DoS,Benign,2,FLOW_DURATION_MILLISECONDS,279,279,True,True,True,25,0.00593569022888,0.00593569022888,random_forest,DoS probability,False,0,False
58,pilot_059,86bc8fb636d387a6,structured,DoS,Benign,3,L4_SRC_PORT,45281,45281,True,True,True,35,0.00185714649536,0.00185714649536,random_forest,DoS probability,False,0,False
58,pilot_059,86bc8fb636d387a6,structured,DoS,Benign,4,IN_BYTES,784,784,True,True,True,19,0.00921108261223,0.00921108261223,random_forest,DoS probability,False,0,False
58,pilot_059,86bc8fb636d387a6,structured,DoS,Benign,5,L7_PROTO,7,7,True,True,True,9,0.015171277825,0.015171277825,random_forest,DoS probability,False,0,False
59,pilot_060,ceb5f40cddd2e791,deterministic_text,Benign,DoS,1,TCP_FLAGS,27,27,True,True,True,31,-0.00674542768343,0.00674542768343,logistic_regression,DoS log-odds,False,0,False
59,pilot_060,ceb5f40cddd2e791,deterministic_text,Benign,DoS,2,RETRANSMITTED_OUT_PKTS,17,17,True,True,True,36,-0.00459496246565,0.00459496246565,logistic_regression,DoS log-odds,False,0,False
59,pilot_060,ceb5f40cddd2e791,deterministic_text,Benign,DoS,3,FLOW_DURATION_MILLISECONDS,30,30,True,True,True,21,-0.0230489296763,0.0230489296763,logistic_regression,DoS log-odds,False,0,False
59,pilot_060,ceb5f40cddd2e791,deterministic_text,Benign,DoS,4,MIN_TTL,31,31,True,True,True,4,-0.743834924585,0.743834924585,logistic_regression,DoS log-odds,True,0.743834924585,True
59,pilot_060,ceb5f40cddd2e791,deterministic_text,Benign,DoS,5,DST_TO_SRC_AVG_THROUGHPUT,8175483,8175483,True,True,True,3,-0.860660112455,0.860660112455,logistic_regression,DoS log-odds,True,0.860660112455,True
59,pilot_060,ceb5f40cddd2e791,deterministic_text,Benign,DoS,1,TCP_FLAGS,27,27,True,True,True,12,-0.0117436543392,0.0117436543392,random_forest,DoS probability,False,0,False
59,pilot_060,ceb5f40cddd2e791,deterministic_text,Benign,DoS,2,RETRANSMITTED_OUT_PKTS,17,17,True,True,True,9,-0.0179193938599,0.0179193938599,random_forest,DoS probability,False,0,False
59,pilot_060,ceb5f40cddd2e791,deterministic_text,Benign,DoS,3,FLOW_DURATION_MILLISECONDS,30,30,True,True,True,25,-0.0065214381855,0.0065214381855,random_forest,DoS probability,False,0,False
59,pilot_060,ceb5f40cddd2e791,deterministic_text,Benign,DoS,4,MIN_TTL,31,31,True,True,True,3,-0.0490869155571,0.0490869155571,random_forest,DoS probability,True,0.0490869155571,True
59,pilot_060,ceb5f40cddd2e791,deterministic_text,Benign,DoS,5,DST_TO_SRC_AVG_THROUGHPUT,8175483,8175483,True,True,True,6,-0.0283976407864,0.0283976407864,random_forest,DoS probability,False,0,False
59,pilot_060,ceb5f40cddd2e791,structured,Benign,DoS,1,TCP_FLAGS,27,27,True,True,True,31,-0.00674542768343,0.00674542768343,logistic_regression,DoS log-odds,False,0,False
59,pilot_060,ceb5f40cddd2e791,structured,Benign,DoS,2,FLOW_DURATION_MILLISECONDS,30,30,True,True,True,21,-0.0230489296763,0.0230489296763,logistic_regression,DoS log-odds,False,0,False
59,pilot_060,ceb5f40cddd2e791,structured,Benign,DoS,3,RETRANSMITTED_OUT_PKTS,17,17,True,True,True,36,-0.00459496246565,0.00459496246565,logistic_regression,DoS log-odds,False,0,False
59,pilot_060,ceb5f40cddd2e791,structured,Benign,DoS,4,ICMP_TYPE,21248,21248,True,True,True,14,-0.0601916399876,0.0601916399876,logistic_regression,DoS log-odds,False,0,False
59,pilot_060,ceb5f40cddd2e791,structured,Benign,DoS,5,DST_TO_SRC_AVG_THROUGHPUT,8175483,8175483,True,True,True,3,-0.860660112455,0.860660112455,logistic_regression,DoS log-odds,True,0.860660112455,True
59,pilot_060,ceb5f40cddd2e791,structured,Benign,DoS,1,TCP_FLAGS,27,27,True,True,True,12,-0.0117436543392,0.0117436543392,random_forest,DoS probability,False,0,False
59,pilot_060,ceb5f40cddd2e791,structured,Benign,DoS,2,FLOW_DURATION_MILLISECONDS,30,30,True,True,True,25,-0.0065214381855,0.0065214381855,random_forest,DoS probability,False,0,False
59,pilot_060,ceb5f40cddd2e791,structured,Benign,DoS,3,RETRANSMITTED_OUT_PKTS,17,17,True,True,True,9,-0.0179193938599,0.0179193938599,random_forest,DoS probability,False,0,False
59,pilot_060,ceb5f40cddd2e791,structured,Benign,DoS,4,ICMP_TYPE,21248,21248,True,True,True,35,-0.00224427484803,0.00224427484803,random_forest,DoS probability,False,0,False
59,pilot_060,ceb5f40cddd2e791,structured,Benign,DoS,5,DST_TO_SRC_AVG_THROUGHPUT,8175483,8175483,True,True,True,6,-0.0283976407864,0.0283976407864,random_forest,DoS probability,False,0,False
60,pilot_061,a50c863efb5ab9e6,deterministic_text,Benign,Benign,1,L4_DST_PORT,25,25,True,True,True,13,-0.0984112167091,0.0984112167091,logistic_regression,DoS log-odds,False,0,False
60,pilot_061,a50c863efb5ab9e6,deterministic_text,Benign,Benign,2,TCP_FLAGS,27,27,True,True,True,19,-0.0419704706546,0.0419704706546,logistic_regression,DoS log-odds,False,0,False
60,pilot_061,a50c863efb5ab9e6,deterministic_text,Benign,Benign,3,FLOW_DURATION_MILLISECONDS,501,501,True,True,True,28,-0.0156432702819,0.0156432702819,logistic_regression,DoS log-odds,False,0,False
60,pilot_061,a50c863efb5ab9e6,deterministic_text,Benign,Benign,4,IN_PKTS,52,52,True,True,True,25,-0.0190164822987,0.0190164822987,logistic_regression,DoS log-odds,False,0,False
60,pilot_061,a50c863efb5ab9e6,deterministic_text,Benign,Benign,5,OUT_BYTES,3380,3380,True,True,True,34,-0.00665304548342,0.00665304548342,logistic_regression,DoS log-odds,False,0,False
60,pilot_061,a50c863efb5ab9e6,deterministic_text,Benign,Benign,1,L4_DST_PORT,25,25,True,True,True,30,-0.00274162589664,0.00274162589664,random_forest,DoS probability,False,0,False
60,pilot_061,a50c863efb5ab9e6,deterministic_text,Benign,Benign,2,TCP_FLAGS,27,27,True,True,True,14,-0.0118833489593,0.0118833489593,random_forest,DoS probability,False,0,False
60,pilot_061,a50c863efb5ab9e6,deterministic_text,Benign,Benign,3,FLOW_DURATION_MILLISECONDS,501,501,True,True,True,28,0.00353378723124,0.00353378723124,random_forest,DoS probability,False,0,False
60,pilot_061,a50c863efb5ab9e6,deterministic_text,Benign,Benign,4,IN_PKTS,52,52,True,True,True,7,-0.0196496222127,0.0196496222127,random_forest,DoS probability,False,0,False
60,pilot_061,a50c863efb5ab9e6,deterministic_text,Benign,Benign,5,OUT_BYTES,3380,3380,True,True,True,11,-0.0154845999862,0.0154845999862,random_forest,DoS probability,False,0,False
60,pilot_061,a50c863efb5ab9e6,structured,Benign,Benign,1,L4_DST_PORT,25,25,True,True,True,13,-0.0984112167091,0.0984112167091,logistic_regression,DoS log-odds,False,0,False
60,pilot_061,a50c863efb5ab9e6,structured,Benign,Benign,2,IN_PKTS,52,52,True,True,True,25,-0.0190164822987,0.0190164822987,logistic_regression,DoS log-odds,False,0,False
60,pilot_061,a50c863efb5ab9e6,structured,Benign,Benign,3,OUT_PKTS,42,42,True,True,True,39,-0.00260544082544,0.00260544082544,logistic_regression,DoS log-odds,False,0,False
60,pilot_061,a50c863efb5ab9e6,structured,Benign,Benign,4,TCP_FLAGS,27,27,True,True,True,19,-0.0419704706546,0.0419704706546,logistic_regression,DoS log-odds,False,0,False
60,pilot_061,a50c863efb5ab9e6,structured,Benign,Benign,5,RETRANSMITTED_IN_PKTS,18,18,True,True,True,17,-0.058210063813,0.058210063813,logistic_regression,DoS log-odds,False,0,False
60,pilot_061,a50c863efb5ab9e6,structured,Benign,Benign,1,L4_DST_PORT,25,25,True,True,True,30,-0.00274162589664,0.00274162589664,random_forest,DoS probability,False,0,False
60,pilot_061,a50c863efb5ab9e6,structured,Benign,Benign,2,IN_PKTS,52,52,True,True,True,7,-0.0196496222127,0.0196496222127,random_forest,DoS probability,False,0,False
60,pilot_061,a50c863efb5ab9e6,structured,Benign,Benign,3,OUT_PKTS,42,42,True,True,True,10,-0.0159568842776,0.0159568842776,random_forest,DoS probability,False,0,False
60,pilot_061,a50c863efb5ab9e6,structured,Benign,Benign,4,TCP_FLAGS,27,27,True,True,True,14,-0.0118833489593,0.0118833489593,random_forest,DoS probability,False,0,False
60,pilot_061,a50c863efb5ab9e6,structured,Benign,Benign,5,RETRANSMITTED_IN_PKTS,18,18,True,True,True,13,-0.0138963874528,0.0138963874528,random_forest,DoS probability,False,0,False
61,pilot_062,fdef72496f09cd66,deterministic_text,Benign,Benign,1,TCP_FLAGS,27,27,True,True,True,16,-0.063417026278,0.063417026278,logistic_regression,DoS log-odds,False,0,False
61,pilot_062,fdef72496f09cd66,deterministic_text,Benign,Benign,2,OUT_PKTS,14,14,True,True,True,38,-0.00504900030596,0.00504900030596,logistic_regression,DoS log-odds,False,0,False
61,pilot_062,fdef72496f09cd66,deterministic_text,Benign,Benign,3,IN_PKTS,22,22,True,True,True,28,0.0157747432288,0.0157747432288,logistic_regression,DoS log-odds,False,0,False
61,pilot_062,fdef72496f09cd66,deterministic_text,Benign,Benign,4,FLOW_DURATION_MILLISECONDS,5,5,True,True,True,21,-0.028208910959,0.028208910959,logistic_regression,DoS log-odds,False,0,False
61,pilot_062,fdef72496f09cd66,deterministic_text,Benign,Benign,5,RETRANSMITTED_IN_PKTS,5,5,True,True,True,37,0.00679066447534,0.00679066447534,logistic_regression,DoS log-odds,False,0,False
61,pilot_062,fdef72496f09cd66,deterministic_text,Benign,Benign,1,TCP_FLAGS,27,27,True,True,True,13,-0.0130449676672,0.0130449676672,random_forest,DoS probability,False,0,False
61,pilot_062,fdef72496f09cd66,deterministic_text,Benign,Benign,2,OUT_PKTS,14,14,True,True,True,9,-0.0149173379724,0.0149173379724,random_forest,DoS probability,False,0,False
61,pilot_062,fdef72496f09cd66,deterministic_text,Benign,Benign,3,IN_PKTS,22,22,True,True,True,20,-0.00722713756758,0.00722713756758,random_forest,DoS probability,False,0,False
61,pilot_062,fdef72496f09cd66,deterministic_text,Benign,Benign,4,FLOW_DURATION_MILLISECONDS,5,5,True,True,True,14,-0.0125275267897,0.0125275267897,random_forest,DoS probability,False,0,False
61,pilot_062,fdef72496f09cd66,deterministic_text,Benign,Benign,5,RETRANSMITTED_IN_PKTS,5,5,True,True,True,24,-0.00520458232701,0.00520458232701,random_forest,DoS probability,False,0,False
61,pilot_062,fdef72496f09cd66,structured,Benign,DoS,1,RETRANSMITTED_IN_PKTS,5,5,True,True,True,37,0.00679066447534,0.00679066447534,logistic_regression,DoS log-odds,False,0,False
61,pilot_062,fdef72496f09cd66,structured,Benign,DoS,2,FLOW_DURATION_MILLISECONDS,5,5,True,True,True,21,-0.028208910959,0.028208910959,logistic_regression,DoS log-odds,False,0,False
61,pilot_062,fdef72496f09cd66,structured,Benign,DoS,3,SRC_TO_DST_IAT_STDDEV,0,0,True,True,True,29,-0.0111230229411,0.0111230229411,logistic_regression,DoS log-odds,False,0,False
61,pilot_062,fdef72496f09cd66,structured,Benign,DoS,4,L4_DST_PORT,5190,5190,True,True,True,15,-0.067874690019,0.067874690019,logistic_regression,DoS log-odds,False,0,False
61,pilot_062,fdef72496f09cd66,structured,Benign,DoS,5,NUM_PKTS_UP_TO_128_BYTES,32,32,True,True,True,23,0.0251173997578,0.0251173997578,logistic_regression,DoS log-odds,False,0,False
61,pilot_062,fdef72496f09cd66,structured,Benign,DoS,1,RETRANSMITTED_IN_PKTS,5,5,True,True,True,24,-0.00520458232701,0.00520458232701,random_forest,DoS probability,False,0,False
61,pilot_062,fdef72496f09cd66,structured,Benign,DoS,2,FLOW_DURATION_MILLISECONDS,5,5,True,True,True,14,-0.0125275267897,0.0125275267897,random_forest,DoS probability,False,0,False
61,pilot_062,fdef72496f09cd66,structured,Benign,DoS,3,SRC_TO_DST_IAT_STDDEV,0,0,True,True,True,17,-0.00966482951469,0.00966482951469,random_forest,DoS probability,False,0,False
61,pilot_062,fdef72496f09cd66,structured,Benign,DoS,4,L4_DST_PORT,5190,5190,True,True,True,28,-0.00348048962548,0.00348048962548,random_forest,DoS probability,False,0,False
61,pilot_062,fdef72496f09cd66,structured,Benign,DoS,5,NUM_PKTS_UP_TO_128_BYTES,32,32,True,True,True,21,-0.00704735120878,0.00704735120878,random_forest,DoS probability,False,0,False
62,pilot_063,160188c64f55a12d,deterministic_text,DoS,DoS,1,L4_DST_PORT,21,21,True,True,True,4,-0.282843543924,0.282843543924,logistic_regression,DoS log-odds,True,0.282843543924,True
62,pilot_063,160188c64f55a12d,deterministic_text,DoS,DoS,2,TCP_FLAGS,17,17,True,True,True,23,0.0209752099664,0.0209752099664,logistic_regression,DoS log-odds,False,0,False
62,pilot_063,160188c64f55a12d,deterministic_text,DoS,DoS,3,FTP_COMMAND_RET_CODE,0,0,True,True,True,9,0.206445271329,0.206445271329,logistic_regression,DoS log-odds,False,0,False
62,pilot_063,160188c64f55a12d,deterministic_text,DoS,DoS,4,RETRANSMITTED_IN_PKTS,2,2,True,True,True,21,0.0272643106568,0.0272643106568,logistic_regression,DoS log-odds,False,0,False
62,pilot_063,160188c64f55a12d,deterministic_text,DoS,DoS,5,MAX_TTL,255,255,True,True,True,1,1.26484096363,1.26484096363,logistic_regression,DoS log-odds,True,1.26484096363,True
62,pilot_063,160188c64f55a12d,deterministic_text,DoS,DoS,1,L4_DST_PORT,21,21,True,True,True,11,-0.0121258621313,0.0121258621313,random_forest,DoS probability,False,0,False
62,pilot_063,160188c64f55a12d,deterministic_text,DoS,DoS,2,TCP_FLAGS,17,17,True,True,True,30,0.00281543226208,0.00281543226208,random_forest,DoS probability,False,0,False
62,pilot_063,160188c64f55a12d,deterministic_text,DoS,DoS,3,FTP_COMMAND_RET_CODE,0,0,True,True,True,32,0.00266692620139,0.00266692620139,random_forest,DoS probability,False,0,False
62,pilot_063,160188c64f55a12d,deterministic_text,DoS,DoS,4,RETRANSMITTED_IN_PKTS,2,2,True,True,True,18,0.00773206430845,0.00773206430845,random_forest,DoS probability,False,0,False
62,pilot_063,160188c64f55a12d,deterministic_text,DoS,DoS,5,MAX_TTL,255,255,True,True,True,3,0.0496845567265,0.0496845567265,random_forest,DoS probability,True,0.0496845567265,True
62,pilot_063,160188c64f55a12d,structured,DoS,Benign,1,L4_DST_PORT,21,21,True,True,True,4,-0.282843543924,0.282843543924,logistic_regression,DoS log-odds,True,0.282843543924,True
62,pilot_063,160188c64f55a12d,structured,DoS,Benign,2,TCP_FLAGS,17,17,True,True,True,23,0.0209752099664,0.0209752099664,logistic_regression,DoS log-odds,False,0,False
62,pilot_063,160188c64f55a12d,structured,DoS,Benign,3,FLOW_DURATION_MILLISECONDS,1067,1067,True,True,True,40,-0.00122920085175,0.00122920085175,logistic_regression,DoS log-odds,False,0,False
62,pilot_063,160188c64f55a12d,structured,DoS,Benign,4,IN_PKTS,11,11,True,True,True,18,0.0434678320139,0.0434678320139,logistic_regression,DoS log-odds,False,0,False
62,pilot_063,160188c64f55a12d,structured,DoS,Benign,5,SRC_TO_DST_IAT_AVG,116,116,True,True,True,34,0.00468611801006,0.00468611801006,logistic_regression,DoS log-odds,False,0,False
62,pilot_063,160188c64f55a12d,structured,DoS,Benign,1,L4_DST_PORT,21,21,True,True,True,11,-0.0121258621313,0.0121258621313,random_forest,DoS probability,False,0,False
62,pilot_063,160188c64f55a12d,structured,DoS,Benign,2,TCP_FLAGS,17,17,True,True,True,30,0.00281543226208,0.00281543226208,random_forest,DoS probability,False,0,False
62,pilot_063,160188c64f55a12d,structured,DoS,Benign,3,FLOW_DURATION_MILLISECONDS,1067,1067,True,True,True,20,0.00706590778043,0.00706590778043,random_forest,DoS probability,False,0,False
62,pilot_063,160188c64f55a12d,structured,DoS,Benign,4,IN_PKTS,11,11,True,True,True,13,0.00995596715302,0.00995596715302,random_forest,DoS probability,False,0,False
62,pilot_063,160188c64f55a12d,structured,DoS,Benign,5,SRC_TO_DST_IAT_AVG,116,116,True,True,True,7,0.0176838765985,0.0176838765985,random_forest,DoS probability,False,0,False
63,pilot_064,3a1ba0964a7f5b81,deterministic_text,DoS,Benign,1,IN_PKTS,2,2,True,True,True,22,0.0587207984319,0.0587207984319,logistic_regression,DoS log-odds,False,0,False
63,pilot_064,3a1ba0964a7f5b81,deterministic_text,DoS,Benign,2,IN_BYTES,64,64,True,True,True,41,-0.00285478208554,0.00285478208554,logistic_regression,DoS log-odds,False,0,False
63,pilot_064,3a1ba0964a7f5b81,deterministic_text,DoS,Benign,3,FLOW_DURATION_MILLISECONDS,0,0,True,True,True,26,-0.0291610632382,0.0291610632382,logistic_regression,DoS log-odds,False,0,False
63,pilot_064,3a1ba0964a7f5b81,deterministic_text,DoS,Benign,4,L4_DST_PORT,520,520,True,True,True,33,0.00836650837089,0.00836650837089,logistic_regression,DoS log-odds,False,0,False
63,pilot_064,3a1ba0964a7f5b81,deterministic_text,DoS,Benign,5,RETRANSMITTED_IN_PKTS,0,0,True,True,True,25,0.0342072370588,0.0342072370588,logistic_regression,DoS log-odds,False,0,False
63,pilot_064,3a1ba0964a7f5b81,deterministic_text,DoS,Benign,1,IN_PKTS,2,2,True,True,True,10,0.0160085688979,0.0160085688979,random_forest,DoS probability,False,0,False
63,pilot_064,3a1ba0964a7f5b81,deterministic_text,DoS,Benign,2,IN_BYTES,64,64,True,True,True,20,0.00741844184777,0.00741844184777,random_forest,DoS probability,False,0,False
63,pilot_064,3a1ba0964a7f5b81,deterministic_text,DoS,Benign,3,FLOW_DURATION_MILLISECONDS,0,0,True,True,True,30,0.00387735729596,0.00387735729596,random_forest,DoS probability,False,0,False
63,pilot_064,3a1ba0964a7f5b81,deterministic_text,DoS,Benign,4,L4_DST_PORT,520,520,True,True,True,17,0.00814779048118,0.00814779048118,random_forest,DoS probability,False,0,False
63,pilot_064,3a1ba0964a7f5b81,deterministic_text,DoS,Benign,5,RETRANSMITTED_IN_PKTS,0,0,True,True,True,16,0.00952593789825,0.00952593789825,random_forest,DoS probability,False,0,False
63,pilot_064,3a1ba0964a7f5b81,structured,DoS,Benign,1,IN_PKTS,2,2,True,True,True,22,0.0587207984319,0.0587207984319,logistic_regression,DoS log-odds,False,0,False
63,pilot_064,3a1ba0964a7f5b81,structured,DoS,Benign,2,IN_BYTES,64,64,True,True,True,41,-0.00285478208554,0.00285478208554,logistic_regression,DoS log-odds,False,0,False
63,pilot_064,3a1ba0964a7f5b81,structured,DoS,Benign,3,FLOW_DURATION_MILLISECONDS,0,0,True,True,True,26,-0.0291610632382,0.0291610632382,logistic_regression,DoS log-odds,False,0,False
63,pilot_064,3a1ba0964a7f5b81,structured,DoS,Benign,4,OUT_PKTS,0,0,True,True,True,39,-0.00450441721881,0.00450441721881,logistic_regression,DoS log-odds,False,0,False
63,pilot_064,3a1ba0964a7f5b81,structured,DoS,Benign,5,L4_DST_PORT,520,520,True,True,True,33,0.00836650837089,0.00836650837089,logistic_regression,DoS log-odds,False,0,False
63,pilot_064,3a1ba0964a7f5b81,structured,DoS,Benign,1,IN_PKTS,2,2,True,True,True,10,0.0160085688979,0.0160085688979,random_forest,DoS probability,False,0,False
63,pilot_064,3a1ba0964a7f5b81,structured,DoS,Benign,2,IN_BYTES,64,64,True,True,True,20,0.00741844184777,0.00741844184777,random_forest,DoS probability,False,0,False
63,pilot_064,3a1ba0964a7f5b81,structured,DoS,Benign,3,FLOW_DURATION_MILLISECONDS,0,0,True,True,True,30,0.00387735729596,0.00387735729596,random_forest,DoS probability,False,0,False
63,pilot_064,3a1ba0964a7f5b81,structured,DoS,Benign,4,OUT_PKTS,0,0,True,True,True,7,0.0248097893866,0.0248097893866,random_forest,DoS probability,False,0,False
63,pilot_064,3a1ba0964a7f5b81,structured,DoS,Benign,5,L4_DST_PORT,520,520,True,True,True,17,0.00814779048118,0.00814779048118,random_forest,DoS probability,False,0,False
64,pilot_065,0aebe57af883786a,deterministic_text,Benign,Benign,1,FTP_COMMAND_RET_CODE,229,229,True,True,True,15,-0.0723901696268,0.0723901696268,logistic_regression,DoS log-odds,False,0,False
64,pilot_065,0aebe57af883786a,deterministic_text,Benign,Benign,2,L4_DST_PORT,21,21,True,True,True,8,-0.202222770953,0.202222770953,logistic_regression,DoS log-odds,False,0,False
64,pilot_065,0aebe57af883786a,deterministic_text,Benign,Benign,3,IN_PKTS,9,9,True,True,True,20,0.0376461864059,0.0376461864059,logistic_regression,DoS log-odds,False,0,False
64,pilot_065,0aebe57af883786a,deterministic_text,Benign,Benign,4,FLOW_DURATION_MILLISECONDS,33,33,True,True,True,25,-0.0239670063794,0.0239670063794,logistic_regression,DoS log-odds,False,0,False
64,pilot_065,0aebe57af883786a,deterministic_text,Benign,Benign,5,OUT_PKTS,11,11,True,True,True,39,-0.00509238195695,0.00509238195695,logistic_regression,DoS log-odds,False,0,False
64,pilot_065,0aebe57af883786a,deterministic_text,Benign,Benign,1,FTP_COMMAND_RET_CODE,229,229,True,True,True,26,-0.00610000125033,0.00610000125033,random_forest,DoS probability,False,0,False
64,pilot_065,0aebe57af883786a,deterministic_text,Benign,Benign,2,L4_DST_PORT,21,21,True,True,True,18,-0.00839749104725,0.00839749104725,random_forest,DoS probability,False,0,False
64,pilot_065,0aebe57af883786a,deterministic_text,Benign,Benign,3,IN_PKTS,9,9,True,True,True,29,0.00302824743882,0.00302824743882,random_forest,DoS probability,False,0,False
64,pilot_065,0aebe57af883786a,deterministic_text,Benign,Benign,4,FLOW_DURATION_MILLISECONDS,33,33,True,True,True,11,-0.0167595093899,0.0167595093899,random_forest,DoS probability,False,0,False
64,pilot_065,0aebe57af883786a,deterministic_text,Benign,Benign,5,OUT_PKTS,11,11,True,True,True,16,-0.00923416341811,0.00923416341811,random_forest,DoS probability,False,0,False
64,pilot_065,0aebe57af883786a,structured,Benign,Benign,1,L4_DST_PORT,21,21,True,True,True,8,-0.202222770953,0.202222770953,logistic_regression,DoS log-odds,False,0,False
64,pilot_065,0aebe57af883786a,structured,Benign,Benign,2,FTP_COMMAND_RET_CODE,229,229,True,True,True,15,-0.0723901696268,0.0723901696268,logistic_regression,DoS log-odds,False,0,False
64,pilot_065,0aebe57af883786a,structured,Benign,Benign,3,IN_PKTS,9,9,True,True,True,20,0.0376461864059,0.0376461864059,logistic_regression,DoS log-odds,False,0,False
64,pilot_065,0aebe57af883786a,structured,Benign,Benign,4,FLOW_DURATION_MILLISECONDS,33,33,True,True,True,25,-0.0239670063794,0.0239670063794,logistic_regression,DoS log-odds,False,0,False
64,pilot_065,0aebe57af883786a,structured,Benign,Benign,5,TCP_FLAGS,24,24,True,True,True,17,-0.0514359528641,0.0514359528641,logistic_regression,DoS log-odds,False,0,False
64,pilot_065,0aebe57af883786a,structured,Benign,Benign,1,L4_DST_PORT,21,21,True,True,True,18,-0.00839749104725,0.00839749104725,random_forest,DoS probability,False,0,False
64,pilot_065,0aebe57af883786a,structured,Benign,Benign,2,FTP_COMMAND_RET_CODE,229,229,True,True,True,26,-0.00610000125033,0.00610000125033,random_forest,DoS probability,False,0,False
64,pilot_065,0aebe57af883786a,structured,Benign,Benign,3,IN_PKTS,9,9,True,True,True,29,0.00302824743882,0.00302824743882,random_forest,DoS probability,False,0,False
64,pilot_065,0aebe57af883786a,structured,Benign,Benign,4,FLOW_DURATION_MILLISECONDS,33,33,True,True,True,11,-0.0167595093899,0.0167595093899,random_forest,DoS probability,False,0,False
64,pilot_065,0aebe57af883786a,structured,Benign,Benign,5,TCP_FLAGS,24,24,True,True,True,13,-0.0119437361286,0.0119437361286,random_forest,DoS probability,False,0,False
65,pilot_066,fc34c52396c54963,deterministic_text,Benign,Benign,1,L4_DST_PORT,53,53,True,True,True,28,-0.0132236462195,0.0132236462195,logistic_regression,DoS log-odds,False,0,False
65,pilot_066,fc34c52396c54963,deterministic_text,Benign,Benign,2,DNS_QUERY_TYPE,1,1,True,True,True,30,-0.0132236462195,0.0132236462195,logistic_regression,DoS log-odds,False,0,False
65,pilot_066,fc34c52396c54963,deterministic_text,Benign,Benign,3,IN_PKTS,2,2,True,True,True,21,0.0587207984319,0.0587207984319,logistic_regression,DoS log-odds,False,0,False
65,pilot_066,fc34c52396c54963,deterministic_text,Benign,Benign,4,L7_PROTO,5,5,True,True,True,29,-0.0132236462195,0.0132236462195,logistic_regression,DoS log-odds,False,0,False
65,pilot_066,fc34c52396c54963,deterministic_text,Benign,Benign,5,MIN_TTL,31,31,True,True,True,3,-0.722533200488,0.722533200488,logistic_regression,DoS log-odds,True,0.722533200488,True
65,pilot_066,fc34c52396c54963,deterministic_text,Benign,Benign,1,L4_DST_PORT,53,53,True,True,True,8,-0.0159473725061,0.0159473725061,random_forest,DoS probability,False,0,False
65,pilot_066,fc34c52396c54963,deterministic_text,Benign,Benign,2,DNS_QUERY_TYPE,1,1,True,True,True,6,-0.022741523614,0.022741523614,random_forest,DoS probability,False,0,False
65,pilot_066,fc34c52396c54963,deterministic_text,Benign,Benign,3,IN_PKTS,2,2,True,True,True,16,0.00853510030576,0.00853510030576,random_forest,DoS probability,False,0,False
65,pilot_066,fc34c52396c54963,deterministic_text,Benign,Benign,4,L7_PROTO,5,5,True,True,True,7,-0.0192526169882,0.0192526169882,random_forest,DoS probability,False,0,False
65,pilot_066,fc34c52396c54963,deterministic_text,Benign,Benign,5,MIN_TTL,31,31,True,True,True,3,-0.063341586574,0.063341586574,random_forest,DoS probability,True,0.063341586574,True
65,pilot_066,fc34c52396c54963,structured,Benign,Benign,1,L4_DST_PORT,53,53,True,True,True,28,-0.0132236462195,0.0132236462195,logistic_regression,DoS log-odds,False,0,False
65,pilot_066,fc34c52396c54963,structured,Benign,Benign,2,IN_PKTS,2,2,True,True,True,21,0.0587207984319,0.0587207984319,logistic_regression,DoS log-odds,False,0,False
65,pilot_066,fc34c52396c54963,structured,Benign,Benign,3,DNS_QUERY_TYPE,1,1,True,True,True,30,-0.0132236462195,0.0132236462195,logistic_regression,DoS log-odds,False,0,False
65,pilot_066,fc34c52396c54963,structured,Benign,Benign,4,DNS_TTL_ANSWER,60,60,True,True,True,4,-0.507459901167,0.507459901167,logistic_regression,DoS log-odds,True,0.507459901167,True
65,pilot_066,fc34c52396c54963,structured,Benign,Benign,5,IN_BYTES,130,130,True,True,True,41,-0.00283517029522,0.00283517029522,logistic_regression,DoS log-odds,False,0,False
65,pilot_066,fc34c52396c54963,structured,Benign,Benign,1,L4_DST_PORT,53,53,True,True,True,8,-0.0159473725061,0.0159473725061,random_forest,DoS probability,False,0,False
65,pilot_066,fc34c52396c54963,structured,Benign,Benign,2,IN_PKTS,2,2,True,True,True,16,0.00853510030576,0.00853510030576,random_forest,DoS probability,False,0,False
65,pilot_066,fc34c52396c54963,structured,Benign,Benign,3,DNS_QUERY_TYPE,1,1,True,True,True,6,-0.022741523614,0.022741523614,random_forest,DoS probability,False,0,False
65,pilot_066,fc34c52396c54963,structured,Benign,Benign,4,DNS_TTL_ANSWER,60,60,True,True,True,13,-0.0110185482197,0.0110185482197,random_forest,DoS probability,False,0,False
65,pilot_066,fc34c52396c54963,structured,Benign,Benign,5,IN_BYTES,130,130,True,True,True,31,-0.00262351004722,0.00262351004722,random_forest,DoS probability,False,0,False
66,pilot_067,abb588d90ecc864a,deterministic_text,Benign,Benign,1,IN_PKTS,6,6,True,True,True,20,0.051169773456,0.051169773456,logistic_regression,DoS log-odds,False,0,False
66,pilot_067,abb588d90ecc864a,deterministic_text,Benign,Benign,2,FLOW_DURATION_MILLISECONDS,112,112,True,True,True,25,-0.0213235509264,0.0213235509264,logistic_regression,DoS log-odds,False,0,False
66,pilot_067,abb588d90ecc864a,deterministic_text,Benign,Benign,3,SRC_TO_DST_AVG_THROUGHPUT,22654,22654,True,True,True,14,0.0737155761872,0.0737155761872,logistic_regression,DoS log-odds,False,0,False
66,pilot_067,abb588d90ecc864a,deterministic_text,Benign,Benign,4,PROTOCOL,6,6,True,True,True,10,0.127122680599,0.127122680599,logistic_regression,DoS log-odds,False,0,False
66,pilot_067,abb588d90ecc864a,deterministic_text,Benign,Benign,5,TCP_FLAGS,27,27,True,True,True,36,-0.00674542768343,0.00674542768343,logistic_regression,DoS log-odds,False,0,False
66,pilot_067,abb588d90ecc864a,deterministic_text,Benign,Benign,1,IN_PKTS,6,6,True,True,True,24,0.00469629607046,0.00469629607046,random_forest,DoS probability,False,0,False
66,pilot_067,abb588d90ecc864a,deterministic_text,Benign,Benign,2,FLOW_DURATION_MILLISECONDS,112,112,True,True,True,33,-0.00186847269026,0.00186847269026,random_forest,DoS probability,False,0,False
66,pilot_067,abb588d90ecc864a,deterministic_text,Benign,Benign,3,SRC_TO_DST_AVG_THROUGHPUT,22654,22654,True,True,True,20,0.00589180445315,0.00589180445315,random_forest,DoS probability,False,0,False
66,pilot_067,abb588d90ecc864a,deterministic_text,Benign,Benign,4,PROTOCOL,6,6,True,True,True,43,-6.52096507246e-05,6.52096507246e-05,random_forest,DoS probability,False,0,False
66,pilot_067,abb588d90ecc864a,deterministic_text,Benign,Benign,5,TCP_FLAGS,27,27,True,True,True,14,-0.0109139964317,0.0109139964317,random_forest,DoS probability,False,0,False
66,pilot_067,abb588d90ecc864a,structured,Benign,Benign,1,IN_PKTS,6,6,True,True,True,20,0.051169773456,0.051169773456,logistic_regression,DoS log-odds,False,0,False
66,pilot_067,abb588d90ecc864a,structured,Benign,Benign,2,IN_BYTES,320,320,True,True,True,38,-0.00671341923307,0.00671341923307,logistic_regression,DoS log-odds,False,0,False
66,pilot_067,abb588d90ecc864a,structured,Benign,Benign,3,FLOW_DURATION_MILLISECONDS,112,112,True,True,True,25,-0.0213235509264,0.0213235509264,logistic_regression,DoS log-odds,False,0,False
66,pilot_067,abb588d90ecc864a,structured,Benign,Benign,4,OUT_PKTS,8,8,True,True,True,39,-0.00559411526358,0.00559411526358,logistic_regression,DoS log-odds,False,0,False
66,pilot_067,abb588d90ecc864a,structured,Benign,Benign,5,TCP_FLAGS,27,27,True,True,True,36,-0.00674542768343,0.00674542768343,logistic_regression,DoS log-odds,False,0,False
66,pilot_067,abb588d90ecc864a,structured,Benign,Benign,1,IN_PKTS,6,6,True,True,True,24,0.00469629607046,0.00469629607046,random_forest,DoS probability,False,0,False
66,pilot_067,abb588d90ecc864a,structured,Benign,Benign,2,IN_BYTES,320,320,True,True,True,37,-0.000824136563218,0.000824136563218,random_forest,DoS probability,False,0,False
66,pilot_067,abb588d90ecc864a,structured,Benign,Benign,3,FLOW_DURATION_MILLISECONDS,112,112,True,True,True,33,-0.00186847269026,0.00186847269026,random_forest,DoS probability,False,0,False
66,pilot_067,abb588d90ecc864a,structured,Benign,Benign,4,OUT_PKTS,8,8,True,True,True,25,0.00406953616298,0.00406953616298,random_forest,DoS probability,False,0,False
66,pilot_067,abb588d90ecc864a,structured,Benign,Benign,5,TCP_FLAGS,27,27,True,True,True,14,-0.0109139964317,0.0109139964317,random_forest,DoS probability,False,0,False
67,pilot_068,d3ce1789bbd7df6a,deterministic_text,Benign,Benign,1,L4_DST_PORT,21,21,True,True,True,6,-0.282843543924,0.282843543924,logistic_regression,DoS log-odds,False,0,False
67,pilot_068,d3ce1789bbd7df6a,deterministic_text,Benign,Benign,2,FTP_COMMAND_RET_CODE,230,230,True,True,True,15,-0.0710284716468,0.0710284716468,logistic_regression,DoS log-odds,False,0,False
67,pilot_068,d3ce1789bbd7df6a,deterministic_text,Benign,Benign,3,IN_PKTS,19,19,True,True,True,21,0.0311447257065,0.0311447257065,logistic_regression,DoS log-odds,False,0,False
67,pilot_068,d3ce1789bbd7df6a,deterministic_text,Benign,Benign,4,IN_BYTES,1031,1031,True,True,True,35,-0.00622576633238,0.00622576633238,logistic_regression,DoS log-odds,False,0,False
67,pilot_068,d3ce1789bbd7df6a,deterministic_text,Benign,Benign,5,TCP_FLAGS,24,24,True,True,True,10,-0.169718714488,0.169718714488,logistic_regression,DoS log-odds,False,0,False
67,pilot_068,d3ce1789bbd7df6a,deterministic_text,Benign,Benign,1,L4_DST_PORT,21,21,True,True,True,14,-0.0139979678831,0.0139979678831,random_forest,DoS probability,False,0,False
67,pilot_068,d3ce1789bbd7df6a,deterministic_text,Benign,Benign,2,FTP_COMMAND_RET_CODE,230,230,True,True,True,16,-0.0123283322588,0.0123283322588,random_forest,DoS probability,False,0,False
67,pilot_068,d3ce1789bbd7df6a,deterministic_text,Benign,Benign,3,IN_PKTS,19,19,True,True,True,10,-0.0176711312298,0.0176711312298,random_forest,DoS probability,False,0,False
67,pilot_068,d3ce1789bbd7df6a,deterministic_text,Benign,Benign,4,IN_BYTES,1031,1031,True,True,True,34,0.00151937964773,0.00151937964773,random_forest,DoS probability,False,0,False
67,pilot_068,d3ce1789bbd7df6a,deterministic_text,Benign,Benign,5,TCP_FLAGS,24,24,True,True,True,13,-0.0146914113677,0.0146914113677,random_forest,DoS probability,False,0,False
67,pilot_068,d3ce1789bbd7df6a,structured,Benign,Benign,1,IN_PKTS,19,19,True,True,True,21,0.0311447257065,0.0311447257065,logistic_regression,DoS log-odds,False,0,False
67,pilot_068,d3ce1789bbd7df6a,structured,Benign,Benign,2,L4_DST_PORT,21,21,True,True,True,6,-0.282843543924,0.282843543924,logistic_regression,DoS log-odds,False,0,False
67,pilot_068,d3ce1789bbd7df6a,structured,Benign,Benign,3,FTP_COMMAND_RET_CODE,230,230,True,True,True,15,-0.0710284716468,0.0710284716468,logistic_regression,DoS log-odds,False,0,False
67,pilot_068,d3ce1789bbd7df6a,structured,Benign,Benign,4,FLOW_DURATION_MILLISECONDS,524,524,True,True,True,27,-0.0126545747686,0.0126545747686,logistic_regression,DoS log-odds,False,0,False
67,pilot_068,d3ce1789bbd7df6a,structured,Benign,Benign,5,MIN_TTL,31,31,True,True,True,2,-0.743834924585,0.743834924585,logistic_regression,DoS log-odds,True,0.743834924585,True
67,pilot_068,d3ce1789bbd7df6a,structured,Benign,Benign,1,IN_PKTS,19,19,True,True,True,10,-0.0176711312298,0.0176711312298,random_forest,DoS probability,False,0,False
67,pilot_068,d3ce1789bbd7df6a,structured,Benign,Benign,2,L4_DST_PORT,21,21,True,True,True,14,-0.0139979678831,0.0139979678831,random_forest,DoS probability,False,0,False
67,pilot_068,d3ce1789bbd7df6a,structured,Benign,Benign,3,FTP_COMMAND_RET_CODE,230,230,True,True,True,16,-0.0123283322588,0.0123283322588,random_forest,DoS probability,False,0,False
67,pilot_068,d3ce1789bbd7df6a,structured,Benign,Benign,4,FLOW_DURATION_MILLISECONDS,524,524,True,True,True,35,0.00101149433666,0.00101149433666,random_forest,DoS probability,False,0,False
67,pilot_068,d3ce1789bbd7df6a,structured,Benign,Benign,5,MIN_TTL,31,31,True,True,True,3,-0.0639547270435,0.0639547270435,random_forest,DoS probability,True,0.0639547270435,True
68,pilot_069,c2aa5f0f5408a80e,deterministic_text,Benign,DoS,1,FLOW_DURATION_MILLISECONDS,20,20,True,True,True,23,-0.0278454213894,0.0278454213894,logistic_regression,DoS log-odds,False,0,False
68,pilot_069,c2aa5f0f5408a80e,deterministic_text,Benign,DoS,2,RETRANSMITTED_OUT_PKTS,20,20,True,True,True,37,-0.00382906152046,0.00382906152046,logistic_regression,DoS log-odds,False,0,False
68,pilot_069,c2aa5f0f5408a80e,deterministic_text,Benign,DoS,3,NUM_PKTS_UP_TO_128_BYTES,80,80,True,True,True,18,-0.0578153733033,0.0578153733033,logistic_regression,DoS log-odds,False,0,False
68,pilot_069,c2aa5f0f5408a80e,deterministic_text,Benign,DoS,4,SRC_TO_DST_IAT_AVG,0,0,True,True,True,25,-0.0239734416201,0.0239734416201,logistic_regression,DoS log-odds,False,0,False
68,pilot_069,c2aa5f0f5408a80e,deterministic_text,Benign,DoS,5,MIN_TTL,31,31,True,True,True,4,-0.751375024111,0.751375024111,logistic_regression,DoS log-odds,True,0.751375024111,True
68,pilot_069,c2aa5f0f5408a80e,deterministic_text,Benign,DoS,1,FLOW_DURATION_MILLISECONDS,20,20,True,True,True,15,-0.0112532058692,0.0112532058692,random_forest,DoS probability,False,0,False
68,pilot_069,c2aa5f0f5408a80e,deterministic_text,Benign,DoS,2,RETRANSMITTED_OUT_PKTS,20,20,True,True,True,13,-0.0125721741278,0.0125721741278,random_forest,DoS probability,False,0,False
68,pilot_069,c2aa5f0f5408a80e,deterministic_text,Benign,DoS,3,NUM_PKTS_UP_TO_128_BYTES,80,80,True,True,True,9,-0.0166737916637,0.0166737916637,random_forest,DoS probability,False,0,False
68,pilot_069,c2aa5f0f5408a80e,deterministic_text,Benign,DoS,4,SRC_TO_DST_IAT_AVG,0,0,True,True,True,11,-0.0137868116248,0.0137868116248,random_forest,DoS probability,False,0,False
68,pilot_069,c2aa5f0f5408a80e,deterministic_text,Benign,DoS,5,MIN_TTL,31,31,True,True,True,3,-0.047879687281,0.047879687281,random_forest,DoS probability,True,0.047879687281,True
68,pilot_069,c2aa5f0f5408a80e,structured,Benign,Benign,1,OUT_BYTES,35742,35742,True,True,True,36,-0.00529960931916,0.00529960931916,logistic_regression,DoS log-odds,False,0,False
68,pilot_069,c2aa5f0f5408a80e,structured,Benign,Benign,2,IN_PKTS,54,54,True,True,True,27,-0.0200578589591,0.0200578589591,logistic_regression,DoS log-odds,False,0,False
68,pilot_069,c2aa5f0f5408a80e,structured,Benign,Benign,3,FLOW_DURATION_MILLISECONDS,20,20,True,True,True,23,-0.0278454213894,0.0278454213894,logistic_regression,DoS log-odds,False,0,False
68,pilot_069,c2aa5f0f5408a80e,structured,Benign,Benign,4,TCP_FLAGS,27,27,True,True,True,16,-0.063417026278,0.063417026278,logistic_regression,DoS log-odds,False,0,False
68,pilot_069,c2aa5f0f5408a80e,structured,Benign,Benign,5,RETRANSMITTED_OUT_PKTS,20,20,True,True,True,37,-0.00382906152046,0.00382906152046,logistic_regression,DoS log-odds,False,0,False
68,pilot_069,c2aa5f0f5408a80e,structured,Benign,Benign,1,OUT_BYTES,35742,35742,True,True,True,7,-0.0171248336076,0.0171248336076,random_forest,DoS probability,False,0,False
68,pilot_069,c2aa5f0f5408a80e,structured,Benign,Benign,2,IN_PKTS,54,54,True,True,True,20,-0.00874162086019,0.00874162086019,random_forest,DoS probability,False,0,False
68,pilot_069,c2aa5f0f5408a80e,structured,Benign,Benign,3,FLOW_DURATION_MILLISECONDS,20,20,True,True,True,15,-0.0112532058692,0.0112532058692,random_forest,DoS probability,False,0,False
68,pilot_069,c2aa5f0f5408a80e,structured,Benign,Benign,4,TCP_FLAGS,27,27,True,True,True,12,-0.0132193169904,0.0132193169904,random_forest,DoS probability,False,0,False
68,pilot_069,c2aa5f0f5408a80e,structured,Benign,Benign,5,RETRANSMITTED_OUT_PKTS,20,20,True,True,True,13,-0.0125721741278,0.0125721741278,random_forest,DoS probability,False,0,False
69,pilot_070,520191617d401e93,deterministic_text,Benign,Benign,1,L4_DST_PORT,21,21,True,True,True,8,-0.159436306935,0.159436306935,logistic_regression,DoS log-odds,False,0,False
69,pilot_070,520191617d401e93,deterministic_text,Benign,Benign,2,IN_PKTS,13,13,True,True,True,20,0.0416185966712,0.0416185966712,logistic_regression,DoS log-odds,False,0,False
69,pilot_070,520191617d401e93,deterministic_text,Benign,Benign,3,TCP_FLAGS,24,24,True,True,True,21,-0.0344431494959,0.0344431494959,logistic_regression,DoS log-odds,False,0,False
69,pilot_070,520191617d401e93,deterministic_text,Benign,Benign,4,FLOW_DURATION_MILLISECONDS,987,987,True,True,True,39,-0.00253020166562,0.00253020166562,logistic_regression,DoS log-odds,False,0,False
69,pilot_070,520191617d401e93,deterministic_text,Benign,Benign,5,FTP_COMMAND_RET_CODE,125,125,True,True,True,13,-0.123944903658,0.123944903658,logistic_regression,DoS log-odds,False,0,False
69,pilot_070,520191617d401e93,deterministic_text,Benign,Benign,1,L4_DST_PORT,21,21,True,True,True,28,-0.00386066823616,0.00386066823616,random_forest,DoS probability,False,0,False
69,pilot_070,520191617d401e93,deterministic_text,Benign,Benign,2,IN_PKTS,13,13,True,True,True,23,-0.00594852056529,0.00594852056529,random_forest,DoS probability,False,0,False
69,pilot_070,520191617d401e93,deterministic_text,Benign,Benign,3,TCP_FLAGS,24,24,True,True,True,17,-0.00866934729329,0.00866934729329,random_forest,DoS probability,False,0,False
69,pilot_070,520191617d401e93,deterministic_text,Benign,Benign,4,FLOW_DURATION_MILLISECONDS,987,987,True,True,True,20,0.00781276508449,0.00781276508449,random_forest,DoS probability,False,0,False
69,pilot_070,520191617d401e93,deterministic_text,Benign,Benign,5,FTP_COMMAND_RET_CODE,125,125,True,True,True,24,-0.00482568353807,0.00482568353807,random_forest,DoS probability,False,0,False
69,pilot_070,520191617d401e93,structured,Benign,Benign,1,L4_DST_PORT,21,21,True,True,True,8,-0.159436306935,0.159436306935,logistic_regression,DoS log-odds,False,0,False
69,pilot_070,520191617d401e93,structured,Benign,Benign,2,IN_BYTES,701,701,True,True,True,38,-0.00266549859417,0.00266549859417,logistic_regression,DoS log-odds,False,0,False
69,pilot_070,520191617d401e93,structured,Benign,Benign,3,FLOW_DURATION_MILLISECONDS,987,987,True,True,True,39,-0.00253020166562,0.00253020166562,logistic_regression,DoS log-odds,False,0,False
69,pilot_070,520191617d401e93,structured,Benign,Benign,4,TCP_FLAGS,24,24,True,True,True,21,-0.0344431494959,0.0344431494959,logistic_regression,DoS log-odds,False,0,False
69,pilot_070,520191617d401e93,structured,Benign,Benign,5,SRC_TO_DST_IAT_AVG,65,65,True,True,True,35,0.00539575550423,0.00539575550423,logistic_regression,DoS log-odds,False,0,False
69,pilot_070,520191617d401e93,structured,Benign,Benign,1,L4_DST_PORT,21,21,True,True,True,28,-0.00386066823616,0.00386066823616,random_forest,DoS probability,False,0,False
69,pilot_070,520191617d401e93,structured,Benign,Benign,2,IN_BYTES,701,701,True,True,True,22,0.00599332684464,0.00599332684464,random_forest,DoS probability,False,0,False
69,pilot_070,520191617d401e93,structured,Benign,Benign,3,FLOW_DURATION_MILLISECONDS,987,987,True,True,True,20,0.00781276508449,0.00781276508449,random_forest,DoS probability,False,0,False
69,pilot_070,520191617d401e93,structured,Benign,Benign,4,TCP_FLAGS,24,24,True,True,True,17,-0.00866934729329,0.00866934729329,random_forest,DoS probability,False,0,False
69,pilot_070,520191617d401e93,structured,Benign,Benign,5,SRC_TO_DST_IAT_AVG,65,65,True,True,True,8,0.0170465546322,0.0170465546322,random_forest,DoS probability,False,0,False
70,pilot_071,8e157d4f6ae8a89e,deterministic_text,DoS,Benign,1,IN_PKTS,10,10,True,True,True,20,0.0450082203023,0.0450082203023,logistic_regression,DoS log-odds,False,0,False
70,pilot_071,8e157d4f6ae8a89e,deterministic_text,DoS,Benign,2,SRC_TO_DST_IAT_STDDEV,87,87,True,True,True,39,-0.00392965445549,0.00392965445549,logistic_regression,DoS log-odds,False,0,False
70,pilot_071,8e157d4f6ae8a89e,deterministic_text,DoS,Benign,3,L4_DST_PORT,80,80,True,True,True,3,0.617607513023,0.617607513023,logistic_regression,DoS log-odds,True,0.617607513023,True
70,pilot_071,8e157d4f6ae8a89e,deterministic_text,DoS,Benign,4,L4_SRC_PORT,43235,43235,True,True,True,42,0,0,logistic_regression,DoS log-odds,False,0,False
70,pilot_071,8e157d4f6ae8a89e,deterministic_text,DoS,Benign,5,TCP_FLAGS,27,27,True,True,True,32,-0.00674542768343,0.00674542768343,logistic_regression,DoS log-odds,False,0,False
70,pilot_071,8e157d4f6ae8a89e,deterministic_text,DoS,Benign,1,IN_PKTS,10,10,True,True,True,15,0.0101438240032,0.0101438240032,random_forest,DoS probability,False,0,False
70,pilot_071,8e157d4f6ae8a89e,deterministic_text,DoS,Benign,2,SRC_TO_DST_IAT_STDDEV,87,87,True,True,True,7,0.0191900988734,0.0191900988734,random_forest,DoS probability,False,0,False
70,pilot_071,8e157d4f6ae8a89e,deterministic_text,DoS,Benign,3,L4_DST_PORT,80,80,True,True,True,24,0.00635423659962,0.00635423659962,random_forest,DoS probability,False,0,False
70,pilot_071,8e157d4f6ae8a89e,deterministic_text,DoS,Benign,4,L4_SRC_PORT,43235,43235,True,True,True,35,0.00177826962129,0.00177826962129,random_forest,DoS probability,False,0,False
70,pilot_071,8e157d4f6ae8a89e,deterministic_text,DoS,Benign,5,TCP_FLAGS,27,27,True,True,True,27,-0.00464431560868,0.00464431560868,random_forest,DoS probability,False,0,False
70,pilot_071,8e157d4f6ae8a89e,structured,DoS,Benign,1,IN_PKTS,10,10,True,True,True,20,0.0450082203023,0.0450082203023,logistic_regression,DoS log-odds,False,0,False
70,pilot_071,8e157d4f6ae8a89e,structured,DoS,Benign,2,IN_BYTES,940,940,True,True,True,33,-0.00628818041672,0.00628818041672,logistic_regression,DoS log-odds,False,0,False
70,pilot_071,8e157d4f6ae8a89e,structured,DoS,Benign,3,L4_DST_PORT,80,80,True,True,True,3,0.617607513023,0.617607513023,logistic_regression,DoS log-odds,True,0.617607513023,True
70,pilot_071,8e157d4f6ae8a89e,structured,DoS,Benign,4,SRC_TO_DST_IAT_AVG,69,69,True,True,True,37,-0.00508637434591,0.00508637434591,logistic_regression,DoS log-odds,False,0,False
70,pilot_071,8e157d4f6ae8a89e,structured,DoS,Benign,5,MIN_TTL,62,62,True,True,True,4,-0.46500925757,0.46500925757,logistic_regression,DoS log-odds,True,0.46500925757,True
70,pilot_071,8e157d4f6ae8a89e,structured,DoS,Benign,1,IN_PKTS,10,10,True,True,True,15,0.0101438240032,0.0101438240032,random_forest,DoS probability,False,0,False
70,pilot_071,8e157d4f6ae8a89e,structured,DoS,Benign,2,IN_BYTES,940,940,True,True,True,19,0.00866295227942,0.00866295227942,random_forest,DoS probability,False,0,False
70,pilot_071,8e157d4f6ae8a89e,structured,DoS,Benign,3,L4_DST_PORT,80,80,True,True,True,24,0.00635423659962,0.00635423659962,random_forest,DoS probability,False,0,False
70,pilot_071,8e157d4f6ae8a89e,structured,DoS,Benign,4,SRC_TO_DST_IAT_AVG,69,69,True,True,True,9,0.0183465562618,0.0183465562618,random_forest,DoS probability,False,0,False
70,pilot_071,8e157d4f6ae8a89e,structured,DoS,Benign,5,MIN_TTL,62,62,True,True,True,3,0.0467030065559,0.0467030065559,random_forest,DoS probability,True,0.0467030065559,True
71,pilot_072,52aab509a7b69600,deterministic_text,Benign,DoS,1,RETRANSMITTED_OUT_PKTS,12,12,True,True,True,35,-0.00543480024781,0.00543480024781,logistic_regression,DoS log-odds,False,0,False
71,pilot_072,52aab509a7b69600,deterministic_text,Benign,DoS,2,FLOW_DURATION_MILLISECONDS,10,10,True,True,True,22,-0.0234697537616,0.0234697537616,logistic_regression,DoS log-odds,False,0,False
71,pilot_072,52aab509a7b69600,deterministic_text,Benign,DoS,3,DST_TO_SRC_AVG_THROUGHPUT,14443636,14443636,True,True,True,1,-1.71285984234,1.71285984234,logistic_regression,DoS log-odds,True,1.71285984234,True
71,pilot_072,52aab509a7b69600,deterministic_text,Benign,DoS,4,NUM_PKTS_UP_TO_128_BYTES,64,64,True,True,True,19,-0.0265124258593,0.0265124258593,logistic_regression,DoS log-odds,False,0,False
71,pilot_072,52aab509a7b69600,deterministic_text,Benign,DoS,5,L4_DST_PORT,19804,19804,True,True,True,44,0,0,logistic_regression,DoS log-odds,False,0,False
71,pilot_072,52aab509a7b69600,deterministic_text,Benign,DoS,1,RETRANSMITTED_OUT_PKTS,12,12,True,True,True,8,-0.0181381516539,0.0181381516539,random_forest,DoS probability,False,0,False
71,pilot_072,52aab509a7b69600,deterministic_text,Benign,DoS,2,FLOW_DURATION_MILLISECONDS,10,10,True,True,True,25,-0.00651866054482,0.00651866054482,random_forest,DoS probability,False,0,False
71,pilot_072,52aab509a7b69600,deterministic_text,Benign,DoS,3,DST_TO_SRC_AVG_THROUGHPUT,14443636,14443636,True,True,True,6,-0.0289269307096,0.0289269307096,random_forest,DoS probability,False,0,False
71,pilot_072,52aab509a7b69600,deterministic_text,Benign,DoS,4,NUM_PKTS_UP_TO_128_BYTES,64,64,True,True,True,9,-0.017954556727,0.017954556727,random_forest,DoS probability,False,0,False
71,pilot_072,52aab509a7b69600,deterministic_text,Benign,DoS,5,L4_DST_PORT,19804,19804,True,True,True,32,-0.00297877783109,0.00297877783109,random_forest,DoS probability,False,0,False
71,pilot_072,52aab509a7b69600,structured,Benign,DoS,1,TCP_FLAGS,27,27,True,True,True,32,-0.00674542768343,0.00674542768343,logistic_regression,DoS log-odds,False,0,False
71,pilot_072,52aab509a7b69600,structured,Benign,DoS,2,FLOW_DURATION_MILLISECONDS,10,10,True,True,True,22,-0.0234697537616,0.0234697537616,logistic_regression,DoS log-odds,False,0,False
71,pilot_072,52aab509a7b69600,structured,Benign,DoS,3,SRC_TO_DST_IAT_AVG,0,0,True,True,True,25,-0.019433224826,0.019433224826,logistic_regression,DoS log-odds,False,0,False
71,pilot_072,52aab509a7b69600,structured,Benign,DoS,4,NUM_PKTS_UP_TO_128_BYTES,64,64,True,True,True,19,-0.0265124258593,0.0265124258593,logistic_regression,DoS log-odds,False,0,False
71,pilot_072,52aab509a7b69600,structured,Benign,DoS,5,RETRANSMITTED_OUT_PKTS,12,12,True,True,True,35,-0.00543480024781,0.00543480024781,logistic_regression,DoS log-odds,False,0,False
71,pilot_072,52aab509a7b69600,structured,Benign,DoS,1,TCP_FLAGS,27,27,True,True,True,13,-0.0113547174405,0.0113547174405,random_forest,DoS probability,False,0,False
71,pilot_072,52aab509a7b69600,structured,Benign,DoS,2,FLOW_DURATION_MILLISECONDS,10,10,True,True,True,25,-0.00651866054482,0.00651866054482,random_forest,DoS probability,False,0,False
71,pilot_072,52aab509a7b69600,structured,Benign,DoS,3,SRC_TO_DST_IAT_AVG,0,0,True,True,True,15,-0.0110485970944,0.0110485970944,random_forest,DoS probability,False,0,False
71,pilot_072,52aab509a7b69600,structured,Benign,DoS,4,NUM_PKTS_UP_TO_128_BYTES,64,64,True,True,True,9,-0.017954556727,0.017954556727,random_forest,DoS probability,False,0,False
71,pilot_072,52aab509a7b69600,structured,Benign,DoS,5,RETRANSMITTED_OUT_PKTS,12,12,True,True,True,8,-0.0181381516539,0.0181381516539,random_forest,DoS probability,False,0,False
72,pilot_073,15bcf3545865663c,deterministic_text,Benign,Benign,1,FTP_COMMAND_RET_CODE,229,229,True,True,True,11,-0.148306299129,0.148306299129,logistic_regression,DoS log-odds,False,0,False
72,pilot_073,15bcf3545865663c,deterministic_text,Benign,Benign,2,L4_DST_PORT,21,21,True,True,True,10,-0.159436306935,0.159436306935,logistic_regression,DoS log-odds,False,0,False
72,pilot_073,15bcf3545865663c,deterministic_text,Benign,Benign,3,IN_PKTS,9,9,True,True,True,21,0.0478375791296,0.0478375791296,logistic_regression,DoS log-odds,False,0,False
72,pilot_073,15bcf3545865663c,deterministic_text,Benign,Benign,4,TCP_FLAGS,24,24,True,True,True,23,-0.0344431494959,0.0344431494959,logistic_regression,DoS log-odds,False,0,False
72,pilot_073,15bcf3545865663c,deterministic_text,Benign,Benign,5,FLOW_DURATION_MILLISECONDS,16,16,True,True,True,26,-0.0287293572755,0.0287293572755,logistic_regression,DoS log-odds,False,0,False
72,pilot_073,15bcf3545865663c,deterministic_text,Benign,Benign,1,FTP_COMMAND_RET_CODE,229,229,True,True,True,25,-0.00578090292014,0.00578090292014,random_forest,DoS probability,False,0,False
72,pilot_073,15bcf3545865663c,deterministic_text,Benign,Benign,2,L4_DST_PORT,21,21,True,True,True,26,-0.00545789198908,0.00545789198908,random_forest,DoS probability,False,0,False
72,pilot_073,15bcf3545865663c,deterministic_text,Benign,Benign,3,IN_PKTS,9,9,True,True,True,30,0.00369839786611,0.00369839786611,random_forest,DoS probability,False,0,False
72,pilot_073,15bcf3545865663c,deterministic_text,Benign,Benign,4,TCP_FLAGS,24,24,True,True,True,20,-0.00789355865261,0.00789355865261,random_forest,DoS probability,False,0,False
72,pilot_073,15bcf3545865663c,deterministic_text,Benign,Benign,5,FLOW_DURATION_MILLISECONDS,16,16,True,True,True,10,-0.015546764962,0.015546764962,random_forest,DoS probability,False,0,False
72,pilot_073,15bcf3545865663c,structured,Benign,Benign,1,FLOW_DURATION_MILLISECONDS,16,16,True,True,True,26,-0.0287293572755,0.0287293572755,logistic_regression,DoS log-odds,False,0,False
72,pilot_073,15bcf3545865663c,structured,Benign,Benign,2,L4_DST_PORT,21,21,True,True,True,10,-0.159436306935,0.159436306935,logistic_regression,DoS log-odds,False,0,False
72,pilot_073,15bcf3545865663c,structured,Benign,Benign,3,IN_BYTES,481,481,True,True,True,41,-0.00273087122855,0.00273087122855,logistic_regression,DoS log-odds,False,0,False
72,pilot_073,15bcf3545865663c,structured,Benign,Benign,4,TCP_FLAGS,24,24,True,True,True,23,-0.0344431494959,0.0344431494959,logistic_regression,DoS log-odds,False,0,False
72,pilot_073,15bcf3545865663c,structured,Benign,Benign,5,OUT_PKTS,11,11,True,True,True,39,-0.00400706625864,0.00400706625864,logistic_regression,DoS log-odds,False,0,False
72,pilot_073,15bcf3545865663c,structured,Benign,Benign,1,FLOW_DURATION_MILLISECONDS,16,16,True,True,True,10,-0.015546764962,0.015546764962,random_forest,DoS probability,False,0,False
72,pilot_073,15bcf3545865663c,structured,Benign,Benign,2,L4_DST_PORT,21,21,True,True,True,26,-0.00545789198908,0.00545789198908,random_forest,DoS probability,False,0,False
72,pilot_073,15bcf3545865663c,structured,Benign,Benign,3,IN_BYTES,481,481,True,True,True,44,-2.39626761755e-05,2.39626761755e-05,random_forest,DoS probability,False,0,False
72,pilot_073,15bcf3545865663c,structured,Benign,Benign,4,TCP_FLAGS,24,24,True,True,True,20,-0.00789355865261,0.00789355865261,random_forest,DoS probability,False,0,False
72,pilot_073,15bcf3545865663c,structured,Benign,Benign,5,OUT_PKTS,11,11,True,True,True,16,-0.010154633056,0.010154633056,random_forest,DoS probability,False,0,False
73,pilot_074,3038e2fd32cd7340,deterministic_text,DoS,Benign,1,IN_PKTS,4,4,True,True,True,14,0.147448510783,0.147448510783,logistic_regression,DoS log-odds,False,0,False
73,pilot_074,3038e2fd32cd7340,deterministic_text,DoS,Benign,2,IN_BYTES,160,160,True,True,True,41,-0.00145056111476,0.00145056111476,logistic_regression,DoS log-odds,False,0,False
73,pilot_074,3038e2fd32cd7340,deterministic_text,DoS,Benign,3,SRC_TO_DST_AVG_THROUGHPUT,1516,1516,True,True,True,29,0.0250345670928,0.0250345670928,logistic_regression,DoS log-odds,False,0,False
73,pilot_074,3038e2fd32cd7340,deterministic_text,DoS,Benign,4,TCP_WIN_MAX_IN,51820,51820,True,True,True,1,1.5745958231,1.5745958231,logistic_regression,DoS log-odds,True,1.5745958231,True
73,pilot_074,3038e2fd32cd7340,deterministic_text,DoS,Benign,5,RETRANSMITTED_IN_PKTS,1,1,True,True,True,21,0.0824169987936,0.0824169987936,logistic_regression,DoS log-odds,False,0,False
73,pilot_074,3038e2fd32cd7340,deterministic_text,DoS,Benign,1,IN_PKTS,4,4,True,True,True,16,0.0112762716361,0.0112762716361,random_forest,DoS probability,False,0,False
73,pilot_074,3038e2fd32cd7340,deterministic_text,DoS,Benign,2,IN_BYTES,160,160,True,True,True,26,0.00564766117933,0.00564766117933,random_forest,DoS probability,False,0,False
73,pilot_074,3038e2fd32cd7340,deterministic_text,DoS,Benign,3,SRC_TO_DST_AVG_THROUGHPUT,1516,1516,True,True,True,11,0.0125672059421,0.0125672059421,random_forest,DoS probability,False,0,False
73,pilot_074,3038e2fd32cd7340,deterministic_text,DoS,Benign,4,TCP_WIN_MAX_IN,51820,51820,True,True,True,14,0.0115862123055,0.0115862123055,random_forest,DoS probability,False,0,False
73,pilot_074,3038e2fd32cd7340,deterministic_text,DoS,Benign,5,RETRANSMITTED_IN_PKTS,1,1,True,True,True,25,0.00647122457628,0.00647122457628,random_forest,DoS probability,False,0,False
73,pilot_074,3038e2fd32cd7340,structured,DoS,Benign,1,IN_BYTES,160,160,True,True,True,41,-0.00145056111476,0.00145056111476,logistic_regression,DoS log-odds,False,0,False
73,pilot_074,3038e2fd32cd7340,structured,DoS,Benign,2,IN_PKTS,4,4,True,True,True,14,0.147448510783,0.147448510783,logistic_regression,DoS log-odds,False,0,False
73,pilot_074,3038e2fd32cd7340,structured,DoS,Benign,3,TCP_FLAGS,18,18,True,True,True,11,0.170486620687,0.170486620687,logistic_regression,DoS log-odds,False,0,False
73,pilot_074,3038e2fd32cd7340,structured,DoS,Benign,4,L4_SRC_PORT,48139,48139,True,True,True,44,0,0,logistic_regression,DoS log-odds,False,0,False
73,pilot_074,3038e2fd32cd7340,structured,DoS,Benign,5,SRC_TO_DST_AVG_THROUGHPUT,1516,1516,True,True,True,29,0.0250345670928,0.0250345670928,logistic_regression,DoS log-odds,False,0,False
73,pilot_074,3038e2fd32cd7340,structured,DoS,Benign,1,IN_BYTES,160,160,True,True,True,26,0.00564766117933,0.00564766117933,random_forest,DoS probability,False,0,False
73,pilot_074,3038e2fd32cd7340,structured,DoS,Benign,2,IN_PKTS,4,4,True,True,True,16,0.0112762716361,0.0112762716361,random_forest,DoS probability,False,0,False
73,pilot_074,3038e2fd32cd7340,structured,DoS,Benign,3,TCP_FLAGS,18,18,True,True,True,19,0.00900999902624,0.00900999902624,random_forest,DoS probability,False,0,False
73,pilot_074,3038e2fd32cd7340,structured,DoS,Benign,4,L4_SRC_PORT,48139,48139,True,True,True,38,0.00129549300982,0.00129549300982,random_forest,DoS probability,False,0,False
73,pilot_074,3038e2fd32cd7340,structured,DoS,Benign,5,SRC_TO_DST_AVG_THROUGHPUT,1516,1516,True,True,True,11,0.0125672059421,0.0125672059421,random_forest,DoS probability,False,0,False
74,pilot_075,5f99af81018ae167,deterministic_text,DoS,Benign,1,FTP_COMMAND_RET_CODE,200,200,True,True,True,7,0.322673933759,0.322673933759,logistic_regression,DoS log-odds,False,0,False
74,pilot_075,5f99af81018ae167,deterministic_text,DoS,Benign,2,RETRANSMITTED_IN_PKTS,5,5,True,True,True,37,-0.00805792269508,0.00805792269508,logistic_regression,DoS log-odds,False,0,False
74,pilot_075,5f99af81018ae167,deterministic_text,DoS,Benign,3,L4_DST_PORT,21,21,True,True,True,11,-0.171532492798,0.171532492798,logistic_regression,DoS log-odds,False,0,False
74,pilot_075,5f99af81018ae167,deterministic_text,DoS,Benign,4,IN_PKTS,11,11,True,True,True,22,0.0961620722495,0.0961620722495,logistic_regression,DoS log-odds,False,0,False
74,pilot_075,5f99af81018ae167,deterministic_text,DoS,Benign,5,FLOW_DURATION_MILLISECONDS,1746,1746,True,True,True,17,0.131662699112,0.131662699112,logistic_regression,DoS log-odds,False,0,False
74,pilot_075,5f99af81018ae167,deterministic_text,DoS,Benign,1,FTP_COMMAND_RET_CODE,200,200,True,True,True,34,0.0013400295724,0.0013400295724,random_forest,DoS probability,False,0,False
74,pilot_075,5f99af81018ae167,deterministic_text,DoS,Benign,2,RETRANSMITTED_IN_PKTS,5,5,True,True,True,25,-0.00549382878648,0.00549382878648,random_forest,DoS probability,False,0,False
74,pilot_075,5f99af81018ae167,deterministic_text,DoS,Benign,3,L4_DST_PORT,21,21,True,True,True,32,-0.00229787414629,0.00229787414629,random_forest,DoS probability,False,0,False
74,pilot_075,5f99af81018ae167,deterministic_text,DoS,Benign,4,IN_PKTS,11,11,True,True,True,13,0.0135245263942,0.0135245263942,random_forest,DoS probability,False,0,False
74,pilot_075,5f99af81018ae167,deterministic_text,DoS,Benign,5,FLOW_DURATION_MILLISECONDS,1746,1746,True,True,True,18,0.00983289747205,0.00983289747205,random_forest,DoS probability,False,0,False
74,pilot_075,5f99af81018ae167,structured,DoS,Benign,1,FTP_COMMAND_RET_CODE,200,200,True,True,True,7,0.322673933759,0.322673933759,logistic_regression,DoS log-odds,False,0,False
74,pilot_075,5f99af81018ae167,structured,DoS,Benign,2,L4_DST_PORT,21,21,True,True,True,11,-0.171532492798,0.171532492798,logistic_regression,DoS log-odds,False,0,False
74,pilot_075,5f99af81018ae167,structured,DoS,Benign,3,IN_PKTS,11,11,True,True,True,22,0.0961620722495,0.0961620722495,logistic_regression,DoS log-odds,False,0,False
74,pilot_075,5f99af81018ae167,structured,DoS,Benign,4,FLOW_DURATION_MILLISECONDS,1746,1746,True,True,True,17,0.131662699112,0.131662699112,logistic_regression,DoS log-odds,False,0,False
74,pilot_075,5f99af81018ae167,structured,DoS,Benign,5,TCP_FLAGS,24,24,True,True,True,23,-0.0922761033206,0.0922761033206,logistic_regression,DoS log-odds,False,0,False
74,pilot_075,5f99af81018ae167,structured,DoS,Benign,1,FTP_COMMAND_RET_CODE,200,200,True,True,True,34,0.0013400295724,0.0013400295724,random_forest,DoS probability,False,0,False
74,pilot_075,5f99af81018ae167,structured,DoS,Benign,2,L4_DST_PORT,21,21,True,True,True,32,-0.00229787414629,0.00229787414629,random_forest,DoS probability,False,0,False
74,pilot_075,5f99af81018ae167,structured,DoS,Benign,3,IN_PKTS,11,11,True,True,True,13,0.0135245263942,0.0135245263942,random_forest,DoS probability,False,0,False
74,pilot_075,5f99af81018ae167,structured,DoS,Benign,4,FLOW_DURATION_MILLISECONDS,1746,1746,True,True,True,18,0.00983289747205,0.00983289747205,random_forest,DoS probability,False,0,False
74,pilot_075,5f99af81018ae167,structured,DoS,Benign,5,TCP_FLAGS,24,24,True,True,True,30,-0.00251932679415,0.00251932679415,random_forest,DoS probability,False,0,False
75,pilot_076,1ecc3866d9a66aad,deterministic_text,DoS,Benign,1,IN_PKTS,10,10,True,True,True,16,0.0362255755981,0.0362255755981,logistic_regression,DoS log-odds,False,0,False
75,pilot_076,1ecc3866d9a66aad,deterministic_text,DoS,Benign,2,L4_DST_PORT,3306,3306,True,True,True,37,0.00399974295123,0.00399974295123,logistic_regression,DoS log-odds,False,0,False
75,pilot_076,1ecc3866d9a66aad,deterministic_text,DoS,Benign,3,IN_BYTES,596,596,True,True,True,42,-0.0022964473987,0.0022964473987,logistic_regression,DoS log-odds,False,0,False
75,pilot_076,1ecc3866d9a66aad,deterministic_text,DoS,Benign,4,FLOW_DURATION_MILLISECONDS,634,634,True,True,True,25,-0.0108209163602,0.0108209163602,logistic_regression,DoS log-odds,False,0,False
75,pilot_076,1ecc3866d9a66aad,deterministic_text,DoS,Benign,5,OUT_PKTS,10,10,True,True,True,34,-0.00515441797896,0.00515441797896,logistic_regression,DoS log-odds,False,0,False
75,pilot_076,1ecc3866d9a66aad,deterministic_text,DoS,Benign,1,IN_PKTS,10,10,True,True,True,20,0.00747430575032,0.00747430575032,random_forest,DoS probability,False,0,False
75,pilot_076,1ecc3866d9a66aad,deterministic_text,DoS,Benign,2,L4_DST_PORT,3306,3306,True,True,True,36,0.00170637711385,0.00170637711385,random_forest,DoS probability,False,0,False
75,pilot_076,1ecc3866d9a66aad,deterministic_text,DoS,Benign,3,IN_BYTES,596,596,True,True,True,26,0.0051301484833,0.0051301484833,random_forest,DoS probability,False,0,False
75,pilot_076,1ecc3866d9a66aad,deterministic_text,DoS,Benign,4,FLOW_DURATION_MILLISECONDS,634,634,True,True,True,13,0.0111104914197,0.0111104914197,random_forest,DoS probability,False,0,False
75,pilot_076,1ecc3866d9a66aad,deterministic_text,DoS,Benign,5,OUT_PKTS,10,10,True,True,True,27,0.00476183138205,0.00476183138205,random_forest,DoS probability,False,0,False
75,pilot_076,1ecc3866d9a66aad,structured,DoS,DoS,1,RETRANSMITTED_IN_PKTS,2,2,True,True,True,19,0.0198643913754,0.0198643913754,logistic_regression,DoS log-odds,False,0,False
75,pilot_076,1ecc3866d9a66aad,structured,DoS,DoS,2,TCP_FLAGS,19,19,True,True,True,10,0.11404186016,0.11404186016,logistic_regression,DoS log-odds,False,0,False
75,pilot_076,1ecc3866d9a66aad,structured,DoS,DoS,3,SRC_TO_DST_IAT_STDDEV,91,91,True,True,True,43,-0.00090373199644,0.00090373199644,logistic_regression,DoS log-odds,False,0,False
75,pilot_076,1ecc3866d9a66aad,structured,DoS,DoS,4,SRC_TO_DST_AVG_THROUGHPUT,7508,7508,True,True,True,11,0.110678685058,0.110678685058,logistic_regression,DoS log-odds,False,0,False
75,pilot_076,1ecc3866d9a66aad,structured,DoS,DoS,5,L4_DST_PORT,3306,3306,True,True,True,37,0.00399974295123,0.00399974295123,logistic_regression,DoS log-odds,False,0,False
75,pilot_076,1ecc3866d9a66aad,structured,DoS,DoS,1,RETRANSMITTED_IN_PKTS,2,2,True,True,True,25,0.00536671652064,0.00536671652064,random_forest,DoS probability,False,0,False
75,pilot_076,1ecc3866d9a66aad,structured,DoS,DoS,2,TCP_FLAGS,19,19,True,True,True,9,0.018130450909,0.018130450909,random_forest,DoS probability,False,0,False
75,pilot_076,1ecc3866d9a66aad,structured,DoS,DoS,3,SRC_TO_DST_IAT_STDDEV,91,91,True,True,True,14,0.0110744795844,0.0110744795844,random_forest,DoS probability,False,0,False
75,pilot_076,1ecc3866d9a66aad,structured,DoS,DoS,4,SRC_TO_DST_AVG_THROUGHPUT,7508,7508,True,True,True,15,0.0109657366033,0.0109657366033,random_forest,DoS probability,False,0,False
75,pilot_076,1ecc3866d9a66aad,structured,DoS,DoS,5,L4_DST_PORT,3306,3306,True,True,True,36,0.00170637711385,0.00170637711385,random_forest,DoS probability,False,0,False
76,pilot_077,3ba039327f98fd91,deterministic_text,Benign,Benign,1,TCP_FLAGS,27,27,True,True,True,37,-0.00674542768343,0.00674542768343,logistic_regression,DoS log-odds,False,0,False
76,pilot_077,3ba039327f98fd91,deterministic_text,Benign,Benign,2,FLOW_DURATION_MILLISECONDS,48,48,True,True,True,24,-0.0226701879995,0.0226701879995,logistic_regression,DoS log-odds,False,0,False
76,pilot_077,3ba039327f98fd91,deterministic_text,Benign,Benign,3,IN_PKTS,10,10,True,True,True,21,0.0450082203023,0.0450082203023,logistic_regression,DoS log-odds,False,0,False
76,pilot_077,3ba039327f98fd91,deterministic_text,Benign,Benign,4,CLIENT_TCP_FLAGS,19,19,True,True,True,14,0.0776767519103,0.0776767519103,logistic_regression,DoS log-odds,False,0,False
76,pilot_077,3ba039327f98fd91,deterministic_text,Benign,Benign,5,OUT_BYTES,8824,8824,True,True,True,35,-0.00718439594495,0.00718439594495,logistic_regression,DoS log-odds,False,0,False
76,pilot_077,3ba039327f98fd91,deterministic_text,Benign,Benign,1,TCP_FLAGS,27,27,True,True,True,13,-0.0125023448943,0.0125023448943,random_forest,DoS probability,False,0,False
76,pilot_077,3ba039327f98fd91,deterministic_text,Benign,Benign,2,FLOW_DURATION_MILLISECONDS,48,48,True,True,True,17,-0.0081104448922,0.0081104448922,random_forest,DoS probability,False,0,False
76,pilot_077,3ba039327f98fd91,deterministic_text,Benign,Benign,3,IN_PKTS,10,10,True,True,True,33,0.00259652350586,0.00259652350586,random_forest,DoS probability,False,0,False
76,pilot_077,3ba039327f98fd91,deterministic_text,Benign,Benign,4,CLIENT_TCP_FLAGS,19,19,True,True,True,21,0.00702044174854,0.00702044174854,random_forest,DoS probability,False,0,False
76,pilot_077,3ba039327f98fd91,deterministic_text,Benign,Benign,5,OUT_BYTES,8824,8824,True,True,True,7,-0.0222533440938,0.0222533440938,random_forest,DoS probability,False,0,False
76,pilot_077,3ba039327f98fd91,structured,Benign,Benign,1,IN_PKTS,10,10,True,True,True,21,0.0450082203023,0.0450082203023,logistic_regression,DoS log-odds,False,0,False
76,pilot_077,3ba039327f98fd91,structured,Benign,Benign,2,FLOW_DURATION_MILLISECONDS,48,48,True,True,True,24,-0.0226701879995,0.0226701879995,logistic_regression,DoS log-odds,False,0,False
76,pilot_077,3ba039327f98fd91,structured,Benign,Benign,3,NUM_PKTS_1024_TO_1514_BYTES,6,6,True,True,True,33,-0.00823373709658,0.00823373709658,logistic_regression,DoS log-odds,False,0,False
76,pilot_077,3ba039327f98fd91,structured,Benign,Benign,4,MIN_TTL,31,31,True,True,True,3,-0.743834924585,0.743834924585,logistic_regression,DoS log-odds,True,0.743834924585,True
76,pilot_077,3ba039327f98fd91,structured,Benign,Benign,5,OUT_PKTS,12,12,True,True,True,39,-0.00534750872213,0.00534750872213,logistic_regression,DoS log-odds,False,0,False
76,pilot_077,3ba039327f98fd91,structured,Benign,Benign,1,IN_PKTS,10,10,True,True,True,33,0.00259652350586,0.00259652350586,random_forest,DoS probability,False,0,False
76,pilot_077,3ba039327f98fd91,structured,Benign,Benign,2,FLOW_DURATION_MILLISECONDS,48,48,True,True,True,17,-0.0081104448922,0.0081104448922,random_forest,DoS probability,False,0,False
76,pilot_077,3ba039327f98fd91,structured,Benign,Benign,3,NUM_PKTS_1024_TO_1514_BYTES,6,6,True,True,True,32,-0.00336094180712,0.00336094180712,random_forest,DoS probability,False,0,False
76,pilot_077,3ba039327f98fd91,structured,Benign,Benign,4,MIN_TTL,31,31,True,True,True,3,-0.0550759702666,0.0550759702666,random_forest,DoS probability,True,0.0550759702666,True
76,pilot_077,3ba039327f98fd91,structured,Benign,Benign,5,OUT_PKTS,12,12,True,True,True,16,-0.00915461631284,0.00915461631284,random_forest,DoS probability,False,0,False
77,pilot_078,c272f3b31a091b3b,deterministic_text,DoS,Benign,1,IN_PKTS,2,2,True,True,True,11,0.162101778935,0.162101778935,logistic_regression,DoS log-odds,False,0,False
77,pilot_078,c272f3b31a091b3b,deterministic_text,DoS,Benign,2,IN_BYTES,64,64,True,True,True,41,-0.00148224239222,0.00148224239222,logistic_regression,DoS log-odds,False,0,False
77,pilot_078,c272f3b31a091b3b,deterministic_text,DoS,Benign,3,L4_DST_PORT,520,520,True,True,True,29,0.0356621643448,0.0356621643448,logistic_regression,DoS log-odds,False,0,False
77,pilot_078,c272f3b31a091b3b,deterministic_text,DoS,Benign,4,PROTOCOL,17,17,True,True,True,25,-0.060204594075,0.060204594075,logistic_regression,DoS log-odds,False,0,False
77,pilot_078,c272f3b31a091b3b,deterministic_text,DoS,Benign,5,FLOW_DURATION_MILLISECONDS,0,0,True,True,True,21,-0.0652466691402,0.0652466691402,logistic_regression,DoS log-odds,False,0,False
77,pilot_078,c272f3b31a091b3b,deterministic_text,DoS,Benign,1,IN_PKTS,2,2,True,True,True,12,0.0142180902037,0.0142180902037,random_forest,DoS probability,False,0,False
77,pilot_078,c272f3b31a091b3b,deterministic_text,DoS,Benign,2,IN_BYTES,64,64,True,True,True,23,0.00644858655667,0.00644858655667,random_forest,DoS probability,False,0,False
77,pilot_078,c272f3b31a091b3b,deterministic_text,DoS,Benign,3,L4_DST_PORT,520,520,True,True,True,14,0.0123743384576,0.0123743384576,random_forest,DoS probability,False,0,False
77,pilot_078,c272f3b31a091b3b,deterministic_text,DoS,Benign,4,PROTOCOL,17,17,True,True,True,37,0.00247218136487,0.00247218136487,random_forest,DoS probability,False,0,False
77,pilot_078,c272f3b31a091b3b,deterministic_text,DoS,Benign,5,FLOW_DURATION_MILLISECONDS,0,0,True,True,True,26,0.00492410810684,0.00492410810684,random_forest,DoS probability,False,0,False
77,pilot_078,c272f3b31a091b3b,structured,DoS,DoS,1,MIN_TTL,254,254,True,True,True,2,1.25663524544,1.25663524544,logistic_regression,DoS log-odds,True,1.25663524544,True
77,pilot_078,c272f3b31a091b3b,structured,DoS,DoS,2,OUT_PKTS,0,0,True,True,True,18,0.0763096679412,0.0763096679412,logistic_regression,DoS log-odds,False,0,False
77,pilot_078,c272f3b31a091b3b,structured,DoS,DoS,3,PROTOCOL,17,17,True,True,True,25,-0.060204594075,0.060204594075,logistic_regression,DoS log-odds,False,0,False
77,pilot_078,c272f3b31a091b3b,structured,DoS,DoS,4,FLOW_DURATION_MILLISECONDS,0,0,True,True,True,21,-0.0652466691402,0.0652466691402,logistic_regression,DoS log-odds,False,0,False
77,pilot_078,c272f3b31a091b3b,structured,DoS,DoS,5,LONGEST_FLOW_PKT,32,32,True,True,True,7,0.209852202607,0.209852202607,logistic_regression,DoS log-odds,False,0,False
77,pilot_078,c272f3b31a091b3b,structured,DoS,DoS,1,MIN_TTL,254,254,True,True,True,1,0.0618181324885,0.0618181324885,random_forest,DoS probability,True,0.0618181324885,True
77,pilot_078,c272f3b31a091b3b,structured,DoS,DoS,2,OUT_PKTS,0,0,True,True,True,5,0.030079949283,0.030079949283,random_forest,DoS probability,True,0.030079949283,True
77,pilot_078,c272f3b31a091b3b,structured,DoS,DoS,3,PROTOCOL,17,17,True,True,True,37,0.00247218136487,0.00247218136487,random_forest,DoS probability,False,0,False
77,pilot_078,c272f3b31a091b3b,structured,DoS,DoS,4,FLOW_DURATION_MILLISECONDS,0,0,True,True,True,26,0.00492410810684,0.00492410810684,random_forest,DoS probability,False,0,False
77,pilot_078,c272f3b31a091b3b,structured,DoS,DoS,5,LONGEST_FLOW_PKT,32,32,True,True,True,15,0.0116744176332,0.0116744176332,random_forest,DoS probability,False,0,False
79,pilot_080,564e287027e59073,deterministic_text,Benign,Benign,1,FTP_COMMAND_RET_CODE,221,221,True,True,True,44,0,0,logistic_regression,DoS log-odds,False,0,False
79,pilot_080,564e287027e59073,deterministic_text,Benign,Benign,2,TCP_FLAGS,24,24,True,True,True,19,-0.0504333738478,0.0504333738478,logistic_regression,DoS log-odds,False,0,False
79,pilot_080,564e287027e59073,deterministic_text,Benign,Benign,3,IN_PKTS,43,43,True,True,True,35,-0.007740401957,0.007740401957,logistic_regression,DoS log-odds,False,0,False
79,pilot_080,564e287027e59073,deterministic_text,Benign,Benign,4,L4_DST_PORT,21,21,True,True,True,9,-0.161681532809,0.161681532809,logistic_regression,DoS log-odds,False,0,False
79,pilot_080,564e287027e59073,deterministic_text,Benign,Benign,5,RETRANSMITTED_OUT_PKTS,12,12,True,True,True,37,-0.00523301418336,0.00523301418336,logistic_regression,DoS log-odds,False,0,False
79,pilot_080,564e287027e59073,deterministic_text,Benign,Benign,1,FTP_COMMAND_RET_CODE,221,221,True,True,True,33,-0.00409260669281,0.00409260669281,random_forest,DoS probability,False,0,False
79,pilot_080,564e287027e59073,deterministic_text,Benign,Benign,2,TCP_FLAGS,24,24,True,True,True,22,-0.00688051129054,0.00688051129054,random_forest,DoS probability,False,0,False
79,pilot_080,564e287027e59073,deterministic_text,Benign,Benign,3,IN_PKTS,43,43,True,True,True,18,-0.00939647717329,0.00939647717329,random_forest,DoS probability,False,0,False
79,pilot_080,564e287027e59073,deterministic_text,Benign,Benign,4,L4_DST_PORT,21,21,True,True,True,19,-0.00884535963183,0.00884535963183,random_forest,DoS probability,False,0,False
79,pilot_080,564e287027e59073,deterministic_text,Benign,Benign,5,RETRANSMITTED_OUT_PKTS,12,12,True,True,True,12,-0.0140241985515,0.0140241985515,random_forest,DoS probability,False,0,False
79,pilot_080,564e287027e59073,structured,Benign,Benign,1,IN_PKTS,43,43,True,True,True,35,-0.007740401957,0.007740401957,logistic_regression,DoS log-odds,False,0,False
79,pilot_080,564e287027e59073,structured,Benign,Benign,2,IN_BYTES,2383,2383,True,True,True,42,-0.000968039515474,0.000968039515474,logistic_regression,DoS log-odds,False,0,False
79,pilot_080,564e287027e59073,structured,Benign,Benign,3,FLOW_DURATION_MILLISECONDS,24,24,True,True,True,22,-0.0277484908375,0.0277484908375,logistic_regression,DoS log-odds,False,0,False
79,pilot_080,564e287027e59073,structured,Benign,Benign,4,SRC_TO_DST_AVG_THROUGHPUT,762560,762560,True,True,True,41,0.00274232152689,0.00274232152689,logistic_regression,DoS log-odds,False,0,False
79,pilot_080,564e287027e59073,structured,Benign,Benign,5,FTP_COMMAND_RET_CODE,221,221,True,True,True,44,0,0,logistic_regression,DoS log-odds,False,0,False
79,pilot_080,564e287027e59073,structured,Benign,Benign,1,IN_PKTS,43,43,True,True,True,18,-0.00939647717329,0.00939647717329,random_forest,DoS probability,False,0,False
79,pilot_080,564e287027e59073,structured,Benign,Benign,2,IN_BYTES,2383,2383,True,True,True,29,-0.00497810748468,0.00497810748468,random_forest,DoS probability,False,0,False
79,pilot_080,564e287027e59073,structured,Benign,Benign,3,FLOW_DURATION_MILLISECONDS,24,24,True,True,True,16,-0.0107972768549,0.0107972768549,random_forest,DoS probability,False,0,False
79,pilot_080,564e287027e59073,structured,Benign,Benign,4,SRC_TO_DST_AVG_THROUGHPUT,762560,762560,True,True,True,21,-0.0076809306514,0.0076809306514,random_forest,DoS probability,False,0,False
79,pilot_080,564e287027e59073,structured,Benign,Benign,5,FTP_COMMAND_RET_CODE,221,221,True,True,True,33,-0.00409260669281,0.00409260669281,random_forest,DoS probability,False,0,False
80,pilot_081,6248c6b2180a2771,deterministic_text,Benign,Benign,1,L4_DST_PORT,53,53,True,True,True,28,-0.0197108780029,0.0197108780029,logistic_regression,DoS log-odds,False,0,False
80,pilot_081,6248c6b2180a2771,deterministic_text,Benign,Benign,2,PROTOCOL,17,17,True,True,True,22,-0.060204594075,0.060204594075,logistic_regression,DoS log-odds,False,0,False
80,pilot_081,6248c6b2180a2771,deterministic_text,Benign,Benign,3,IN_PKTS,2,2,True,True,True,11,0.162101778935,0.162101778935,logistic_regression,DoS log-odds,False,0,False
80,pilot_081,6248c6b2180a2771,deterministic_text,Benign,Benign,4,OUT_BYTES,162,162,True,True,True,37,0.00432109186674,0.00432109186674,logistic_regression,DoS log-odds,False,0,False
80,pilot_081,6248c6b2180a2771,deterministic_text,Benign,Benign,5,DNS_QUERY_TYPE,1,1,True,True,True,30,-0.0197108780029,0.0197108780029,logistic_regression,DoS log-odds,False,0,False
80,pilot_081,6248c6b2180a2771,deterministic_text,Benign,Benign,1,L4_DST_PORT,53,53,True,True,True,8,-0.0173496343848,0.0173496343848,random_forest,DoS probability,False,0,False
80,pilot_081,6248c6b2180a2771,deterministic_text,Benign,Benign,2,PROTOCOL,17,17,True,True,True,36,0.000837381876876,0.000837381876876,random_forest,DoS probability,False,0,False
80,pilot_081,6248c6b2180a2771,deterministic_text,Benign,Benign,3,IN_PKTS,2,2,True,True,True,18,0.00704871217306,0.00704871217306,random_forest,DoS probability,False,0,False
80,pilot_081,6248c6b2180a2771,deterministic_text,Benign,Benign,4,OUT_BYTES,162,162,True,True,True,23,-0.00442716352394,0.00442716352394,random_forest,DoS probability,False,0,False
80,pilot_081,6248c6b2180a2771,deterministic_text,Benign,Benign,5,DNS_QUERY_TYPE,1,1,True,True,True,6,-0.0287799212098,0.0287799212098,random_forest,DoS probability,False,0,False
80,pilot_081,6248c6b2180a2771,structured,Benign,Benign,1,L4_DST_PORT,53,53,True,True,True,28,-0.0197108780029,0.0197108780029,logistic_regression,DoS log-odds,False,0,False
80,pilot_081,6248c6b2180a2771,structured,Benign,Benign,2,IN_PKTS,2,2,True,True,True,11,0.162101778935,0.162101778935,logistic_regression,DoS log-odds,False,0,False
80,pilot_081,6248c6b2180a2771,structured,Benign,Benign,3,OUT_PKTS,2,2,True,True,True,17,0.0707153738424,0.0707153738424,logistic_regression,DoS log-odds,False,0,False
80,pilot_081,6248c6b2180a2771,structured,Benign,Benign,4,IN_BYTES,130,130,True,True,True,41,-0.00146046151397,0.00146046151397,logistic_regression,DoS log-odds,False,0,False
80,pilot_081,6248c6b2180a2771,structured,Benign,Benign,5,DNS_QUERY_TYPE,1,1,True,True,True,30,-0.0197108780029,0.0197108780029,logistic_regression,DoS log-odds,False,0,False
80,pilot_081,6248c6b2180a2771,structured,Benign,Benign,1,L4_DST_PORT,53,53,True,True,True,8,-0.0173496343848,0.0173496343848,random_forest,DoS probability,False,0,False
80,pilot_081,6248c6b2180a2771,structured,Benign,Benign,2,IN_PKTS,2,2,True,True,True,18,0.00704871217306,0.00704871217306,random_forest,DoS probability,False,0,False
80,pilot_081,6248c6b2180a2771,structured,Benign,Benign,3,OUT_PKTS,2,2,True,True,True,25,-0.00393659974156,0.00393659974156,random_forest,DoS probability,False,0,False
80,pilot_081,6248c6b2180a2771,structured,Benign,Benign,4,IN_BYTES,130,130,True,True,True,21,-0.00508559969711,0.00508559969711,random_forest,DoS probability,False,0,False
80,pilot_081,6248c6b2180a2771,structured,Benign,Benign,5,DNS_QUERY_TYPE,1,1,True,True,True,6,-0.0287799212098,0.0287799212098,random_forest,DoS probability,False,0,False
81,pilot_082,d9f22f5e128f9ea2,deterministic_text,DoS,Benign,1,IN_PKTS,6,6,True,True,True,25,0.0336910443228,0.0336910443228,logistic_regression,DoS log-odds,False,0,False
81,pilot_082,d9f22f5e128f9ea2,deterministic_text,DoS,Benign,2,IN_BYTES,966,966,True,True,True,43,-0.00114681952798,0.00114681952798,logistic_regression,DoS log-odds,False,0,False
81,pilot_082,d9f22f5e128f9ea2,deterministic_text,DoS,Benign,3,FLOW_DURATION_MILLISECONDS,128,128,True,True,True,26,-0.0252282964881,0.0252282964881,logistic_regression,DoS log-odds,False,0,False
81,pilot_082,d9f22f5e128f9ea2,deterministic_text,DoS,Benign,4,TCP_FLAGS,18,18,True,True,True,8,0.231247741661,0.231247741661,logistic_regression,DoS log-odds,False,0,False
81,pilot_082,d9f22f5e128f9ea2,deterministic_text,DoS,Benign,5,MIN_TTL,62,62,True,True,True,2,-0.473751356084,0.473751356084,logistic_regression,DoS log-odds,True,0.473751356084,True
81,pilot_082,d9f22f5e128f9ea2,deterministic_text,DoS,Benign,1,IN_PKTS,6,6,True,True,True,25,0.00438733641814,0.00438733641814,random_forest,DoS probability,False,0,False
81,pilot_082,d9f22f5e128f9ea2,deterministic_text,DoS,Benign,2,IN_BYTES,966,966,True,True,True,22,0.0061685271932,0.0061685271932,random_forest,DoS probability,False,0,False
81,pilot_082,d9f22f5e128f9ea2,deterministic_text,DoS,Benign,3,FLOW_DURATION_MILLISECONDS,128,128,True,True,True,29,-0.00282717886405,0.00282717886405,random_forest,DoS probability,False,0,False
81,pilot_082,d9f22f5e128f9ea2,deterministic_text,DoS,Benign,4,TCP_FLAGS,18,18,True,True,True,14,0.0114229736294,0.0114229736294,random_forest,DoS probability,False,0,False
81,pilot_082,d9f22f5e128f9ea2,deterministic_text,DoS,Benign,5,MIN_TTL,62,62,True,True,True,4,0.043676018567,0.043676018567,random_forest,DoS probability,True,0.043676018567,True
81,pilot_082,d9f22f5e128f9ea2,structured,DoS,Benign,1,TCP_FLAGS,18,18,True,True,True,8,0.231247741661,0.231247741661,logistic_regression,DoS log-odds,False,0,False
81,pilot_082,d9f22f5e128f9ea2,structured,DoS,Benign,2,IN_PKTS,6,6,True,True,True,25,0.0336910443228,0.0336910443228,logistic_regression,DoS log-odds,False,0,False
81,pilot_082,d9f22f5e128f9ea2,structured,DoS,Benign,3,OUT_PKTS,2,2,True,True,True,40,-0.00581672665327,0.00581672665327,logistic_regression,DoS log-odds,False,0,False
81,pilot_082,d9f22f5e128f9ea2,structured,DoS,Benign,4,FLOW_DURATION_MILLISECONDS,128,128,True,True,True,26,-0.0252282964881,0.0252282964881,logistic_regression,DoS log-odds,False,0,False
81,pilot_082,d9f22f5e128f9ea2,structured,DoS,Benign,5,L4_DST_PORT,860,860,True,True,True,11,0.212940340236,0.212940340236,logistic_regression,DoS log-odds,False,0,False
81,pilot_082,d9f22f5e128f9ea2,structured,DoS,Benign,1,TCP_FLAGS,18,18,True,True,True,14,0.0114229736294,0.0114229736294,random_forest,DoS probability,False,0,False
81,pilot_082,d9f22f5e128f9ea2,structured,DoS,Benign,2,IN_PKTS,6,6,True,True,True,25,0.00438733641814,0.00438733641814,random_forest,DoS probability,False,0,False
81,pilot_082,d9f22f5e128f9ea2,structured,DoS,Benign,3,OUT_PKTS,2,2,True,True,True,16,0.0105826821127,0.0105826821127,random_forest,DoS probability,False,0,False
81,pilot_082,d9f22f5e128f9ea2,structured,DoS,Benign,4,FLOW_DURATION_MILLISECONDS,128,128,True,True,True,29,-0.00282717886405,0.00282717886405,random_forest,DoS probability,False,0,False
81,pilot_082,d9f22f5e128f9ea2,structured,DoS,Benign,5,L4_DST_PORT,860,860,True,True,True,24,0.0046870482941,0.0046870482941,random_forest,DoS probability,False,0,False
82,pilot_083,e6b7ec56052eb5a5,deterministic_text,Benign,Benign,1,L4_DST_PORT,6881,6881,True,True,True,15,-0.0745488364005,0.0745488364005,logistic_regression,DoS log-odds,False,0,False
82,pilot_083,e6b7ec56052eb5a5,deterministic_text,Benign,Benign,2,IN_BYTES,1540,1540,True,True,True,38,-0.00587665898154,0.00587665898154,logistic_regression,DoS log-odds,False,0,False
82,pilot_083,e6b7ec56052eb5a5,deterministic_text,Benign,Benign,3,FLOW_DURATION_MILLISECONDS,18,18,True,True,True,24,-0.0233014241275,0.0233014241275,logistic_regression,DoS log-odds,False,0,False
82,pilot_083,e6b7ec56052eb5a5,deterministic_text,Benign,Benign,4,TCP_FLAGS,27,27,True,True,True,37,-0.00674542768343,0.00674542768343,logistic_regression,DoS log-odds,False,0,False
82,pilot_083,e6b7ec56052eb5a5,deterministic_text,Benign,Benign,5,MAX_TTL,32,32,True,True,True,4,-0.743593641722,0.743593641722,logistic_regression,DoS log-odds,True,0.743593641722,True
82,pilot_083,e6b7ec56052eb5a5,deterministic_text,Benign,Benign,1,L4_DST_PORT,6881,6881,True,True,True,30,-0.00379457562863,0.00379457562863,random_forest,DoS probability,False,0,False
82,pilot_083,e6b7ec56052eb5a5,deterministic_text,Benign,Benign,2,IN_BYTES,1540,1540,True,True,True,25,-0.00567827762172,0.00567827762172,random_forest,DoS probability,False,0,False
82,pilot_083,e6b7ec56052eb5a5,deterministic_text,Benign,Benign,3,FLOW_DURATION_MILLISECONDS,18,18,True,True,True,23,-0.00692672136104,0.00692672136104,random_forest,DoS probability,False,0,False
82,pilot_083,e6b7ec56052eb5a5,deterministic_text,Benign,Benign,4,TCP_FLAGS,27,27,True,True,True,13,-0.0121586937407,0.0121586937407,random_forest,DoS probability,False,0,False
82,pilot_083,e6b7ec56052eb5a5,deterministic_text,Benign,Benign,5,MAX_TTL,32,32,True,True,True,2,-0.0523761494129,0.0523761494129,random_forest,DoS probability,True,0.0523761494129,True
82,pilot_083,e6b7ec56052eb5a5,structured,Benign,Benign,1,IN_PKTS,16,16,True,True,True,19,0.0357658905718,0.0357658905718,logistic_regression,DoS log-odds,False,0,False
82,pilot_083,e6b7ec56052eb5a5,structured,Benign,Benign,2,IN_BYTES,1540,1540,True,True,True,38,-0.00587665898154,0.00587665898154,logistic_regression,DoS log-odds,False,0,False
82,pilot_083,e6b7ec56052eb5a5,structured,Benign,Benign,3,TCP_FLAGS,27,27,True,True,True,37,-0.00674542768343,0.00674542768343,logistic_regression,DoS log-odds,False,0,False
82,pilot_083,e6b7ec56052eb5a5,structured,Benign,Benign,4,FLOW_DURATION_MILLISECONDS,18,18,True,True,True,24,-0.0233014241275,0.0233014241275,logistic_regression,DoS log-odds,False,0,False
82,pilot_083,e6b7ec56052eb5a5,structured,Benign,Benign,5,L4_DST_PORT,6881,6881,True,True,True,15,-0.0745488364005,0.0745488364005,logistic_regression,DoS log-odds,False,0,False
82,pilot_083,e6b7ec56052eb5a5,structured,Benign,Benign,1,IN_PKTS,16,16,True,True,True,12,-0.0141940971739,0.0141940971739,random_forest,DoS probability,False,0,False
82,pilot_083,e6b7ec56052eb5a5,structured,Benign,Benign,2,IN_BYTES,1540,1540,True,True,True,25,-0.00567827762172,0.00567827762172,random_forest,DoS probability,False,0,False
82,pilot_083,e6b7ec56052eb5a5,structured,Benign,Benign,3,TCP_FLAGS,27,27,True,True,True,13,-0.0121586937407,0.0121586937407,random_forest,DoS probability,False,0,False
82,pilot_083,e6b7ec56052eb5a5,structured,Benign,Benign,4,FLOW_DURATION_MILLISECONDS,18,18,True,True,True,23,-0.00692672136104,0.00692672136104,random_forest,DoS probability,False,0,False
82,pilot_083,e6b7ec56052eb5a5,structured,Benign,Benign,5,L4_DST_PORT,6881,6881,True,True,True,30,-0.00379457562863,0.00379457562863,random_forest,DoS probability,False,0,False
83,pilot_084,f1126427cfbba367,deterministic_text,DoS,Benign,1,TCP_FLAGS,19,19,True,True,True,9,0.146396606346,0.146396606346,logistic_regression,DoS log-odds,False,0,False
83,pilot_084,f1126427cfbba367,deterministic_text,DoS,Benign,2,L4_DST_PORT,80,80,True,True,True,5,0.585425249008,0.585425249008,logistic_regression,DoS log-odds,True,0.585425249008,True
83,pilot_084,f1126427cfbba367,deterministic_text,DoS,Benign,3,OUT_PKTS,8,8,True,True,True,35,-0.0041427074296,0.0041427074296,logistic_regression,DoS log-odds,False,0,False
83,pilot_084,f1126427cfbba367,deterministic_text,DoS,Benign,4,FLOW_DURATION_MILLISECONDS,382,382,True,True,True,23,-0.0188540833793,0.0188540833793,logistic_regression,DoS log-odds,False,0,False
83,pilot_084,f1126427cfbba367,deterministic_text,DoS,Benign,5,MIN_TTL,254,254,True,True,True,2,1.25445948306,1.25445948306,logistic_regression,DoS log-odds,True,1.25445948306,True
83,pilot_084,f1126427cfbba367,deterministic_text,DoS,Benign,1,TCP_FLAGS,19,19,True,True,True,8,0.0160748879822,0.0160748879822,random_forest,DoS probability,False,0,False
83,pilot_084,f1126427cfbba367,deterministic_text,DoS,Benign,2,L4_DST_PORT,80,80,True,True,True,24,0.00733688238324,0.00733688238324,random_forest,DoS probability,False,0,False
83,pilot_084,f1126427cfbba367,deterministic_text,DoS,Benign,3,OUT_PKTS,8,8,True,True,True,25,0.00674832512883,0.00674832512883,random_forest,DoS probability,False,0,False
83,pilot_084,f1126427cfbba367,deterministic_text,DoS,Benign,4,FLOW_DURATION_MILLISECONDS,382,382,True,True,True,15,0.00971188063765,0.00971188063765,random_forest,DoS probability,False,0,False
83,pilot_084,f1126427cfbba367,deterministic_text,DoS,Benign,5,MIN_TTL,254,254,True,True,True,3,0.046494204858,0.046494204858,random_forest,DoS probability,True,0.046494204858,True
83,pilot_084,f1126427cfbba367,structured,DoS,Benign,1,L4_DST_PORT,80,80,True,True,True,5,0.585425249008,0.585425249008,logistic_regression,DoS log-odds,True,0.585425249008,True
83,pilot_084,f1126427cfbba367,structured,DoS,Benign,2,IN_PKTS,10,10,True,True,True,15,0.046282833515,0.046282833515,logistic_regression,DoS log-odds,False,0,False
83,pilot_084,f1126427cfbba367,structured,DoS,Benign,3,FLOW_DURATION_MILLISECONDS,382,382,True,True,True,23,-0.0188540833793,0.0188540833793,logistic_regression,DoS log-odds,False,0,False
83,pilot_084,f1126427cfbba367,structured,DoS,Benign,4,IN_BYTES,808,808,True,True,True,37,-0.00263370372199,0.00263370372199,logistic_regression,DoS log-odds,False,0,False
83,pilot_084,f1126427cfbba367,structured,DoS,Benign,5,SRC_TO_DST_AVG_THROUGHPUT,16877,16877,True,True,True,11,0.109372492778,0.109372492778,logistic_regression,DoS log-odds,False,0,False
83,pilot_084,f1126427cfbba367,structured,DoS,Benign,1,L4_DST_PORT,80,80,True,True,True,24,0.00733688238324,0.00733688238324,random_forest,DoS probability,False,0,False
83,pilot_084,f1126427cfbba367,structured,DoS,Benign,2,IN_PKTS,10,10,True,True,True,20,0.00845543649784,0.00845543649784,random_forest,DoS probability,False,0,False
83,pilot_084,f1126427cfbba367,structured,DoS,Benign,3,FLOW_DURATION_MILLISECONDS,382,382,True,True,True,15,0.00971188063765,0.00971188063765,random_forest,DoS probability,False,0,False
83,pilot_084,f1126427cfbba367,structured,DoS,Benign,4,IN_BYTES,808,808,True,True,True,26,0.00621975916226,0.00621975916226,random_forest,DoS probability,False,0,False
83,pilot_084,f1126427cfbba367,structured,DoS,Benign,5,SRC_TO_DST_AVG_THROUGHPUT,16877,16877,True,True,True,14,0.0108185516936,0.0108185516936,random_forest,DoS probability,False,0,False
84,pilot_085,4178799eaa92ed02,deterministic_text,DoS,Benign,1,OUT_PKTS,8,8,True,True,True,36,-0.00543286347962,0.00543286347962,logistic_regression,DoS log-odds,False,0,False
84,pilot_085,4178799eaa92ed02,deterministic_text,DoS,Benign,2,IN_PKTS,10,10,True,True,True,21,0.0292119690493,0.0292119690493,logistic_regression,DoS log-odds,False,0,False
84,pilot_085,4178799eaa92ed02,deterministic_text,DoS,Benign,3,L4_DST_PORT,80,80,True,True,True,3,0.586586963672,0.586586963672,logistic_regression,DoS log-odds,True,0.586586963672,True
84,pilot_085,4178799eaa92ed02,deterministic_text,DoS,Benign,4,RETRANSMITTED_IN_PKTS,2,2,True,True,True,24,0.0214073413729,0.0214073413729,logistic_regression,DoS log-odds,False,0,False
84,pilot_085,4178799eaa92ed02,deterministic_text,DoS,Benign,5,FLOW_DURATION_MILLISECONDS,610,610,True,True,True,26,-0.013548164984,0.013548164984,logistic_regression,DoS log-odds,False,0,False
84,pilot_085,4178799eaa92ed02,deterministic_text,DoS,Benign,1,OUT_PKTS,8,8,True,True,True,23,0.0071418135133,0.0071418135133,random_forest,DoS probability,False,0,False
84,pilot_085,4178799eaa92ed02,deterministic_text,DoS,Benign,2,IN_PKTS,10,10,True,True,True,27,0.00633310477315,0.00633310477315,random_forest,DoS probability,False,0,False
84,pilot_085,4178799eaa92ed02,deterministic_text,DoS,Benign,3,L4_DST_PORT,80,80,True,True,True,22,0.00752017493316,0.00752017493316,random_forest,DoS probability,False,0,False
84,pilot_085,4178799eaa92ed02,deterministic_text,DoS,Benign,4,RETRANSMITTED_IN_PKTS,2,2,True,True,True,20,0.00794901383322,0.00794901383322,random_forest,DoS probability,False,0,False
84,pilot_085,4178799eaa92ed02,deterministic_text,DoS,Benign,5,FLOW_DURATION_MILLISECONDS,610,610,True,True,True,17,0.00914592038394,0.00914592038394,random_forest,DoS probability,False,0,False
84,pilot_085,4178799eaa92ed02,structured,DoS,Benign,1,TCP_FLAGS,27,27,True,True,True,15,-0.063417026278,0.063417026278,logistic_regression,DoS log-odds,False,0,False
84,pilot_085,4178799eaa92ed02,structured,DoS,Benign,2,IN_PKTS,10,10,True,True,True,21,0.0292119690493,0.0292119690493,logistic_regression,DoS log-odds,False,0,False
84,pilot_085,4178799eaa92ed02,structured,DoS,Benign,3,IN_BYTES,804,804,True,True,True,39,-0.001167258739,0.001167258739,logistic_regression,DoS log-odds,False,0,False
84,pilot_085,4178799eaa92ed02,structured,DoS,Benign,4,MIN_TTL,62,62,True,True,True,4,-0.473751356084,0.473751356084,logistic_regression,DoS log-odds,True,0.473751356084,True
84,pilot_085,4178799eaa92ed02,structured,DoS,Benign,5,FLOW_DURATION_MILLISECONDS,610,610,True,True,True,26,-0.013548164984,0.013548164984,logistic_regression,DoS log-odds,False,0,False
84,pilot_085,4178799eaa92ed02,structured,DoS,Benign,1,TCP_FLAGS,27,27,True,True,True,28,-0.00553035446274,0.00553035446274,random_forest,DoS probability,False,0,False
84,pilot_085,4178799eaa92ed02,structured,DoS,Benign,2,IN_PKTS,10,10,True,True,True,27,0.00633310477315,0.00633310477315,random_forest,DoS probability,False,0,False
84,pilot_085,4178799eaa92ed02,structured,DoS,Benign,3,IN_BYTES,804,804,True,True,True,26,0.00635740787756,0.00635740787756,random_forest,DoS probability,False,0,False
84,pilot_085,4178799eaa92ed02,structured,DoS,Benign,4,MIN_TTL,62,62,True,True,True,5,0.0441820120324,0.0441820120324,random_forest,DoS probability,True,0.0441820120324,True
84,pilot_085,4178799eaa92ed02,structured,DoS,Benign,5,FLOW_DURATION_MILLISECONDS,610,610,True,True,True,17,0.00914592038394,0.00914592038394,random_forest,DoS probability,False,0,False
85,pilot_086,50bc6259456774aa,deterministic_text,Benign,Benign,1,IN_BYTES,320,320,True,True,True,41,-0.00122832403615,0.00122832403615,logistic_regression,DoS log-odds,False,0,False
85,pilot_086,50bc6259456774aa,deterministic_text,Benign,Benign,2,IN_PKTS,6,6,True,True,True,23,0.0336910443228,0.0336910443228,logistic_regression,DoS log-odds,False,0,False
85,pilot_086,50bc6259456774aa,deterministic_text,Benign,Benign,3,FLOW_DURATION_MILLISECONDS,47,47,True,True,True,24,-0.0271911401641,0.0271911401641,logistic_regression,DoS log-odds,False,0,False
85,pilot_086,50bc6259456774aa,deterministic_text,Benign,Benign,4,OUT_BYTES,2002,2002,True,True,True,36,-0.00782238562142,0.00782238562142,logistic_regression,DoS log-odds,False,0,False
85,pilot_086,50bc6259456774aa,deterministic_text,Benign,Benign,5,TCP_FLAGS,27,27,True,True,True,17,-0.063417026278,0.063417026278,logistic_regression,DoS log-odds,False,0,False
85,pilot_086,50bc6259456774aa,deterministic_text,Benign,Benign,1,IN_BYTES,320,320,True,True,True,35,-0.000745904669898,0.000745904669898,random_forest,DoS probability,False,0,False
85,pilot_086,50bc6259456774aa,deterministic_text,Benign,Benign,2,IN_PKTS,6,6,True,True,True,39,0.000443366447165,0.000443366447165,random_forest,DoS probability,False,0,False
85,pilot_086,50bc6259456774aa,deterministic_text,Benign,Benign,3,FLOW_DURATION_MILLISECONDS,47,47,True,True,True,10,-0.0148264588013,0.0148264588013,random_forest,DoS probability,False,0,False
85,pilot_086,50bc6259456774aa,deterministic_text,Benign,Benign,4,OUT_BYTES,2002,2002,True,True,True,9,-0.0156188930045,0.0156188930045,random_forest,DoS probability,False,0,False
85,pilot_086,50bc6259456774aa,deterministic_text,Benign,Benign,5,TCP_FLAGS,27,27,True,True,True,13,-0.0138945773927,0.0138945773927,random_forest,DoS probability,False,0,False
85,pilot_086,50bc6259456774aa,structured,Benign,Benign,1,FLOW_DURATION_MILLISECONDS,47,47,True,True,True,24,-0.0271911401641,0.0271911401641,logistic_regression,DoS log-odds,False,0,False
85,pilot_086,50bc6259456774aa,structured,Benign,Benign,2,IN_PKTS,6,6,True,True,True,23,0.0336910443228,0.0336910443228,logistic_regression,DoS log-odds,False,0,False
85,pilot_086,50bc6259456774aa,structured,Benign,Benign,3,TCP_FLAGS,27,27,True,True,True,17,-0.063417026278,0.063417026278,logistic_regression,DoS log-odds,False,0,False
85,pilot_086,50bc6259456774aa,structured,Benign,Benign,4,IN_BYTES,320,320,True,True,True,41,-0.00122832403615,0.00122832403615,logistic_regression,DoS log-odds,False,0,False
85,pilot_086,50bc6259456774aa,structured,Benign,Benign,5,MIN_TTL,31,31,True,True,True,3,-0.751375024111,0.751375024111,logistic_regression,DoS log-odds,True,0.751375024111,True
85,pilot_086,50bc6259456774aa,structured,Benign,Benign,1,FLOW_DURATION_MILLISECONDS,47,47,True,True,True,10,-0.0148264588013,0.0148264588013,random_forest,DoS probability,False,0,False
85,pilot_086,50bc6259456774aa,structured,Benign,Benign,2,IN_PKTS,6,6,True,True,True,39,0.000443366447165,0.000443366447165,random_forest,DoS probability,False,0,False
85,pilot_086,50bc6259456774aa,structured,Benign,Benign,3,TCP_FLAGS,27,27,True,True,True,13,-0.0138945773927,0.0138945773927,random_forest,DoS probability,False,0,False
85,pilot_086,50bc6259456774aa,structured,Benign,Benign,4,IN_BYTES,320,320,True,True,True,35,-0.000745904669898,0.000745904669898,random_forest,DoS probability,False,0,False
85,pilot_086,50bc6259456774aa,structured,Benign,Benign,5,MIN_TTL,31,31,True,True,True,3,-0.0518025702236,0.0518025702236,random_forest,DoS probability,True,0.0518025702236,True
86,pilot_087,c434b1a3d10d220e,deterministic_text,DoS,Benign,1,IN_PKTS,2,2,True,True,True,23,0.0381701195963,0.0381701195963,logistic_regression,DoS log-odds,False,0,False
86,pilot_087,c434b1a3d10d220e,deterministic_text,DoS,Benign,2,IN_BYTES,718,718,True,True,True,43,-0.00117810918436,0.00117810918436,logistic_regression,DoS log-odds,False,0,False
86,pilot_087,c434b1a3d10d220e,deterministic_text,DoS,Benign,3,L4_DST_PORT,5060,5060,True,True,True,41,0.00270975047978,0.00270975047978,logistic_regression,DoS log-odds,False,0,False
86,pilot_087,c434b1a3d10d220e,deterministic_text,DoS,Benign,4,FLOW_DURATION_MILLISECONDS,0,0,True,True,True,25,-0.0283300741489,0.0283300741489,logistic_regression,DoS log-odds,False,0,False
86,pilot_087,c434b1a3d10d220e,deterministic_text,DoS,Benign,5,RETRANSMITTED_IN_PKTS,0,0,True,True,True,24,0.031151792638,0.031151792638,logistic_regression,DoS log-odds,False,0,False
86,pilot_087,c434b1a3d10d220e,deterministic_text,DoS,Benign,1,IN_PKTS,2,2,True,True,True,9,0.014659299881,0.014659299881,random_forest,DoS probability,False,0,False
86,pilot_087,c434b1a3d10d220e,deterministic_text,DoS,Benign,2,IN_BYTES,718,718,True,True,True,25,0.00507344236676,0.00507344236676,random_forest,DoS probability,False,0,False
86,pilot_087,c434b1a3d10d220e,deterministic_text,DoS,Benign,3,L4_DST_PORT,5060,5060,True,True,True,22,0.00559636293065,0.00559636293065,random_forest,DoS probability,False,0,False
86,pilot_087,c434b1a3d10d220e,deterministic_text,DoS,Benign,4,FLOW_DURATION_MILLISECONDS,0,0,True,True,True,14,0.0107158441002,0.0107158441002,random_forest,DoS probability,False,0,False
86,pilot_087,c434b1a3d10d220e,deterministic_text,DoS,Benign,5,RETRANSMITTED_IN_PKTS,0,0,True,True,True,17,0.00815438177926,0.00815438177926,random_forest,DoS probability,False,0,False
86,pilot_087,c434b1a3d10d220e,structured,DoS,DoS,1,L4_DST_PORT,5060,5060,True,True,True,41,0.00270975047978,0.00270975047978,logistic_regression,DoS log-odds,False,0,False
86,pilot_087,c434b1a3d10d220e,structured,DoS,DoS,2,OUT_PKTS,0,0,True,True,True,38,-0.00594468104449,0.00594468104449,logistic_regression,DoS log-odds,False,0,False
86,pilot_087,c434b1a3d10d220e,structured,DoS,DoS,3,PROTOCOL,17,17,True,True,True,14,-0.0788377964037,0.0788377964037,logistic_regression,DoS log-odds,False,0,False
86,pilot_087,c434b1a3d10d220e,structured,DoS,DoS,4,LONGEST_FLOW_PKT,359,359,True,True,True,20,0.0637562813504,0.0637562813504,logistic_regression,DoS log-odds,False,0,False
86,pilot_087,c434b1a3d10d220e,structured,DoS,DoS,5,FLOW_DURATION_MILLISECONDS,0,0,True,True,True,25,-0.0283300741489,0.0283300741489,logistic_regression,DoS log-odds,False,0,False
86,pilot_087,c434b1a3d10d220e,structured,DoS,DoS,1,L4_DST_PORT,5060,5060,True,True,True,22,0.00559636293065,0.00559636293065,random_forest,DoS probability,False,0,False
86,pilot_087,c434b1a3d10d220e,structured,DoS,DoS,2,OUT_PKTS,0,0,True,True,True,5,0.0399191760942,0.0399191760942,random_forest,DoS probability,True,0.0399191760942,True
86,pilot_087,c434b1a3d10d220e,structured,DoS,DoS,3,PROTOCOL,17,17,True,True,True,30,0.00344688966371,0.00344688966371,random_forest,DoS probability,False,0,False
86,pilot_087,c434b1a3d10d220e,structured,DoS,DoS,4,LONGEST_FLOW_PKT,359,359,True,True,True,44,-0.000111090364151,0.000111090364151,random_forest,DoS probability,False,0,False
86,pilot_087,c434b1a3d10d220e,structured,DoS,DoS,5,FLOW_DURATION_MILLISECONDS,0,0,True,True,True,14,0.0107158441002,0.0107158441002,random_forest,DoS probability,False,0,False
87,pilot_088,5ab53aa70222254e,deterministic_text,DoS,Benign,1,L4_DST_PORT,389,389,True,True,True,36,0.00448044431466,0.00448044431466,logistic_regression,DoS log-odds,False,0,False
87,pilot_088,5ab53aa70222254e,deterministic_text,DoS,Benign,2,IN_BYTES,2978,2978,True,True,True,40,-0.00161366222286,0.00161366222286,logistic_regression,DoS log-odds,False,0,False
87,pilot_088,5ab53aa70222254e,deterministic_text,DoS,Benign,3,IN_PKTS,10,10,True,True,True,17,0.0362255755981,0.0362255755981,logistic_regression,DoS log-odds,False,0,False
87,pilot_088,5ab53aa70222254e,deterministic_text,DoS,Benign,4,FLOW_DURATION_MILLISECONDS,576,576,True,True,True,26,-0.012089590605,0.012089590605,logistic_regression,DoS log-odds,False,0,False
87,pilot_088,5ab53aa70222254e,deterministic_text,DoS,Benign,5,MIN_TTL,254,254,True,True,True,2,1.33055043732,1.33055043732,logistic_regression,DoS log-odds,True,1.33055043732,True
87,pilot_088,5ab53aa70222254e,deterministic_text,DoS,Benign,1,L4_DST_PORT,389,389,True,True,True,36,0.00131466941686,0.00131466941686,random_forest,DoS probability,False,0,False
87,pilot_088,5ab53aa70222254e,deterministic_text,DoS,Benign,2,IN_BYTES,2978,2978,True,True,True,25,-0.0054011353825,0.0054011353825,random_forest,DoS probability,False,0,False
87,pilot_088,5ab53aa70222254e,deterministic_text,DoS,Benign,3,IN_PKTS,10,10,True,True,True,22,0.00778555019845,0.00778555019845,random_forest,DoS probability,False,0,False
87,pilot_088,5ab53aa70222254e,deterministic_text,DoS,Benign,4,FLOW_DURATION_MILLISECONDS,576,576,True,True,True,14,0.0104393486508,0.0104393486508,random_forest,DoS probability,False,0,False
87,pilot_088,5ab53aa70222254e,deterministic_text,DoS,Benign,5,MIN_TTL,254,254,True,True,True,3,0.0508241599435,0.0508241599435,random_forest,DoS probability,True,0.0508241599435,True
87,pilot_088,5ab53aa70222254e,structured,DoS,Benign,1,L4_DST_PORT,389,389,True,True,True,36,0.00448044431466,0.00448044431466,logistic_regression,DoS log-odds,False,0,False
87,pilot_088,5ab53aa70222254e,structured,DoS,Benign,2,TCP_FLAGS,19,19,True,True,True,10,0.11404186016,0.11404186016,logistic_regression,DoS log-odds,False,0,False
87,pilot_088,5ab53aa70222254e,structured,DoS,Benign,3,IN_PKTS,10,10,True,True,True,17,0.0362255755981,0.0362255755981,logistic_regression,DoS log-odds,False,0,False
87,pilot_088,5ab53aa70222254e,structured,DoS,Benign,4,SRC_TO_DST_AVG_THROUGHPUT,41289,41289,True,True,True,12,0.106194290606,0.106194290606,logistic_regression,DoS log-odds,False,0,False
87,pilot_088,5ab53aa70222254e,structured,DoS,Benign,5,FLOW_DURATION_MILLISECONDS,576,576,True,True,True,26,-0.012089590605,0.012089590605,logistic_regression,DoS log-odds,False,0,False
87,pilot_088,5ab53aa70222254e,structured,DoS,Benign,1,L4_DST_PORT,389,389,True,True,True,36,0.00131466941686,0.00131466941686,random_forest,DoS probability,False,0,False
87,pilot_088,5ab53aa70222254e,structured,DoS,Benign,2,TCP_FLAGS,19,19,True,True,True,7,0.0217065565761,0.0217065565761,random_forest,DoS probability,False,0,False
87,pilot_088,5ab53aa70222254e,structured,DoS,Benign,3,IN_PKTS,10,10,True,True,True,22,0.00778555019845,0.00778555019845,random_forest,DoS probability,False,0,False
87,pilot_088,5ab53aa70222254e,structured,DoS,Benign,4,SRC_TO_DST_AVG_THROUGHPUT,41289,41289,True,True,True,32,0.00261179330695,0.00261179330695,random_forest,DoS probability,False,0,False
87,pilot_088,5ab53aa70222254e,structured,DoS,Benign,5,FLOW_DURATION_MILLISECONDS,576,576,True,True,True,14,0.0104393486508,0.0104393486508,random_forest,DoS probability,False,0,False
88,pilot_089,7a3ec8ec247005f7,deterministic_text,Benign,Benign,1,FTP_COMMAND_RET_CODE,229,229,True,True,True,15,-0.0723901696268,0.0723901696268,logistic_regression,DoS log-odds,False,0,False
88,pilot_089,7a3ec8ec247005f7,deterministic_text,Benign,Benign,2,TCP_FLAGS,24,24,True,True,True,17,-0.0514359528641,0.0514359528641,logistic_regression,DoS log-odds,False,0,False
88,pilot_089,7a3ec8ec247005f7,deterministic_text,Benign,Benign,3,L4_DST_PORT,21,21,True,True,True,8,-0.202222770953,0.202222770953,logistic_regression,DoS log-odds,False,0,False
88,pilot_089,7a3ec8ec247005f7,deterministic_text,Benign,Benign,4,IN_PKTS,9,9,True,True,True,20,0.0376461864059,0.0376461864059,logistic_regression,DoS log-odds,False,0,False
88,pilot_089,7a3ec8ec247005f7,deterministic_text,Benign,Benign,5,FLOW_DURATION_MILLISECONDS,23,23,True,True,True,25,-0.0241857433181,0.0241857433181,logistic_regression,DoS log-odds,False,0,False
88,pilot_089,7a3ec8ec247005f7,deterministic_text,Benign,Benign,1,FTP_COMMAND_RET_CODE,229,229,True,True,True,27,-0.00547768969801,0.00547768969801,random_forest,DoS probability,False,0,False
88,pilot_089,7a3ec8ec247005f7,deterministic_text,Benign,Benign,2,TCP_FLAGS,24,24,True,True,True,14,-0.0113326603798,0.0113326603798,random_forest,DoS probability,False,0,False
88,pilot_089,7a3ec8ec247005f7,deterministic_text,Benign,Benign,3,L4_DST_PORT,21,21,True,True,True,18,-0.00777496375819,0.00777496375819,random_forest,DoS probability,False,0,False
88,pilot_089,7a3ec8ec247005f7,deterministic_text,Benign,Benign,4,IN_PKTS,9,9,True,True,True,28,0.00305291699361,0.00305291699361,random_forest,DoS probability,False,0,False
88,pilot_089,7a3ec8ec247005f7,deterministic_text,Benign,Benign,5,FLOW_DURATION_MILLISECONDS,23,23,True,True,True,10,-0.0173256748206,0.0173256748206,random_forest,DoS probability,False,0,False
88,pilot_089,7a3ec8ec247005f7,structured,Benign,Benign,1,FTP_COMMAND_RET_CODE,229,229,True,True,True,15,-0.0723901696268,0.0723901696268,logistic_regression,DoS log-odds,False,0,False
88,pilot_089,7a3ec8ec247005f7,structured,Benign,Benign,2,L4_DST_PORT,21,21,True,True,True,8,-0.202222770953,0.202222770953,logistic_regression,DoS log-odds,False,0,False
88,pilot_089,7a3ec8ec247005f7,structured,Benign,Benign,3,TCP_FLAGS,24,24,True,True,True,17,-0.0514359528641,0.0514359528641,logistic_regression,DoS log-odds,False,0,False
88,pilot_089,7a3ec8ec247005f7,structured,Benign,Benign,4,IN_BYTES,481,481,True,True,True,42,-0.00232941141853,0.00232941141853,logistic_regression,DoS log-odds,False,0,False
88,pilot_089,7a3ec8ec247005f7,structured,Benign,Benign,5,FLOW_DURATION_MILLISECONDS,23,23,True,True,True,25,-0.0241857433181,0.0241857433181,logistic_regression,DoS log-odds,False,0,False
88,pilot_089,7a3ec8ec247005f7,structured,Benign,Benign,1,FTP_COMMAND_RET_CODE,229,229,True,True,True,27,-0.00547768969801,0.00547768969801,random_forest,DoS probability,False,0,False
88,pilot_089,7a3ec8ec247005f7,structured,Benign,Benign,2,L4_DST_PORT,21,21,True,True,True,18,-0.00777496375819,0.00777496375819,random_forest,DoS probability,False,0,False
88,pilot_089,7a3ec8ec247005f7,structured,Benign,Benign,3,TCP_FLAGS,24,24,True,True,True,14,-0.0113326603798,0.0113326603798,random_forest,DoS probability,False,0,False
88,pilot_089,7a3ec8ec247005f7,structured,Benign,Benign,4,IN_BYTES,481,481,True,True,True,37,-0.00111856131992,0.00111856131992,random_forest,DoS probability,False,0,False
88,pilot_089,7a3ec8ec247005f7,structured,Benign,Benign,5,FLOW_DURATION_MILLISECONDS,23,23,True,True,True,10,-0.0173256748206,0.0173256748206,random_forest,DoS probability,False,0,False
89,pilot_090,0369b05c64ed3972,deterministic_text,Benign,DoS,1,FLOW_DURATION_MILLISECONDS,28,28,True,True,True,19,-0.0230910120848,0.0230910120848,logistic_regression,DoS log-odds,False,0,False
89,pilot_090,0369b05c64ed3972,deterministic_text,Benign,DoS,2,DST_TO_SRC_AVG_THROUGHPUT,7101241,7101241,True,True,True,5,-0.714609315318,0.714609315318,logistic_regression,DoS log-odds,True,0.714609315318,True
89,pilot_090,0369b05c64ed3972,deterministic_text,Benign,DoS,3,TCP_FLAGS,27,27,True,True,True,32,-0.00674542768343,0.00674542768343,logistic_regression,DoS log-odds,False,0,False
89,pilot_090,0369b05c64ed3972,deterministic_text,Benign,DoS,4,RETRANSMITTED_OUT_PKTS,15,15,True,True,True,36,-0.00493089757851,0.00493089757851,logistic_regression,DoS log-odds,False,0,False
89,pilot_090,0369b05c64ed3972,deterministic_text,Benign,DoS,5,NUM_PKTS_UP_TO_128_BYTES,70,70,True,True,True,16,-0.0383121146979,0.0383121146979,logistic_regression,DoS log-odds,False,0,False
89,pilot_090,0369b05c64ed3972,deterministic_text,Benign,DoS,1,FLOW_DURATION_MILLISECONDS,28,28,True,True,True,25,-0.00663880704111,0.00663880704111,random_forest,DoS probability,False,0,False
89,pilot_090,0369b05c64ed3972,deterministic_text,Benign,DoS,2,DST_TO_SRC_AVG_THROUGHPUT,7101241,7101241,True,True,True,6,-0.0286737656582,0.0286737656582,random_forest,DoS probability,False,0,False
89,pilot_090,0369b05c64ed3972,deterministic_text,Benign,DoS,3,TCP_FLAGS,27,27,True,True,True,12,-0.0117509888116,0.0117509888116,random_forest,DoS probability,False,0,False
89,pilot_090,0369b05c64ed3972,deterministic_text,Benign,DoS,4,RETRANSMITTED_OUT_PKTS,15,15,True,True,True,8,-0.0179583424361,0.0179583424361,random_forest,DoS probability,False,0,False
89,pilot_090,0369b05c64ed3972,deterministic_text,Benign,DoS,5,NUM_PKTS_UP_TO_128_BYTES,70,70,True,True,True,9,-0.0179504749725,0.0179504749725,random_forest,DoS probability,False,0,False
89,pilot_090,0369b05c64ed3972,structured,Benign,Benign,1,TCP_FLAGS,27,27,True,True,True,32,-0.00674542768343,0.00674542768343,logistic_regression,DoS log-odds,False,0,False
89,pilot_090,0369b05c64ed3972,structured,Benign,Benign,2,RETRANSMITTED_OUT_PKTS,15,15,True,True,True,36,-0.00493089757851,0.00493089757851,logistic_regression,DoS log-odds,False,0,False
89,pilot_090,0369b05c64ed3972,structured,Benign,Benign,3,IN_PKTS,44,44,True,True,True,30,-0.00736498150402,0.00736498150402,logistic_regression,DoS log-odds,False,0,False
89,pilot_090,0369b05c64ed3972,structured,Benign,Benign,4,OUT_BYTES,25742,25742,True,True,True,34,-0.00602144232505,0.00602144232505,logistic_regression,DoS log-odds,False,0,False
89,pilot_090,0369b05c64ed3972,structured,Benign,Benign,5,MAX_TTL,32,32,True,True,True,4,-0.743593641722,0.743593641722,logistic_regression,DoS log-odds,True,0.743593641722,True
89,pilot_090,0369b05c64ed3972,structured,Benign,Benign,1,TCP_FLAGS,27,27,True,True,True,12,-0.0117509888116,0.0117509888116,random_forest,DoS probability,False,0,False
89,pilot_090,0369b05c64ed3972,structured,Benign,Benign,2,RETRANSMITTED_OUT_PKTS,15,15,True,True,True,8,-0.0179583424361,0.0179583424361,random_forest,DoS probability,False,0,False
89,pilot_090,0369b05c64ed3972,structured,Benign,Benign,3,IN_PKTS,44,44,True,True,True,11,-0.0149041053177,0.0149041053177,random_forest,DoS probability,False,0,False
89,pilot_090,0369b05c64ed3972,structured,Benign,Benign,4,OUT_BYTES,25742,25742,True,True,True,7,-0.0208596912665,0.0208596912665,random_forest,DoS probability,False,0,False
89,pilot_090,0369b05c64ed3972,structured,Benign,Benign,5,MAX_TTL,32,32,True,True,True,2,-0.0502564814543,0.0502564814543,random_forest,DoS probability,True,0.0502564814543,True
90,pilot_091,a883243e0cbc2145,deterministic_text,Benign,DoS,1,RETRANSMITTED_IN_PKTS,18,18,True,True,True,15,-0.0605989660945,0.0605989660945,logistic_regression,DoS log-odds,False,0,False
90,pilot_091,a883243e0cbc2145,deterministic_text,Benign,DoS,2,RETRANSMITTED_IN_BYTES,18193,18193,True,True,True,23,0.0183121787383,0.0183121787383,logistic_regression,DoS log-odds,False,0,False
90,pilot_091,a883243e0cbc2145,deterministic_text,Benign,DoS,3,SRC_TO_DST_IAT_STDDEV,48,48,True,True,True,41,-0.00153522459602,0.00153522459602,logistic_regression,DoS log-odds,False,0,False
90,pilot_091,a883243e0cbc2145,deterministic_text,Benign,DoS,4,SRC_TO_DST_AVG_THROUGHPUT,343815,343815,True,True,True,13,0.0660342623033,0.0660342623033,logistic_regression,DoS log-odds,False,0,False
90,pilot_091,a883243e0cbc2145,deterministic_text,Benign,DoS,5,MIN_TTL,31,31,True,True,True,3,-0.748725999416,0.748725999416,logistic_regression,DoS log-odds,True,0.748725999416,True
90,pilot_091,a883243e0cbc2145,deterministic_text,Benign,DoS,1,RETRANSMITTED_IN_PKTS,18,18,True,True,True,17,-0.0089271696456,0.0089271696456,random_forest,DoS probability,False,0,False
90,pilot_091,a883243e0cbc2145,deterministic_text,Benign,DoS,2,RETRANSMITTED_IN_BYTES,18193,18193,True,True,True,15,-0.0112568373221,0.0112568373221,random_forest,DoS probability,False,0,False
90,pilot_091,a883243e0cbc2145,deterministic_text,Benign,DoS,3,SRC_TO_DST_IAT_STDDEV,48,48,True,True,True,23,0.00704185646128,0.00704185646128,random_forest,DoS probability,False,0,False
90,pilot_091,a883243e0cbc2145,deterministic_text,Benign,DoS,4,SRC_TO_DST_AVG_THROUGHPUT,343815,343815,True,True,True,19,-0.00800547182832,0.00800547182832,random_forest,DoS probability,False,0,False
90,pilot_091,a883243e0cbc2145,deterministic_text,Benign,DoS,5,MIN_TTL,31,31,True,True,True,2,-0.0627744565242,0.0627744565242,random_forest,DoS probability,True,0.0627744565242,True
90,pilot_091,a883243e0cbc2145,structured,Benign,Benign,1,TCP_FLAGS,27,27,True,True,True,42,-0.00033162181439,0.00033162181439,logistic_regression,DoS log-odds,False,0,False
90,pilot_091,a883243e0cbc2145,structured,Benign,Benign,2,L4_DST_PORT,25,25,True,True,True,18,-0.0456922863999,0.0456922863999,logistic_regression,DoS log-odds,False,0,False
90,pilot_091,a883243e0cbc2145,structured,Benign,Benign,3,IN_BYTES,37218,37218,True,True,True,27,0.00820101637539,0.00820101637539,logistic_regression,DoS log-odds,False,0,False
90,pilot_091,a883243e0cbc2145,structured,Benign,Benign,4,FLOW_DURATION_MILLISECONDS,865,865,True,True,True,33,-0.00576809307497,0.00576809307497,logistic_regression,DoS log-odds,False,0,False
90,pilot_091,a883243e0cbc2145,structured,Benign,Benign,5,RETRANSMITTED_IN_BYTES,18193,18193,True,True,True,23,0.0183121787383,0.0183121787383,logistic_regression,DoS log-odds,False,0,False
90,pilot_091,a883243e0cbc2145,structured,Benign,Benign,1,TCP_FLAGS,27,27,True,True,True,16,-0.0105094255099,0.0105094255099,random_forest,DoS probability,False,0,False
90,pilot_091,a883243e0cbc2145,structured,Benign,Benign,2,L4_DST_PORT,25,25,True,True,True,29,-0.00350898479803,0.00350898479803,random_forest,DoS probability,False,0,False
90,pilot_091,a883243e0cbc2145,structured,Benign,Benign,3,IN_BYTES,37218,37218,True,True,True,12,-0.0130654748467,0.0130654748467,random_forest,DoS probability,False,0,False
90,pilot_091,a883243e0cbc2145,structured,Benign,Benign,4,FLOW_DURATION_MILLISECONDS,865,865,True,True,True,24,0.0070201687328,0.0070201687328,random_forest,DoS probability,False,0,False
90,pilot_091,a883243e0cbc2145,structured,Benign,Benign,5,RETRANSMITTED_IN_BYTES,18193,18193,True,True,True,15,-0.0112568373221,0.0112568373221,random_forest,DoS probability,False,0,False
91,pilot_092,363fae947456ac39,deterministic_text,DoS,Benign,1,IN_PKTS,8,8,True,True,True,16,0.118141974478,0.118141974478,logistic_regression,DoS log-odds,False,0,False
91,pilot_092,363fae947456ac39,deterministic_text,DoS,Benign,2,FLOW_DURATION_MILLISECONDS,2060,2060,True,True,True,12,0.167074807721,0.167074807721,logistic_regression,DoS log-odds,False,0,False
91,pilot_092,363fae947456ac39,deterministic_text,DoS,Benign,3,MAX_IP_PKT_LEN,40,40,True,True,True,10,0.207104378279,0.207104378279,logistic_regression,DoS log-odds,False,0,False
91,pilot_092,363fae947456ac39,deterministic_text,DoS,Benign,4,MIN_TTL,254,254,True,True,True,3,1.25663524544,1.25663524544,logistic_regression,DoS log-odds,True,1.25663524544,True
91,pilot_092,363fae947456ac39,deterministic_text,DoS,Benign,5,RETRANSMITTED_IN_PKTS,1,1,True,True,True,21,0.0824169987936,0.0824169987936,logistic_regression,DoS log-odds,False,0,False
91,pilot_092,363fae947456ac39,deterministic_text,DoS,Benign,1,IN_PKTS,8,8,True,True,True,20,0.00787091063939,0.00787091063939,random_forest,DoS probability,False,0,False
91,pilot_092,363fae947456ac39,deterministic_text,DoS,Benign,2,FLOW_DURATION_MILLISECONDS,2060,2060,True,True,True,19,0.00798029020334,0.00798029020334,random_forest,DoS probability,False,0,False
91,pilot_092,363fae947456ac39,deterministic_text,DoS,Benign,3,MAX_IP_PKT_LEN,40,40,True,True,True,23,0.00728176619564,0.00728176619564,random_forest,DoS probability,False,0,False
91,pilot_092,363fae947456ac39,deterministic_text,DoS,Benign,4,MIN_TTL,254,254,True,True,True,1,0.0530160431362,0.0530160431362,random_forest,DoS probability,True,0.0530160431362,True
91,pilot_092,363fae947456ac39,deterministic_text,DoS,Benign,5,RETRANSMITTED_IN_PKTS,1,1,True,True,True,30,0.00479965174567,0.00479965174567,random_forest,DoS probability,False,0,False
91,pilot_092,363fae947456ac39,structured,DoS,Benign,1,IN_PKTS,8,8,True,True,True,16,0.118141974478,0.118141974478,logistic_regression,DoS log-odds,False,0,False
91,pilot_092,363fae947456ac39,structured,DoS,Benign,2,TCP_FLAGS,19,19,True,True,True,11,0.174687431109,0.174687431109,logistic_regression,DoS log-odds,False,0,False
91,pilot_092,363fae947456ac39,structured,DoS,Benign,3,SRC_TO_DST_IAT_AVG,218,218,True,True,True,27,0.0295294852453,0.0295294852453,logistic_regression,DoS log-odds,False,0,False
91,pilot_092,363fae947456ac39,structured,DoS,Benign,4,OUT_PKTS,6,6,True,True,True,25,0.0595267856448,0.0595267856448,logistic_regression,DoS log-odds,False,0,False
91,pilot_092,363fae947456ac39,structured,DoS,Benign,5,RETRANSMITTED_IN_PKTS,1,1,True,True,True,21,0.0824169987936,0.0824169987936,logistic_regression,DoS log-odds,False,0,False
91,pilot_092,363fae947456ac39,structured,DoS,Benign,1,IN_PKTS,8,8,True,True,True,20,0.00787091063939,0.00787091063939,random_forest,DoS probability,False,0,False
91,pilot_092,363fae947456ac39,structured,DoS,Benign,2,TCP_FLAGS,19,19,True,True,True,7,0.0185114616719,0.0185114616719,random_forest,DoS probability,False,0,False
91,pilot_092,363fae947456ac39,structured,DoS,Benign,3,SRC_TO_DST_IAT_AVG,218,218,True,True,True,9,0.0163801958065,0.0163801958065,random_forest,DoS probability,False,0,False
91,pilot_092,363fae947456ac39,structured,DoS,Benign,4,OUT_PKTS,6,6,True,True,True,25,0.0059546536361,0.0059546536361,random_forest,DoS probability,False,0,False
91,pilot_092,363fae947456ac39,structured,DoS,Benign,5,RETRANSMITTED_IN_PKTS,1,1,True,True,True,30,0.00479965174567,0.00479965174567,random_forest,DoS probability,False,0,False
92,pilot_093,74c57b6fbba0a698,deterministic_text,DoS,DoS,1,OUT_PKTS,0,0,True,True,True,40,-0.00594468104449,0.00594468104449,logistic_regression,DoS log-odds,False,0,False
92,pilot_093,74c57b6fbba0a698,deterministic_text,DoS,DoS,2,PROTOCOL,17,17,True,True,True,14,-0.0788377964037,0.0788377964037,logistic_regression,DoS log-odds,False,0,False
92,pilot_093,74c57b6fbba0a698,deterministic_text,DoS,DoS,3,L4_DST_PORT,520,520,True,True,True,31,0.0169209670091,0.0169209670091,logistic_regression,DoS log-odds,False,0,False
92,pilot_093,74c57b6fbba0a698,deterministic_text,DoS,DoS,4,IN_PKTS,2,2,True,True,True,23,0.0381701195963,0.0381701195963,logistic_regression,DoS log-odds,False,0,False
92,pilot_093,74c57b6fbba0a698,deterministic_text,DoS,DoS,5,FLOW_DURATION_MILLISECONDS,0,0,True,True,True,26,-0.0283300741489,0.0283300741489,logistic_regression,DoS log-odds,False,0,False
92,pilot_093,74c57b6fbba0a698,deterministic_text,DoS,DoS,1,OUT_PKTS,0,0,True,True,True,5,0.0342608351705,0.0342608351705,random_forest,DoS probability,True,0.0342608351705,True
92,pilot_093,74c57b6fbba0a698,deterministic_text,DoS,DoS,2,PROTOCOL,17,17,True,True,True,35,0.00203146834481,0.00203146834481,random_forest,DoS probability,False,0,False
92,pilot_093,74c57b6fbba0a698,deterministic_text,DoS,DoS,3,L4_DST_PORT,520,520,True,True,True,9,0.0168123440037,0.0168123440037,random_forest,DoS probability,False,0,False
92,pilot_093,74c57b6fbba0a698,deterministic_text,DoS,DoS,4,IN_PKTS,2,2,True,True,True,15,0.0119579989909,0.0119579989909,random_forest,DoS probability,False,0,False
92,pilot_093,74c57b6fbba0a698,deterministic_text,DoS,DoS,5,FLOW_DURATION_MILLISECONDS,0,0,True,True,True,25,0.00530842170233,0.00530842170233,random_forest,DoS probability,False,0,False
92,pilot_093,74c57b6fbba0a698,structured,DoS,DoS,1,FLOW_DURATION_MILLISECONDS,0,0,True,True,True,26,-0.0283300741489,0.0283300741489,logistic_regression,DoS log-odds,False,0,False
92,pilot_093,74c57b6fbba0a698,structured,DoS,DoS,2,L4_DST_PORT,520,520,True,True,True,31,0.0169209670091,0.0169209670091,logistic_regression,DoS log-odds,False,0,False
92,pilot_093,74c57b6fbba0a698,structured,DoS,DoS,3,PROTOCOL,17,17,True,True,True,14,-0.0788377964037,0.0788377964037,logistic_regression,DoS log-odds,False,0,False
92,pilot_093,74c57b6fbba0a698,structured,DoS,DoS,4,OUT_PKTS,0,0,True,True,True,40,-0.00594468104449,0.00594468104449,logistic_regression,DoS log-odds,False,0,False
92,pilot_093,74c57b6fbba0a698,structured,DoS,DoS,5,IN_BYTES,64,64,True,True,True,43,-0.00126062303629,0.00126062303629,logistic_regression,DoS log-odds,False,0,False
92,pilot_093,74c57b6fbba0a698,structured,DoS,DoS,1,FLOW_DURATION_MILLISECONDS,0,0,True,True,True,25,0.00530842170233,0.00530842170233,random_forest,DoS probability,False,0,False
92,pilot_093,74c57b6fbba0a698,structured,DoS,DoS,2,L4_DST_PORT,520,520,True,True,True,9,0.0168123440037,0.0168123440037,random_forest,DoS probability,False,0,False
92,pilot_093,74c57b6fbba0a698,structured,DoS,DoS,3,PROTOCOL,17,17,True,True,True,35,0.00203146834481,0.00203146834481,random_forest,DoS probability,False,0,False
92,pilot_093,74c57b6fbba0a698,structured,DoS,DoS,4,OUT_PKTS,0,0,True,True,True,5,0.0342608351705,0.0342608351705,random_forest,DoS probability,True,0.0342608351705,True
92,pilot_093,74c57b6fbba0a698,structured,DoS,DoS,5,IN_BYTES,64,64,True,True,True,24,0.00557481947191,0.00557481947191,random_forest,DoS probability,False,0,False
93,pilot_094,c5bcfa15c933cab0,deterministic_text,Benign,Benign,1,L4_DST_PORT,53,53,True,True,True,27,-0.0160189990402,0.0160189990402,logistic_regression,DoS log-odds,False,0,False
93,pilot_094,c5bcfa15c933cab0,deterministic_text,Benign,Benign,2,PROTOCOL,17,17,True,True,True,10,-0.103185567771,0.103185567771,logistic_regression,DoS log-odds,False,0,False
93,pilot_094,c5bcfa15c933cab0,deterministic_text,Benign,Benign,3,DNS_QUERY_TYPE,1,1,True,True,True,29,-0.0160189990402,0.0160189990402,logistic_regression,DoS log-odds,False,0,False
93,pilot_094,c5bcfa15c933cab0,deterministic_text,Benign,Benign,4,IN_PKTS,2,2,True,True,True,20,0.0475904620603,0.0475904620603,logistic_regression,DoS log-odds,False,0,False
93,pilot_094,c5bcfa15c933cab0,deterministic_text,Benign,Benign,5,DNS_TTL_ANSWER,60,60,True,True,True,5,-0.473026639213,0.473026639213,logistic_regression,DoS log-odds,True,0.473026639213,True
93,pilot_094,c5bcfa15c933cab0,deterministic_text,Benign,Benign,1,L4_DST_PORT,53,53,True,True,True,9,-0.0161552536579,0.0161552536579,random_forest,DoS probability,False,0,False
93,pilot_094,c5bcfa15c933cab0,deterministic_text,Benign,Benign,2,PROTOCOL,17,17,True,True,True,26,-0.00446452002916,0.00446452002916,random_forest,DoS probability,False,0,False
93,pilot_094,c5bcfa15c933cab0,deterministic_text,Benign,Benign,3,DNS_QUERY_TYPE,1,1,True,True,True,6,-0.0254790340539,0.0254790340539,random_forest,DoS probability,False,0,False
93,pilot_094,c5bcfa15c933cab0,deterministic_text,Benign,Benign,4,IN_PKTS,2,2,True,True,True,20,0.00674336485019,0.00674336485019,random_forest,DoS probability,False,0,False
93,pilot_094,c5bcfa15c933cab0,deterministic_text,Benign,Benign,5,DNS_TTL_ANSWER,60,60,True,True,True,12,-0.0139186777956,0.0139186777956,random_forest,DoS probability,False,0,False
93,pilot_094,c5bcfa15c933cab0,structured,Benign,Benign,1,L4_DST_PORT,53,53,True,True,True,27,-0.0160189990402,0.0160189990402,logistic_regression,DoS log-odds,False,0,False
93,pilot_094,c5bcfa15c933cab0,structured,Benign,Benign,2,PROTOCOL,17,17,True,True,True,10,-0.103185567771,0.103185567771,logistic_regression,DoS log-odds,False,0,False
93,pilot_094,c5bcfa15c933cab0,structured,Benign,Benign,3,DNS_QUERY_TYPE,1,1,True,True,True,29,-0.0160189990402,0.0160189990402,logistic_regression,DoS log-odds,False,0,False
93,pilot_094,c5bcfa15c933cab0,structured,Benign,Benign,4,IN_PKTS,2,2,True,True,True,20,0.0475904620603,0.0475904620603,logistic_regression,DoS log-odds,False,0,False
93,pilot_094,c5bcfa15c933cab0,structured,Benign,Benign,5,DNS_TTL_ANSWER,60,60,True,True,True,5,-0.473026639213,0.473026639213,logistic_regression,DoS log-odds,True,0.473026639213,True
93,pilot_094,c5bcfa15c933cab0,structured,Benign,Benign,1,L4_DST_PORT,53,53,True,True,True,9,-0.0161552536579,0.0161552536579,random_forest,DoS probability,False,0,False
93,pilot_094,c5bcfa15c933cab0,structured,Benign,Benign,2,PROTOCOL,17,17,True,True,True,26,-0.00446452002916,0.00446452002916,random_forest,DoS probability,False,0,False
93,pilot_094,c5bcfa15c933cab0,structured,Benign,Benign,3,DNS_QUERY_TYPE,1,1,True,True,True,6,-0.0254790340539,0.0254790340539,random_forest,DoS probability,False,0,False
93,pilot_094,c5bcfa15c933cab0,structured,Benign,Benign,4,IN_PKTS,2,2,True,True,True,20,0.00674336485019,0.00674336485019,random_forest,DoS probability,False,0,False
93,pilot_094,c5bcfa15c933cab0,structured,Benign,Benign,5,DNS_TTL_ANSWER,60,60,True,True,True,12,-0.0139186777956,0.0139186777956,random_forest,DoS probability,False,0,False
94,pilot_095,f023e6a50cf88b1e,deterministic_text,Benign,Benign,1,TCP_FLAGS,27,27,True,True,True,32,-0.00674542768343,0.00674542768343,logistic_regression,DoS log-odds,False,0,False
94,pilot_095,f023e6a50cf88b1e,deterministic_text,Benign,Benign,2,RETRANSMITTED_OUT_PKTS,25,25,True,True,True,38,-0.00325122201419,0.00325122201419,logistic_regression,DoS log-odds,False,0,False
94,pilot_095,f023e6a50cf88b1e,deterministic_text,Benign,Benign,3,L4_DST_PORT,4803,4803,True,True,True,44,0,0,logistic_regression,DoS log-odds,False,0,False
94,pilot_095,f023e6a50cf88b1e,deterministic_text,Benign,Benign,4,OUT_PKTS,66,66,True,True,True,41,-0.00201832041263,0.00201832041263,logistic_regression,DoS log-odds,False,0,False
94,pilot_095,f023e6a50cf88b1e,deterministic_text,Benign,Benign,5,FLOW_DURATION_MILLISECONDS,115,115,True,True,True,24,-0.0212604273136,0.0212604273136,logistic_regression,DoS log-odds,False,0,False
94,pilot_095,f023e6a50cf88b1e,deterministic_text,Benign,Benign,1,TCP_FLAGS,27,27,True,True,True,13,-0.0119889724321,0.0119889724321,random_forest,DoS probability,False,0,False
94,pilot_095,f023e6a50cf88b1e,deterministic_text,Benign,Benign,2,RETRANSMITTED_OUT_PKTS,25,25,True,True,True,9,-0.018275794962,0.018275794962,random_forest,DoS probability,False,0,False
94,pilot_095,f023e6a50cf88b1e,deterministic_text,Benign,Benign,3,L4_DST_PORT,4803,4803,True,True,True,30,-0.00306236498074,0.00306236498074,random_forest,DoS probability,False,0,False
94,pilot_095,f023e6a50cf88b1e,deterministic_text,Benign,Benign,4,OUT_PKTS,66,66,True,True,True,10,-0.0176644653303,0.0176644653303,random_forest,DoS probability,False,0,False
94,pilot_095,f023e6a50cf88b1e,deterministic_text,Benign,Benign,5,FLOW_DURATION_MILLISECONDS,115,115,True,True,True,31,-0.00245257643795,0.00245257643795,random_forest,DoS probability,False,0,False
94,pilot_095,f023e6a50cf88b1e,structured,Benign,Benign,1,OUT_BYTES,50952,50952,True,True,True,35,-0.00428849157688,0.00428849157688,logistic_regression,DoS log-odds,False,0,False
94,pilot_095,f023e6a50cf88b1e,structured,Benign,Benign,2,OUT_PKTS,66,66,True,True,True,41,-0.00201832041263,0.00201832041263,logistic_regression,DoS log-odds,False,0,False
94,pilot_095,f023e6a50cf88b1e,structured,Benign,Benign,3,FLOW_DURATION_MILLISECONDS,115,115,True,True,True,24,-0.0212604273136,0.0212604273136,logistic_regression,DoS log-odds,False,0,False
94,pilot_095,f023e6a50cf88b1e,structured,Benign,Benign,4,TCP_FLAGS,27,27,True,True,True,32,-0.00674542768343,0.00674542768343,logistic_regression,DoS log-odds,False,0,False
94,pilot_095,f023e6a50cf88b1e,structured,Benign,Benign,5,RETRANSMITTED_OUT_PKTS,25,25,True,True,True,38,-0.00325122201419,0.00325122201419,logistic_regression,DoS log-odds,False,0,False
94,pilot_095,f023e6a50cf88b1e,structured,Benign,Benign,1,OUT_BYTES,50952,50952,True,True,True,7,-0.0209906542579,0.0209906542579,random_forest,DoS probability,False,0,False
94,pilot_095,f023e6a50cf88b1e,structured,Benign,Benign,2,OUT_PKTS,66,66,True,True,True,10,-0.0176644653303,0.0176644653303,random_forest,DoS probability,False,0,False
94,pilot_095,f023e6a50cf88b1e,structured,Benign,Benign,3,FLOW_DURATION_MILLISECONDS,115,115,True,True,True,31,-0.00245257643795,0.00245257643795,random_forest,DoS probability,False,0,False
94,pilot_095,f023e6a50cf88b1e,structured,Benign,Benign,4,TCP_FLAGS,27,27,True,True,True,13,-0.0119889724321,0.0119889724321,random_forest,DoS probability,False,0,False
94,pilot_095,f023e6a50cf88b1e,structured,Benign,Benign,5,RETRANSMITTED_OUT_PKTS,25,25,True,True,True,9,-0.018275794962,0.018275794962,random_forest,DoS probability,False,0,False
95,pilot_096,7e1caaee353f18ff,deterministic_text,Benign,Benign,1,TCP_FLAGS,27,27,True,True,True,21,-0.063417026278,0.063417026278,logistic_regression,DoS log-odds,False,0,False
95,pilot_096,7e1caaee353f18ff,deterministic_text,Benign,Benign,2,L4_DST_PORT,143,143,True,True,True,42,0,0,logistic_regression,DoS log-odds,False,0,False
95,pilot_096,7e1caaee353f18ff,deterministic_text,Benign,Benign,3,DST_TO_SRC_AVG_THROUGHPUT,72263,72263,True,True,True,9,0.256160809135,0.256160809135,logistic_regression,DoS log-odds,False,0,False
95,pilot_096,7e1caaee353f18ff,deterministic_text,Benign,Benign,4,FLOW_DURATION_MILLISECONDS,1639,1639,True,True,True,28,0.0113872194925,0.0113872194925,logistic_regression,DoS log-odds,False,0,False
95,pilot_096,7e1caaee353f18ff,deterministic_text,Benign,Benign,5,RETRANSMITTED_IN_PKTS,30,30,True,True,True,16,-0.115014976338,0.115014976338,logistic_regression,DoS log-odds,False,0,False
95,pilot_096,7e1caaee353f18ff,deterministic_text,Benign,Benign,1,TCP_FLAGS,27,27,True,True,True,12,-0.0137917714737,0.0137917714737,random_forest,DoS probability,False,0,False
95,pilot_096,7e1caaee353f18ff,deterministic_text,Benign,Benign,2,L4_DST_PORT,143,143,True,True,True,34,-0.00156074570263,0.00156074570263,random_forest,DoS probability,False,0,False
95,pilot_096,7e1caaee353f18ff,deterministic_text,Benign,Benign,3,DST_TO_SRC_AVG_THROUGHPUT,72263,72263,True,True,True,6,-0.0207114485153,0.0207114485153,random_forest,DoS probability,False,0,False
95,pilot_096,7e1caaee353f18ff,deterministic_text,Benign,Benign,4,FLOW_DURATION_MILLISECONDS,1639,1639,True,True,True,19,0.00766272035722,0.00766272035722,random_forest,DoS probability,False,0,False
95,pilot_096,7e1caaee353f18ff,deterministic_text,Benign,Benign,5,RETRANSMITTED_IN_PKTS,30,30,True,True,True,17,-0.00846444198493,0.00846444198493,random_forest,DoS probability,False,0,False
95,pilot_096,7e1caaee353f18ff,structured,Benign,Benign,1,L4_DST_PORT,143,143,True,True,True,42,0,0,logistic_regression,DoS log-odds,False,0,False
95,pilot_096,7e1caaee353f18ff,structured,Benign,Benign,2,IN_PKTS,122,122,True,True,True,18,-0.0962021386084,0.0962021386084,logistic_regression,DoS log-odds,False,0,False
95,pilot_096,7e1caaee353f18ff,structured,Benign,Benign,3,TCP_FLAGS,27,27,True,True,True,21,-0.063417026278,0.063417026278,logistic_regression,DoS log-odds,False,0,False
95,pilot_096,7e1caaee353f18ff,structured,Benign,Benign,4,FLOW_DURATION_MILLISECONDS,1639,1639,True,True,True,28,0.0113872194925,0.0113872194925,logistic_regression,DoS log-odds,False,0,False
95,pilot_096,7e1caaee353f18ff,structured,Benign,Benign,5,SRC_TO_DST_AVG_THROUGHPUT,38165,38165,True,True,True,19,0.0795503143517,0.0795503143517,logistic_regression,DoS log-odds,False,0,False
95,pilot_096,7e1caaee353f18ff,structured,Benign,Benign,1,L4_DST_PORT,143,143,True,True,True,34,-0.00156074570263,0.00156074570263,random_forest,DoS probability,False,0,False
95,pilot_096,7e1caaee353f18ff,structured,Benign,Benign,2,IN_PKTS,122,122,True,True,True,14,-0.0115005083235,0.0115005083235,random_forest,DoS probability,False,0,False
95,pilot_096,7e1caaee353f18ff,structured,Benign,Benign,3,TCP_FLAGS,27,27,True,True,True,12,-0.0137917714737,0.0137917714737,random_forest,DoS probability,False,0,False
95,pilot_096,7e1caaee353f18ff,structured,Benign,Benign,4,FLOW_DURATION_MILLISECONDS,1639,1639,True,True,True,19,0.00766272035722,0.00766272035722,random_forest,DoS probability,False,0,False
95,pilot_096,7e1caaee353f18ff,structured,Benign,Benign,5,SRC_TO_DST_AVG_THROUGHPUT,38165,38165,True,True,True,25,0.0054525489036,0.0054525489036,random_forest,DoS probability,False,0,False
96,pilot_097,e4c532c3e73f7ab5,deterministic_text,DoS,Benign,1,TCP_FLAGS,27,27,True,True,True,15,-0.063417026278,0.063417026278,logistic_regression,DoS log-odds,False,0,False
96,pilot_097,e4c532c3e73f7ab5,deterministic_text,DoS,Benign,2,IN_PKTS,10,10,True,True,True,20,0.0292119690493,0.0292119690493,logistic_regression,DoS log-odds,False,0,False
96,pilot_097,e4c532c3e73f7ab5,deterministic_text,DoS,Benign,3,L4_DST_PORT,80,80,True,True,True,3,0.586586963672,0.586586963672,logistic_regression,DoS log-odds,True,0.586586963672,True
96,pilot_097,e4c532c3e73f7ab5,deterministic_text,DoS,Benign,4,SRC_TO_DST_AVG_THROUGHPUT,11348,11348,True,True,True,13,0.0823937353356,0.0823937353356,logistic_regression,DoS log-odds,False,0,False
96,pilot_097,e4c532c3e73f7ab5,deterministic_text,DoS,Benign,5,FLOW_DURATION_MILLISECONDS,539,539,True,True,True,27,-0.0152686822802,0.0152686822802,logistic_regression,DoS log-odds,False,0,False
96,pilot_097,e4c532c3e73f7ab5,deterministic_text,DoS,Benign,1,TCP_FLAGS,27,27,True,True,True,26,-0.00514080651766,0.00514080651766,random_forest,DoS probability,False,0,False
96,pilot_097,e4c532c3e73f7ab5,deterministic_text,DoS,Benign,2,IN_PKTS,10,10,True,True,True,23,0.00648402902056,0.00648402902056,random_forest,DoS probability,False,0,False
96,pilot_097,e4c532c3e73f7ab5,deterministic_text,DoS,Benign,3,L4_DST_PORT,80,80,True,True,True,22,0.0069673866828,0.0069673866828,random_forest,DoS probability,False,0,False
96,pilot_097,e4c532c3e73f7ab5,deterministic_text,DoS,Benign,4,SRC_TO_DST_AVG_THROUGHPUT,11348,11348,True,True,True,13,0.0116013503778,0.0116013503778,random_forest,DoS probability,False,0,False
96,pilot_097,e4c532c3e73f7ab5,deterministic_text,DoS,Benign,5,FLOW_DURATION_MILLISECONDS,539,539,True,True,True,15,0.00952530252127,0.00952530252127,random_forest,DoS probability,False,0,False
96,pilot_097,e4c532c3e73f7ab5,structured,DoS,Benign,1,TCP_FLAGS,27,27,True,True,True,15,-0.063417026278,0.063417026278,logistic_regression,DoS log-odds,False,0,False
96,pilot_097,e4c532c3e73f7ab5,structured,DoS,Benign,2,L4_DST_PORT,80,80,True,True,True,3,0.586586963672,0.586586963672,logistic_regression,DoS log-odds,True,0.586586963672,True
96,pilot_097,e4c532c3e73f7ab5,structured,DoS,Benign,3,IN_PKTS,10,10,True,True,True,20,0.0292119690493,0.0292119690493,logistic_regression,DoS log-odds,False,0,False
96,pilot_097,e4c532c3e73f7ab5,structured,DoS,Benign,4,FLOW_DURATION_MILLISECONDS,539,539,True,True,True,27,-0.0152686822802,0.0152686822802,logistic_regression,DoS log-odds,False,0,False
96,pilot_097,e4c532c3e73f7ab5,structured,DoS,Benign,5,MIN_TTL,62,62,True,True,True,4,-0.473751356084,0.473751356084,logistic_regression,DoS log-odds,True,0.473751356084,True
96,pilot_097,e4c532c3e73f7ab5,structured,DoS,Benign,1,TCP_FLAGS,27,27,True,True,True,26,-0.00514080651766,0.00514080651766,random_forest,DoS probability,False,0,False
96,pilot_097,e4c532c3e73f7ab5,structured,DoS,Benign,2,L4_DST_PORT,80,80,True,True,True,22,0.0069673866828,0.0069673866828,random_forest,DoS probability,False,0,False
96,pilot_097,e4c532c3e73f7ab5,structured,DoS,Benign,3,IN_PKTS,10,10,True,True,True,23,0.00648402902056,0.00648402902056,random_forest,DoS probability,False,0,False
96,pilot_097,e4c532c3e73f7ab5,structured,DoS,Benign,4,FLOW_DURATION_MILLISECONDS,539,539,True,True,True,15,0.00952530252127,0.00952530252127,random_forest,DoS probability,False,0,False
96,pilot_097,e4c532c3e73f7ab5,structured,DoS,Benign,5,MIN_TTL,62,62,True,True,True,5,0.0409342872112,0.0409342872112,random_forest,DoS probability,True,0.0409342872112,True
97,pilot_098,e95c99b1ee1bd2c3,deterministic_text,DoS,DoS,1,L4_DST_PORT,88,88,True,True,True,40,0.00200560292339,0.00200560292339,logistic_regression,DoS log-odds,False,0,False
97,pilot_098,e95c99b1ee1bd2c3,deterministic_text,DoS,DoS,2,PROTOCOL,17,17,True,True,True,15,-0.11223939485,0.11223939485,logistic_regression,DoS log-odds,False,0,False
97,pilot_098,e95c99b1ee1bd2c3,deterministic_text,DoS,DoS,3,FLOW_DURATION_MILLISECONDS,0,0,True,True,True,25,-0.0291610632382,0.0291610632382,logistic_regression,DoS log-odds,False,0,False
97,pilot_098,e95c99b1ee1bd2c3,deterministic_text,DoS,DoS,4,SRC_TO_DST_AVG_THROUGHPUT,4624000,4624000,True,True,True,4,-0.499210050303,0.499210050303,logistic_regression,DoS log-odds,True,0.499210050303,True
97,pilot_098,e95c99b1ee1bd2c3,deterministic_text,DoS,DoS,5,OUT_PKTS,0,0,True,True,True,37,-0.00450441721881,0.00450441721881,logistic_regression,DoS log-odds,False,0,False
97,pilot_098,e95c99b1ee1bd2c3,deterministic_text,DoS,DoS,1,L4_DST_PORT,88,88,True,True,True,29,0.00408371315555,0.00408371315555,random_forest,DoS probability,False,0,False
97,pilot_098,e95c99b1ee1bd2c3,deterministic_text,DoS,DoS,2,PROTOCOL,17,17,True,True,True,39,0.00129882357568,0.00129882357568,random_forest,DoS probability,False,0,False
97,pilot_098,e95c99b1ee1bd2c3,deterministic_text,DoS,DoS,3,FLOW_DURATION_MILLISECONDS,0,0,True,True,True,19,0.00703967295436,0.00703967295436,random_forest,DoS probability,False,0,False
97,pilot_098,e95c99b1ee1bd2c3,deterministic_text,DoS,DoS,4,SRC_TO_DST_AVG_THROUGHPUT,4624000,4624000,True,True,True,38,-0.00168973471299,0.00168973471299,random_forest,DoS probability,False,0,False
97,pilot_098,e95c99b1ee1bd2c3,deterministic_text,DoS,DoS,5,OUT_PKTS,0,0,True,True,True,6,0.0299123242945,0.0299123242945,random_forest,DoS probability,False,0,False
97,pilot_098,e95c99b1ee1bd2c3,structured,DoS,DoS,1,L4_DST_PORT,88,88,True,True,True,40,0.00200560292339,0.00200560292339,logistic_regression,DoS log-odds,False,0,False
97,pilot_098,e95c99b1ee1bd2c3,structured,DoS,DoS,2,OUT_PKTS,0,0,True,True,True,37,-0.00450441721881,0.00450441721881,logistic_regression,DoS log-odds,False,0,False
97,pilot_098,e95c99b1ee1bd2c3,structured,DoS,DoS,3,FLOW_DURATION_MILLISECONDS,0,0,True,True,True,25,-0.0291610632382,0.0291610632382,logistic_regression,DoS log-odds,False,0,False
97,pilot_098,e95c99b1ee1bd2c3,structured,DoS,DoS,4,PROTOCOL,17,17,True,True,True,15,-0.11223939485,0.11223939485,logistic_regression,DoS log-odds,False,0,False
97,pilot_098,e95c99b1ee1bd2c3,structured,DoS,DoS,5,MAX_TTL,254,254,True,True,True,3,1.24764148541,1.24764148541,logistic_regression,DoS log-odds,True,1.24764148541,True
97,pilot_098,e95c99b1ee1bd2c3,structured,DoS,DoS,1,L4_DST_PORT,88,88,True,True,True,29,0.00408371315555,0.00408371315555,random_forest,DoS probability,False,0,False
97,pilot_098,e95c99b1ee1bd2c3,structured,DoS,DoS,2,OUT_PKTS,0,0,True,True,True,6,0.0299123242945,0.0299123242945,random_forest,DoS probability,False,0,False
97,pilot_098,e95c99b1ee1bd2c3,structured,DoS,DoS,3,FLOW_DURATION_MILLISECONDS,0,0,True,True,True,19,0.00703967295436,0.00703967295436,random_forest,DoS probability,False,0,False
97,pilot_098,e95c99b1ee1bd2c3,structured,DoS,DoS,4,PROTOCOL,17,17,True,True,True,39,0.00129882357568,0.00129882357568,random_forest,DoS probability,False,0,False
97,pilot_098,e95c99b1ee1bd2c3,structured,DoS,DoS,5,MAX_TTL,254,254,True,True,True,2,0.0702036031702,0.0702036031702,random_forest,DoS probability,True,0.0702036031702,True
98,pilot_099,047941cd9cc30526,deterministic_text,DoS,DoS,1,PROTOCOL,17,17,True,True,True,16,-0.11223939485,0.11223939485,logistic_regression,DoS log-odds,False,0,False
98,pilot_099,047941cd9cc30526,deterministic_text,DoS,DoS,2,OUT_PKTS,0,0,True,True,True,39,-0.00450441721881,0.00450441721881,logistic_regression,DoS log-odds,False,0,False
98,pilot_099,047941cd9cc30526,deterministic_text,DoS,DoS,3,FLOW_DURATION_MILLISECONDS,0,0,True,True,True,26,-0.0291610632382,0.0291610632382,logistic_regression,DoS log-odds,False,0,False
98,pilot_099,047941cd9cc30526,deterministic_text,DoS,DoS,4,L4_DST_PORT,520,520,True,True,True,33,0.00836650837089,0.00836650837089,logistic_regression,DoS log-odds,False,0,False
98,pilot_099,047941cd9cc30526,deterministic_text,DoS,DoS,5,MIN_TTL,254,254,True,True,True,2,1.25445948306,1.25445948306,logistic_regression,DoS log-odds,True,1.25445948306,True
98,pilot_099,047941cd9cc30526,deterministic_text,DoS,DoS,1,PROTOCOL,17,17,True,True,True,42,-0.000313771630517,0.000313771630517,random_forest,DoS probability,False,0,False
98,pilot_099,047941cd9cc30526,deterministic_text,DoS,DoS,2,OUT_PKTS,0,0,True,True,True,7,0.0248097893866,0.0248097893866,random_forest,DoS probability,False,0,False
98,pilot_099,047941cd9cc30526,deterministic_text,DoS,DoS,3,FLOW_DURATION_MILLISECONDS,0,0,True,True,True,30,0.00387735729596,0.00387735729596,random_forest,DoS probability,False,0,False
98,pilot_099,047941cd9cc30526,deterministic_text,DoS,DoS,4,L4_DST_PORT,520,520,True,True,True,17,0.00814779048118,0.00814779048118,random_forest,DoS probability,False,0,False
98,pilot_099,047941cd9cc30526,deterministic_text,DoS,DoS,5,MIN_TTL,254,254,True,True,True,3,0.0612081540252,0.0612081540252,random_forest,DoS probability,True,0.0612081540252,True
98,pilot_099,047941cd9cc30526,structured,DoS,DoS,1,OUT_PKTS,0,0,True,True,True,39,-0.00450441721881,0.00450441721881,logistic_regression,DoS log-odds,False,0,False
98,pilot_099,047941cd9cc30526,structured,DoS,DoS,2,PROTOCOL,17,17,True,True,True,16,-0.11223939485,0.11223939485,logistic_regression,DoS log-odds,False,0,False
98,pilot_099,047941cd9cc30526,structured,DoS,DoS,3,SRC_TO_DST_AVG_THROUGHPUT,512000,512000,True,True,True,24,0.0439687224686,0.0439687224686,logistic_regression,DoS log-odds,False,0,False
98,pilot_099,047941cd9cc30526,structured,DoS,DoS,4,L4_DST_PORT,520,520,True,True,True,33,0.00836650837089,0.00836650837089,logistic_regression,DoS log-odds,False,0,False
98,pilot_099,047941cd9cc30526,structured,DoS,DoS,5,FLOW_DURATION_MILLISECONDS,0,0,True,True,True,26,-0.0291610632382,0.0291610632382,logistic_regression,DoS log-odds,False,0,False
98,pilot_099,047941cd9cc30526,structured,DoS,DoS,1,OUT_PKTS,0,0,True,True,True,7,0.0248097893866,0.0248097893866,random_forest,DoS probability,False,0,False
98,pilot_099,047941cd9cc30526,structured,DoS,DoS,2,PROTOCOL,17,17,True,True,True,42,-0.000313771630517,0.000313771630517,random_forest,DoS probability,False,0,False
98,pilot_099,047941cd9cc30526,structured,DoS,DoS,3,SRC_TO_DST_AVG_THROUGHPUT,512000,512000,True,True,True,28,-0.00432880227398,0.00432880227398,random_forest,DoS probability,False,0,False
98,pilot_099,047941cd9cc30526,structured,DoS,DoS,4,L4_DST_PORT,520,520,True,True,True,17,0.00814779048118,0.00814779048118,random_forest,DoS probability,False,0,False
98,pilot_099,047941cd9cc30526,structured,DoS,DoS,5,FLOW_DURATION_MILLISECONDS,0,0,True,True,True,30,0.00387735729596,0.00387735729596,random_forest,DoS probability,False,0,False
99,pilot_100,3e7e59be9670291b,deterministic_text,DoS,Benign,1,L4_DST_PORT,80,80,True,True,True,3,0.587468955237,0.587468955237,logistic_regression,DoS log-odds,True,0.587468955237,True
99,pilot_100,3e7e59be9670291b,deterministic_text,DoS,Benign,2,L4_SRC_PORT,56267,56267,True,True,True,44,0,0,logistic_regression,DoS log-odds,False,0,False
99,pilot_100,3e7e59be9670291b,deterministic_text,DoS,Benign,3,TCP_FLAGS,27,27,True,True,True,43,-0.00033162181439,0.00033162181439,logistic_regression,DoS log-odds,False,0,False
99,pilot_100,3e7e59be9670291b,deterministic_text,DoS,Benign,4,IN_PKTS,10,10,True,True,True,21,0.0362255755981,0.0362255755981,logistic_regression,DoS log-odds,False,0,False
99,pilot_100,3e7e59be9670291b,deterministic_text,DoS,Benign,5,FLOW_DURATION_MILLISECONDS,636,636,True,True,True,28,-0.0107771689725,0.0107771689725,logistic_regression,DoS log-odds,False,0,False
99,pilot_100,3e7e59be9670291b,deterministic_text,DoS,Benign,1,L4_DST_PORT,80,80,True,True,True,24,0.00571688103247,0.00571688103247,random_forest,DoS probability,False,0,False
99,pilot_100,3e7e59be9670291b,deterministic_text,DoS,Benign,2,L4_SRC_PORT,56267,56267,True,True,True,37,0.00131577185228,0.00131577185228,random_forest,DoS probability,False,0,False
99,pilot_100,3e7e59be9670291b,deterministic_text,DoS,Benign,3,TCP_FLAGS,27,27,True,True,True,31,-0.00254247798484,0.00254247798484,random_forest,DoS probability,False,0,False
99,pilot_100,3e7e59be9670291b,deterministic_text,DoS,Benign,4,IN_PKTS,10,10,True,True,True,16,0.00992440936637,0.00992440936637,random_forest,DoS probability,False,0,False
99,pilot_100,3e7e59be9670291b,deterministic_text,DoS,Benign,5,FLOW_DURATION_MILLISECONDS,636,636,True,True,True,13,0.0129031432675,0.0129031432675,random_forest,DoS probability,False,0,False
99,pilot_100,3e7e59be9670291b,structured,DoS,Benign,1,IN_PKTS,10,10,True,True,True,21,0.0362255755981,0.0362255755981,logistic_regression,DoS log-odds,False,0,False
99,pilot_100,3e7e59be9670291b,structured,DoS,Benign,2,FLOW_DURATION_MILLISECONDS,636,636,True,True,True,28,-0.0107771689725,0.0107771689725,logistic_regression,DoS log-odds,False,0,False
99,pilot_100,3e7e59be9670291b,structured,DoS,Benign,3,IN_BYTES,784,784,True,True,True,41,-0.00224255839238,0.00224255839238,logistic_regression,DoS log-odds,False,0,False
99,pilot_100,3e7e59be9670291b,structured,DoS,Benign,4,MAX_IP_PKT_LEN,329,329,True,True,True,15,0.0851622534579,0.0851622534579,logistic_regression,DoS log-odds,False,0,False
99,pilot_100,3e7e59be9670291b,structured,DoS,Benign,5,SRC_TO_DST_AVG_THROUGHPUT,9846,9846,True,True,True,10,0.110368317862,0.110368317862,logistic_regression,DoS log-odds,False,0,False
99,pilot_100,3e7e59be9670291b,structured,DoS,Benign,1,IN_PKTS,10,10,True,True,True,16,0.00992440936637,0.00992440936637,random_forest,DoS probability,False,0,False
99,pilot_100,3e7e59be9670291b,structured,DoS,Benign,2,FLOW_DURATION_MILLISECONDS,636,636,True,True,True,13,0.0129031432675,0.0129031432675,random_forest,DoS probability,False,0,False
99,pilot_100,3e7e59be9670291b,structured,DoS,Benign,3,IN_BYTES,784,784,True,True,True,21,0.00757859485933,0.00757859485933,random_forest,DoS probability,False,0,False
99,pilot_100,3e7e59be9670291b,structured,DoS,Benign,4,MAX_IP_PKT_LEN,329,329,True,True,True,38,0.000981470967794,0.000981470967794,random_forest,DoS probability,False,0,False
99,pilot_100,3e7e59be9670291b,structured,DoS,Benign,5,SRC_TO_DST_AVG_THROUGHPUT,9846,9846,True,True,True,12,0.0132120901879,0.0132120901879,random_forest,DoS probability,False,0,False
100,pilot_101,dadcedeb02b92c43,deterministic_text,DoS,Benign,1,IN_PKTS,10,10,True,True,True,15,0.103488706326,0.103488706326,logistic_regression,DoS log-odds,False,0,False
100,pilot_101,dadcedeb02b92c43,deterministic_text,DoS,Benign,2,TCP_FLAGS,19,19,True,True,True,9,0.174687431109,0.174687431109,logistic_regression,DoS log-odds,False,0,False
100,pilot_101,dadcedeb02b92c43,deterministic_text,DoS,Benign,3,FLOW_DURATION_MILLISECONDS,535,535,True,True,True,33,-0.00491075160586,0.00491075160586,logistic_regression,DoS log-odds,False,0,False
100,pilot_101,dadcedeb02b92c43,deterministic_text,DoS,Benign,4,L4_DST_PORT,179,179,True,True,True,19,0.0610167856209,0.0610167856209,logistic_regression,DoS log-odds,False,0,False
100,pilot_101,dadcedeb02b92c43,deterministic_text,DoS,Benign,5,NUM_PKTS_UP_TO_128_BYTES,16,16,True,True,True,5,0.251501682419,0.251501682419,logistic_regression,DoS log-odds,True,0.251501682419,True
100,pilot_101,dadcedeb02b92c43,deterministic_text,DoS,Benign,1,IN_PKTS,10,10,True,True,True,20,0.00785138858568,0.00785138858568,random_forest,DoS probability,False,0,False
100,pilot_101,dadcedeb02b92c43,deterministic_text,DoS,Benign,2,TCP_FLAGS,19,19,True,True,True,7,0.0182863310983,0.0182863310983,random_forest,DoS probability,False,0,False
100,pilot_101,dadcedeb02b92c43,deterministic_text,DoS,Benign,3,FLOW_DURATION_MILLISECONDS,535,535,True,True,True,19,0.00799643582078,0.00799643582078,random_forest,DoS probability,False,0,False
100,pilot_101,dadcedeb02b92c43,deterministic_text,DoS,Benign,4,L4_DST_PORT,179,179,True,True,True,36,0.00168495057554,0.00168495057554,random_forest,DoS probability,False,0,False
100,pilot_101,dadcedeb02b92c43,deterministic_text,DoS,Benign,5,NUM_PKTS_UP_TO_128_BYTES,16,16,True,True,True,22,0.00679376674486,0.00679376674486,random_forest,DoS probability,False,0,False
100,pilot_101,dadcedeb02b92c43,structured,DoS,Benign,1,IN_PKTS,10,10,True,True,True,15,0.103488706326,0.103488706326,logistic_regression,DoS log-odds,False,0,False
100,pilot_101,dadcedeb02b92c43,structured,DoS,Benign,2,FLOW_DURATION_MILLISECONDS,535,535,True,True,True,33,-0.00491075160586,0.00491075160586,logistic_regression,DoS log-odds,False,0,False
100,pilot_101,dadcedeb02b92c43,structured,DoS,Benign,3,SRC_TO_DST_AVG_THROUGHPUT,7791,7791,True,True,True,25,0.0248475632653,0.0248475632653,logistic_regression,DoS log-odds,False,0,False
100,pilot_101,dadcedeb02b92c43,structured,DoS,Benign,4,MAX_IP_PKT_LEN,85,85,True,True,True,8,0.191647866436,0.191647866436,logistic_regression,DoS log-odds,False,0,False
100,pilot_101,dadcedeb02b92c43,structured,DoS,Benign,5,TCP_FLAGS,19,19,True,True,True,9,0.174687431109,0.174687431109,logistic_regression,DoS log-odds,False,0,False
100,pilot_101,dadcedeb02b92c43,structured,DoS,Benign,1,IN_PKTS,10,10,True,True,True,20,0.00785138858568,0.00785138858568,random_forest,DoS probability,False,0,False
100,pilot_101,dadcedeb02b92c43,structured,DoS,Benign,2,FLOW_DURATION_MILLISECONDS,535,535,True,True,True,19,0.00799643582078,0.00799643582078,random_forest,DoS probability,False,0,False
100,pilot_101,dadcedeb02b92c43,structured,DoS,Benign,3,SRC_TO_DST_AVG_THROUGHPUT,7791,7791,True,True,True,15,0.00948348255163,0.00948348255163,random_forest,DoS probability,False,0,False
100,pilot_101,dadcedeb02b92c43,structured,DoS,Benign,4,MAX_IP_PKT_LEN,85,85,True,True,True,32,0.00233186957497,0.00233186957497,random_forest,DoS probability,False,0,False
100,pilot_101,dadcedeb02b92c43,structured,DoS,Benign,5,TCP_FLAGS,19,19,True,True,True,7,0.0182863310983,0.0182863310983,random_forest,DoS probability,False,0,False
101,pilot_102,f1d44c4f061d0b73,deterministic_text,DoS,DoS,1,L4_DST_PORT,445,445,True,True,True,21,0.0171471746769,0.0171471746769,logistic_regression,DoS log-odds,False,0,False
101,pilot_102,f1d44c4f061d0b73,deterministic_text,DoS,DoS,2,RETRANSMITTED_IN_PKTS,3,3,True,True,True,23,0.0148354315335,0.0148354315335,logistic_regression,DoS log-odds,False,0,False
101,pilot_102,f1d44c4f061d0b73,deterministic_text,DoS,DoS,3,SRC_TO_DST_AVG_THROUGHPUT,12115,12115,True,True,True,9,0.110067110349,0.110067110349,logistic_regression,DoS log-odds,False,0,False
101,pilot_102,f1d44c4f061d0b73,deterministic_text,DoS,DoS,4,NUM_PKTS_UP_TO_128_BYTES,13,13,True,True,True,14,0.0688448385839,0.0688448385839,logistic_regression,DoS log-odds,False,0,False
101,pilot_102,f1d44c4f061d0b73,deterministic_text,DoS,DoS,5,ICMP_IPV4_TYPE,107,107,True,True,True,41,0.00281244451122,0.00281244451122,logistic_regression,DoS log-odds,False,0,False
101,pilot_102,f1d44c4f061d0b73,deterministic_text,DoS,DoS,1,L4_DST_PORT,445,445,True,True,True,32,0.00231608115463,0.00231608115463,random_forest,DoS probability,False,0,False
101,pilot_102,f1d44c4f061d0b73,deterministic_text,DoS,DoS,2,RETRANSMITTED_IN_PKTS,3,3,True,True,True,31,-0.00300451743794,0.00300451743794,random_forest,DoS probability,False,0,False
101,pilot_102,f1d44c4f061d0b73,deterministic_text,DoS,DoS,3,SRC_TO_DST_AVG_THROUGHPUT,12115,12115,True,True,True,21,0.00795379104278,0.00795379104278,random_forest,DoS probability,False,0,False
101,pilot_102,f1d44c4f061d0b73,deterministic_text,DoS,DoS,4,NUM_PKTS_UP_TO_128_BYTES,13,13,True,True,True,20,0.00823470242759,0.00823470242759,random_forest,DoS probability,False,0,False
101,pilot_102,f1d44c4f061d0b73,deterministic_text,DoS,DoS,5,ICMP_IPV4_TYPE,107,107,True,True,True,30,0.00300643814009,0.00300643814009,random_forest,DoS probability,False,0,False
101,pilot_102,f1d44c4f061d0b73,structured,DoS,Benign,1,IN_PKTS,11,11,True,True,True,18,0.0348049647904,0.0348049647904,logistic_regression,DoS log-odds,False,0,False
101,pilot_102,f1d44c4f061d0b73,structured,DoS,Benign,2,L4_DST_PORT,445,445,True,True,True,21,0.0171471746769,0.0171471746769,logistic_regression,DoS log-odds,False,0,False
101,pilot_102,f1d44c4f061d0b73,structured,DoS,Benign,3,FLOW_DURATION_MILLISECONDS,621,621,True,True,True,28,-0.0111052743806,0.0111052743806,logistic_regression,DoS log-odds,False,0,False
101,pilot_102,f1d44c4f061d0b73,structured,DoS,Benign,4,SRC_TO_DST_IAT_AVG,56,56,True,True,True,34,-0.00753956086208,0.00753956086208,logistic_regression,DoS log-odds,False,0,False
101,pilot_102,f1d44c4f061d0b73,structured,DoS,Benign,5,MIN_TTL,254,254,True,True,True,2,1.33055043732,1.33055043732,logistic_regression,DoS log-odds,True,1.33055043732,True
101,pilot_102,f1d44c4f061d0b73,structured,DoS,Benign,1,IN_PKTS,11,11,True,True,True,22,0.00730466915212,0.00730466915212,random_forest,DoS probability,False,0,False
101,pilot_102,f1d44c4f061d0b73,structured,DoS,Benign,2,L4_DST_PORT,445,445,True,True,True,32,0.00231608115463,0.00231608115463,random_forest,DoS probability,False,0,False
101,pilot_102,f1d44c4f061d0b73,structured,DoS,Benign,3,FLOW_DURATION_MILLISECONDS,621,621,True,True,True,12,0.0112191278815,0.0112191278815,random_forest,DoS probability,False,0,False
101,pilot_102,f1d44c4f061d0b73,structured,DoS,Benign,4,SRC_TO_DST_IAT_AVG,56,56,True,True,True,8,0.020269725218,0.020269725218,random_forest,DoS probability,False,0,False
101,pilot_102,f1d44c4f061d0b73,structured,DoS,Benign,5,MIN_TTL,254,254,True,True,True,3,0.0494968372719,0.0494968372719,random_forest,DoS probability,True,0.0494968372719,True
102,pilot_103,648a0b970bc0d926,deterministic_text,DoS,Benign,1,IN_PKTS,10,10,True,True,True,15,0.103488706326,0.103488706326,logistic_regression,DoS log-odds,False,0,False
102,pilot_103,648a0b970bc0d926,deterministic_text,DoS,Benign,2,IN_BYTES,870,870,True,True,True,42,-0.0012162516669,0.0012162516669,logistic_regression,DoS log-odds,False,0,False
102,pilot_103,648a0b970bc0d926,deterministic_text,DoS,Benign,3,L4_DST_PORT,80,80,True,True,True,4,0.62786338834,0.62786338834,logistic_regression,DoS log-odds,True,0.62786338834,True
102,pilot_103,648a0b970bc0d926,deterministic_text,DoS,Benign,4,FLOW_DURATION_MILLISECONDS,267,267,True,True,True,23,-0.035135099081,0.035135099081,logistic_regression,DoS log-odds,False,0,False
102,pilot_103,648a0b970bc0d926,deterministic_text,DoS,Benign,5,TCP_FLAGS,19,19,True,True,True,8,0.174687431109,0.174687431109,logistic_regression,DoS log-odds,False,0,False
102,pilot_103,648a0b970bc0d926,deterministic_text,DoS,Benign,1,IN_PKTS,10,10,True,True,True,16,0.00907578702761,0.00907578702761,random_forest,DoS probability,False,0,False
102,pilot_103,648a0b970bc0d926,deterministic_text,DoS,Benign,2,IN_BYTES,870,870,True,True,True,26,0.00527322817976,0.00527322817976,random_forest,DoS probability,False,0,False
102,pilot_103,648a0b970bc0d926,deterministic_text,DoS,Benign,3,L4_DST_PORT,80,80,True,True,True,25,0.00570119853235,0.00570119853235,random_forest,DoS probability,False,0,False
102,pilot_103,648a0b970bc0d926,deterministic_text,DoS,Benign,4,FLOW_DURATION_MILLISECONDS,267,267,True,True,True,19,0.00803461654131,0.00803461654131,random_forest,DoS probability,False,0,False
102,pilot_103,648a0b970bc0d926,deterministic_text,DoS,Benign,5,TCP_FLAGS,19,19,True,True,True,7,0.017483281309,0.017483281309,random_forest,DoS probability,False,0,False
102,pilot_103,648a0b970bc0d926,structured,DoS,Benign,1,IN_BYTES,870,870,True,True,True,42,-0.0012162516669,0.0012162516669,logistic_regression,DoS log-odds,False,0,False
102,pilot_103,648a0b970bc0d926,structured,DoS,Benign,2,IN_PKTS,10,10,True,True,True,15,0.103488706326,0.103488706326,logistic_regression,DoS log-odds,False,0,False
102,pilot_103,648a0b970bc0d926,structured,DoS,Benign,3,L4_DST_PORT,80,80,True,True,True,4,0.62786338834,0.62786338834,logistic_regression,DoS log-odds,True,0.62786338834,True
102,pilot_103,648a0b970bc0d926,structured,DoS,Benign,4,TCP_FLAGS,19,19,True,True,True,8,0.174687431109,0.174687431109,logistic_regression,DoS log-odds,False,0,False
102,pilot_103,648a0b970bc0d926,structured,DoS,Benign,5,FLOW_DURATION_MILLISECONDS,267,267,True,True,True,23,-0.035135099081,0.035135099081,logistic_regression,DoS log-odds,False,0,False
102,pilot_103,648a0b970bc0d926,structured,DoS,Benign,1,IN_BYTES,870,870,True,True,True,26,0.00527322817976,0.00527322817976,random_forest,DoS probability,False,0,False
102,pilot_103,648a0b970bc0d926,structured,DoS,Benign,2,IN_PKTS,10,10,True,True,True,16,0.00907578702761,0.00907578702761,random_forest,DoS probability,False,0,False
102,pilot_103,648a0b970bc0d926,structured,DoS,Benign,3,L4_DST_PORT,80,80,True,True,True,25,0.00570119853235,0.00570119853235,random_forest,DoS probability,False,0,False
102,pilot_103,648a0b970bc0d926,structured,DoS,Benign,4,TCP_FLAGS,19,19,True,True,True,7,0.017483281309,0.017483281309,random_forest,DoS probability,False,0,False
102,pilot_103,648a0b970bc0d926,structured,DoS,Benign,5,FLOW_DURATION_MILLISECONDS,267,267,True,True,True,19,0.00803461654131,0.00803461654131,random_forest,DoS probability,False,0,False
103,pilot_104,0f562e5263c3b3c1,deterministic_text,Benign,Benign,1,TCP_FLAGS,27,27,True,True,True,18,-0.064280133966,0.064280133966,logistic_regression,DoS log-odds,False,0,False
103,pilot_104,0f562e5263c3b3c1,deterministic_text,Benign,Benign,2,IN_PKTS,24,24,True,True,True,41,0.000915829259519,0.000915829259519,logistic_regression,DoS log-odds,False,0,False
103,pilot_104,0f562e5263c3b3c1,deterministic_text,Benign,Benign,3,FLOW_DURATION_MILLISECONDS,7,7,True,True,True,17,-0.0644572272286,0.0644572272286,logistic_regression,DoS log-odds,False,0,False
103,pilot_104,0f562e5263c3b3c1,deterministic_text,Benign,Benign,4,IN_BYTES,2158,2158,True,True,True,43,-0.000791194527674,0.000791194527674,logistic_regression,DoS log-odds,False,0,False
103,pilot_104,0f562e5263c3b3c1,deterministic_text,Benign,Benign,5,NUM_PKTS_UP_TO_128_BYTES,40,40,True,True,True,21,-0.0567544492403,0.0567544492403,logistic_regression,DoS log-odds,False,0,False
103,pilot_104,0f562e5263c3b3c1,deterministic_text,Benign,Benign,1,TCP_FLAGS,27,27,True,True,True,10,-0.0137801409213,0.0137801409213,random_forest,DoS probability,False,0,False
103,pilot_104,0f562e5263c3b3c1,deterministic_text,Benign,Benign,2,IN_PKTS,24,24,True,True,True,13,-0.0115486184798,0.0115486184798,random_forest,DoS probability,False,0,False
103,pilot_104,0f562e5263c3b3c1,deterministic_text,Benign,Benign,3,FLOW_DURATION_MILLISECONDS,7,7,True,True,True,14,-0.0102939591546,0.0102939591546,random_forest,DoS probability,False,0,False
103,pilot_104,0f562e5263c3b3c1,deterministic_text,Benign,Benign,4,IN_BYTES,2158,2158,True,True,True,26,-0.00586760306088,0.00586760306088,random_forest,DoS probability,False,0,False
103,pilot_104,0f562e5263c3b3c1,deterministic_text,Benign,Benign,5,NUM_PKTS_UP_TO_128_BYTES,40,40,True,True,True,9,-0.0152201170583,0.0152201170583,random_forest,DoS probability,False,0,False
103,pilot_104,0f562e5263c3b3c1,structured,Benign,Benign,1,TCP_FLAGS,27,27,True,True,True,18,-0.064280133966,0.064280133966,logistic_regression,DoS log-odds,False,0,False
103,pilot_104,0f562e5263c3b3c1,structured,Benign,Benign,2,OUT_PKTS,24,24,True,True,True,34,0.00917813875581,0.00917813875581,logistic_regression,DoS log-odds,False,0,False
103,pilot_104,0f562e5263c3b3c1,structured,Benign,Benign,3,FLOW_DURATION_MILLISECONDS,7,7,True,True,True,17,-0.0644572272286,0.0644572272286,logistic_regression,DoS log-odds,False,0,False
103,pilot_104,0f562e5263c3b3c1,structured,Benign,Benign,4,IN_BYTES,2158,2158,True,True,True,43,-0.000791194527674,0.000791194527674,logistic_regression,DoS log-odds,False,0,False
103,pilot_104,0f562e5263c3b3c1,structured,Benign,Benign,5,RETRANSMITTED_IN_PKTS,6,6,True,True,True,27,-0.0306766530672,0.0306766530672,logistic_regression,DoS log-odds,False,0,False
103,pilot_104,0f562e5263c3b3c1,structured,Benign,Benign,1,TCP_FLAGS,27,27,True,True,True,10,-0.0137801409213,0.0137801409213,random_forest,DoS probability,False,0,False
103,pilot_104,0f562e5263c3b3c1,structured,Benign,Benign,2,OUT_PKTS,24,24,True,True,True,7,-0.0182420040602,0.0182420040602,random_forest,DoS probability,False,0,False
103,pilot_104,0f562e5263c3b3c1,structured,Benign,Benign,3,FLOW_DURATION_MILLISECONDS,7,7,True,True,True,14,-0.0102939591546,0.0102939591546,random_forest,DoS probability,False,0,False
103,pilot_104,0f562e5263c3b3c1,structured,Benign,Benign,4,IN_BYTES,2158,2158,True,True,True,26,-0.00586760306088,0.00586760306088,random_forest,DoS probability,False,0,False
103,pilot_104,0f562e5263c3b3c1,structured,Benign,Benign,5,RETRANSMITTED_IN_PKTS,6,6,True,True,True,19,-0.00824755289934,0.00824755289934,random_forest,DoS probability,False,0,False
104,pilot_105,9eb1f88387d3c592,deterministic_text,DoS,DoS,1,ICMP_IPV4_TYPE,100,100,True,True,True,29,-0.0119369204614,0.0119369204614,logistic_regression,DoS log-odds,False,0,False
104,pilot_105,9eb1f88387d3c592,deterministic_text,DoS,DoS,2,TCP_FLAGS,19,19,True,True,True,9,0.153522978217,0.153522978217,logistic_regression,DoS log-odds,False,0,False
104,pilot_105,9eb1f88387d3c592,deterministic_text,DoS,DoS,3,RETRANSMITTED_IN_PKTS,2,2,True,True,True,23,0.0214073413729,0.0214073413729,logistic_regression,DoS log-odds,False,0,False
104,pilot_105,9eb1f88387d3c592,deterministic_text,DoS,DoS,4,NUM_PKTS_UP_TO_128_BYTES,16,16,True,True,True,19,0.0527616574448,0.0527616574448,logistic_regression,DoS log-odds,False,0,False
104,pilot_105,9eb1f88387d3c592,deterministic_text,DoS,DoS,5,SRC_TO_DST_IAT_STDDEV,255,255,True,True,True,38,0.00686498038825,0.00686498038825,logistic_regression,DoS log-odds,False,0,False
104,pilot_105,9eb1f88387d3c592,deterministic_text,DoS,DoS,1,ICMP_IPV4_TYPE,100,100,True,True,True,36,0.0017467354925,0.0017467354925,random_forest,DoS probability,False,0,False
104,pilot_105,9eb1f88387d3c592,deterministic_text,DoS,DoS,2,TCP_FLAGS,19,19,True,True,True,8,0.018208945219,0.018208945219,random_forest,DoS probability,False,0,False
104,pilot_105,9eb1f88387d3c592,deterministic_text,DoS,DoS,3,RETRANSMITTED_IN_PKTS,2,2,True,True,True,26,0.00412202817395,0.00412202817395,random_forest,DoS probability,False,0,False
104,pilot_105,9eb1f88387d3c592,deterministic_text,DoS,DoS,4,NUM_PKTS_UP_TO_128_BYTES,16,16,True,True,True,21,0.00742787948809,0.00742787948809,random_forest,DoS probability,False,0,False
104,pilot_105,9eb1f88387d3c592,deterministic_text,DoS,DoS,5,SRC_TO_DST_IAT_STDDEV,255,255,True,True,True,12,0.0138898585388,0.0138898585388,random_forest,DoS probability,False,0,False
104,pilot_105,9eb1f88387d3c592,structured,DoS,Benign,1,IN_PKTS,10,10,True,True,True,21,0.0292119690493,0.0292119690493,logistic_regression,DoS log-odds,False,0,False
104,pilot_105,9eb1f88387d3c592,structured,DoS,Benign,2,SRC_TO_DST_AVG_THROUGHPUT,12434,12434,True,True,True,17,0.0822785861694,0.0822785861694,logistic_regression,DoS log-odds,False,0,False
104,pilot_105,9eb1f88387d3c592,structured,DoS,Benign,3,FLOW_DURATION_MILLISECONDS,1610,1610,True,True,True,31,0.0106844729913,0.0106844729913,logistic_regression,DoS log-odds,False,0,False
104,pilot_105,9eb1f88387d3c592,structured,DoS,Benign,4,NUM_PKTS_UP_TO_128_BYTES,16,16,True,True,True,19,0.0527616574448,0.0527616574448,logistic_regression,DoS log-odds,False,0,False
104,pilot_105,9eb1f88387d3c592,structured,DoS,Benign,5,L4_DST_PORT,1723,1723,True,True,True,44,0,0,logistic_regression,DoS log-odds,False,0,False
104,pilot_105,9eb1f88387d3c592,structured,DoS,Benign,1,IN_PKTS,10,10,True,True,True,27,0.00407777752127,0.00407777752127,random_forest,DoS probability,False,0,False
104,pilot_105,9eb1f88387d3c592,structured,DoS,Benign,2,SRC_TO_DST_AVG_THROUGHPUT,12434,12434,True,True,True,23,0.00669494459394,0.00669494459394,random_forest,DoS probability,False,0,False
104,pilot_105,9eb1f88387d3c592,structured,DoS,Benign,3,FLOW_DURATION_MILLISECONDS,1610,1610,True,True,True,14,0.0102393988057,0.0102393988057,random_forest,DoS probability,False,0,False
104,pilot_105,9eb1f88387d3c592,structured,DoS,Benign,4,NUM_PKTS_UP_TO_128_BYTES,16,16,True,True,True,21,0.00742787948809,0.00742787948809,random_forest,DoS probability,False,0,False
104,pilot_105,9eb1f88387d3c592,structured,DoS,Benign,5,L4_DST_PORT,1723,1723,True,True,True,32,0.00234514650968,0.00234514650968,random_forest,DoS probability,False,0,False
105,pilot_106,8495ca57f9b3c891,deterministic_text,Benign,DoS,1,TCP_FLAGS,27,27,True,True,True,42,-0.00033162181439,0.00033162181439,logistic_regression,DoS log-odds,False,0,False
105,pilot_106,8495ca57f9b3c891,deterministic_text,Benign,DoS,2,L4_DST_PORT,19072,19072,True,True,True,44,0,0,logistic_regression,DoS log-odds,False,0,False
105,pilot_106,8495ca57f9b3c891,deterministic_text,Benign,DoS,3,RETRANSMITTED_OUT_PKTS,21,21,True,True,True,38,-0.00355916913229,0.00355916913229,logistic_regression,DoS log-odds,False,0,False
105,pilot_106,8495ca57f9b3c891,deterministic_text,Benign,DoS,4,FLOW_DURATION_MILLISECONDS,34,34,True,True,True,22,-0.0239451326855,0.0239451326855,logistic_regression,DoS log-odds,False,0,False
105,pilot_106,8495ca57f9b3c891,deterministic_text,Benign,DoS,5,DST_TO_SRC_AVG_THROUGHPUT,9373257,9373257,True,True,True,1,-1.17317770643,1.17317770643,logistic_regression,DoS log-odds,True,1.17317770643,True
105,pilot_106,8495ca57f9b3c891,deterministic_text,Benign,DoS,1,TCP_FLAGS,27,27,True,True,True,15,-0.0106909464291,0.0106909464291,random_forest,DoS probability,False,0,False
105,pilot_106,8495ca57f9b3c891,deterministic_text,Benign,DoS,2,L4_DST_PORT,19072,19072,True,True,True,31,-0.00292801622549,0.00292801622549,random_forest,DoS probability,False,0,False
105,pilot_106,8495ca57f9b3c891,deterministic_text,Benign,DoS,3,RETRANSMITTED_OUT_PKTS,21,21,True,True,True,10,-0.0137969045284,0.0137969045284,random_forest,DoS probability,False,0,False
105,pilot_106,8495ca57f9b3c891,deterministic_text,Benign,DoS,4,FLOW_DURATION_MILLISECONDS,34,34,True,True,True,13,-0.011180814992,0.011180814992,random_forest,DoS probability,False,0,False
105,pilot_106,8495ca57f9b3c891,deterministic_text,Benign,DoS,5,DST_TO_SRC_AVG_THROUGHPUT,9373257,9373257,True,True,True,6,-0.0270718896309,0.0270718896309,random_forest,DoS probability,False,0,False
105,pilot_106,8495ca57f9b3c891,structured,Benign,Benign,1,L7_PROTO,36,36,True,True,True,8,-0.207469759692,0.207469759692,logistic_regression,DoS log-odds,False,0,False
105,pilot_106,8495ca57f9b3c891,structured,Benign,Benign,2,L4_DST_PORT,19072,19072,True,True,True,44,0,0,logistic_regression,DoS log-odds,False,0,False
105,pilot_106,8495ca57f9b3c891,structured,Benign,Benign,3,TCP_FLAGS,27,27,True,True,True,42,-0.00033162181439,0.00033162181439,logistic_regression,DoS log-odds,False,0,False
105,pilot_106,8495ca57f9b3c891,structured,Benign,Benign,4,IN_BYTES,3390,3390,True,True,True,41,-0.00149556503879,0.00149556503879,logistic_regression,DoS log-odds,False,0,False
105,pilot_106,8495ca57f9b3c891,structured,Benign,Benign,5,RETRANSMITTED_OUT_PKTS,21,21,True,True,True,38,-0.00355916913229,0.00355916913229,logistic_regression,DoS log-odds,False,0,False
105,pilot_106,8495ca57f9b3c891,structured,Benign,Benign,1,L7_PROTO,36,36,True,True,True,28,-0.00544930025559,0.00544930025559,random_forest,DoS probability,False,0,False
105,pilot_106,8495ca57f9b3c891,structured,Benign,Benign,2,L4_DST_PORT,19072,19072,True,True,True,31,-0.00292801622549,0.00292801622549,random_forest,DoS probability,False,0,False
105,pilot_106,8495ca57f9b3c891,structured,Benign,Benign,3,TCP_FLAGS,27,27,True,True,True,15,-0.0106909464291,0.0106909464291,random_forest,DoS probability,False,0,False
105,pilot_106,8495ca57f9b3c891,structured,Benign,Benign,4,IN_BYTES,3390,3390,True,True,True,19,-0.00944363472269,0.00944363472269,random_forest,DoS probability,False,0,False
105,pilot_106,8495ca57f9b3c891,structured,Benign,Benign,5,RETRANSMITTED_OUT_PKTS,21,21,True,True,True,10,-0.0137969045284,0.0137969045284,random_forest,DoS probability,False,0,False
106,pilot_107,e35ba564ca085652,deterministic_text,Benign,Benign,1,L4_DST_PORT,25,25,True,True,True,16,-0.0456922863999,0.0456922863999,logistic_regression,DoS log-odds,False,0,False
106,pilot_107,e35ba564ca085652,deterministic_text,Benign,Benign,2,TCP_FLAGS,27,27,True,True,True,43,-0.00033162181439,0.00033162181439,logistic_regression,DoS log-odds,False,0,False
106,pilot_107,e35ba564ca085652,deterministic_text,Benign,Benign,3,FLOW_DURATION_MILLISECONDS,533,533,True,True,True,28,-0.0130301594416,0.0130301594416,logistic_regression,DoS log-odds,False,0,False
106,pilot_107,e35ba564ca085652,deterministic_text,Benign,Benign,4,SRC_TO_DST_AVG_THROUGHPUT,557962,557962,True,True,True,17,0.0376064591365,0.0376064591365,logistic_regression,DoS log-odds,False,0,False
106,pilot_107,e35ba564ca085652,deterministic_text,Benign,Benign,5,OUT_PKTS,42,42,True,True,True,41,-0.00316926527456,0.00316926527456,logistic_regression,DoS log-odds,False,0,False
106,pilot_107,e35ba564ca085652,deterministic_text,Benign,Benign,1,L4_DST_PORT,25,25,True,True,True,25,-0.00391907881671,0.00391907881671,random_forest,DoS probability,False,0,False
106,pilot_107,e35ba564ca085652,deterministic_text,Benign,Benign,2,TCP_FLAGS,27,27,True,True,True,16,-0.0100985068148,0.0100985068148,random_forest,DoS probability,False,0,False
106,pilot_107,e35ba564ca085652,deterministic_text,Benign,Benign,3,FLOW_DURATION_MILLISECONDS,533,533,True,True,True,26,0.00378876643312,0.00378876643312,random_forest,DoS probability,False,0,False
106,pilot_107,e35ba564ca085652,deterministic_text,Benign,Benign,4,SRC_TO_DST_AVG_THROUGHPUT,557962,557962,True,True,True,17,-0.00966053347128,0.00966053347128,random_forest,DoS probability,False,0,False
106,pilot_107,e35ba564ca085652,deterministic_text,Benign,Benign,5,OUT_PKTS,42,42,True,True,True,8,-0.0203224224862,0.0203224224862,random_forest,DoS probability,False,0,False
106,pilot_107,e35ba564ca085652,structured,Benign,DoS,1,RETRANSMITTED_IN_PKTS,18,18,True,True,True,15,-0.0605989660945,0.0605989660945,logistic_regression,DoS log-odds,False,0,False
106,pilot_107,e35ba564ca085652,structured,Benign,DoS,2,RETRANSMITTED_IN_BYTES,18206,18206,True,True,True,26,0.0183286531846,0.0183286531846,logistic_regression,DoS log-odds,False,0,False
106,pilot_107,e35ba564ca085652,structured,Benign,DoS,3,NUM_PKTS_UP_TO_128_BYTES,66,66,True,True,True,18,-0.0373013852691,0.0373013852691,logistic_regression,DoS log-odds,False,0,False
106,pilot_107,e35ba564ca085652,structured,Benign,DoS,4,RETRANSMITTED_OUT_PKTS,7,7,True,True,True,36,-0.00594330156541,0.00594330156541,logistic_regression,DoS log-odds,False,0,False
106,pilot_107,e35ba564ca085652,structured,Benign,DoS,5,L4_DST_PORT,25,25,True,True,True,16,-0.0456922863999,0.0456922863999,logistic_regression,DoS log-odds,False,0,False
106,pilot_107,e35ba564ca085652,structured,Benign,DoS,1,RETRANSMITTED_IN_PKTS,18,18,True,True,True,21,-0.00708566608674,0.00708566608674,random_forest,DoS probability,False,0,False
106,pilot_107,e35ba564ca085652,structured,Benign,DoS,2,RETRANSMITTED_IN_BYTES,18206,18206,True,True,True,15,-0.0113708556423,0.0113708556423,random_forest,DoS probability,False,0,False
106,pilot_107,e35ba564ca085652,structured,Benign,DoS,3,NUM_PKTS_UP_TO_128_BYTES,66,66,True,True,True,7,-0.0219606292164,0.0219606292164,random_forest,DoS probability,False,0,False
106,pilot_107,e35ba564ca085652,structured,Benign,DoS,4,RETRANSMITTED_OUT_PKTS,7,7,True,True,True,11,-0.0157335533313,0.0157335533313,random_forest,DoS probability,False,0,False
106,pilot_107,e35ba564ca085652,structured,Benign,DoS,5,L4_DST_PORT,25,25,True,True,True,25,-0.00391907881671,0.00391907881671,random_forest,DoS probability,False,0,False
107,pilot_108,3f93432f36286a96,deterministic_text,Benign,DoS,1,RETRANSMITTED_OUT_PKTS,29,29,True,True,True,38,-0.00219680774194,0.00219680774194,logistic_regression,DoS log-odds,False,0,False
107,pilot_108,3f93432f36286a96,deterministic_text,Benign,DoS,2,SRC_TO_DST_IAT_STDDEV,0,0,True,True,True,37,-0.00224014656765,0.00224014656765,logistic_regression,DoS log-odds,False,0,False
107,pilot_108,3f93432f36286a96,deterministic_text,Benign,DoS,3,IN_BYTES,4238,4238,True,True,True,39,-0.00125249122304,0.00125249122304,logistic_regression,DoS log-odds,False,0,False
107,pilot_108,3f93432f36286a96,deterministic_text,Benign,DoS,4,NUM_PKTS_UP_TO_128_BYTES,98,98,True,True,True,12,-0.101389671369,0.101389671369,logistic_regression,DoS log-odds,False,0,False
107,pilot_108,3f93432f36286a96,deterministic_text,Benign,DoS,5,DST_TO_SRC_AVG_THROUGHPUT,11154181,11154181,True,True,True,1,-1.44854153365,1.44854153365,logistic_regression,DoS log-odds,True,1.44854153365,True
107,pilot_108,3f93432f36286a96,deterministic_text,Benign,DoS,1,RETRANSMITTED_OUT_PKTS,29,29,True,True,True,10,-0.0137896847585,0.0137896847585,random_forest,DoS probability,False,0,False
107,pilot_108,3f93432f36286a96,deterministic_text,Benign,DoS,2,SRC_TO_DST_IAT_STDDEV,0,0,True,True,True,18,-0.00985015981424,0.00985015981424,random_forest,DoS probability,False,0,False
107,pilot_108,3f93432f36286a96,deterministic_text,Benign,DoS,3,IN_BYTES,4238,4238,True,True,True,20,-0.00954513682152,0.00954513682152,random_forest,DoS probability,False,0,False
107,pilot_108,3f93432f36286a96,deterministic_text,Benign,DoS,4,NUM_PKTS_UP_TO_128_BYTES,98,98,True,True,True,9,-0.0160607742576,0.0160607742576,random_forest,DoS probability,False,0,False
107,pilot_108,3f93432f36286a96,deterministic_text,Benign,DoS,5,DST_TO_SRC_AVG_THROUGHPUT,11154181,11154181,True,True,True,6,-0.0266913155811,0.0266913155811,random_forest,DoS probability,False,0,False
107,pilot_108,3f93432f36286a96,structured,Benign,DoS,1,DST_TO_SRC_AVG_THROUGHPUT,11154181,11154181,True,True,True,1,-1.44854153365,1.44854153365,logistic_regression,DoS log-odds,True,1.44854153365,True
107,pilot_108,3f93432f36286a96,structured,Benign,DoS,2,RETRANSMITTED_OUT_PKTS,29,29,True,True,True,38,-0.00219680774194,0.00219680774194,logistic_regression,DoS log-odds,False,0,False
107,pilot_108,3f93432f36286a96,structured,Benign,DoS,3,SRC_TO_DST_IAT_AVG,0,0,True,True,True,25,-0.0177843994008,0.0177843994008,logistic_regression,DoS log-odds,False,0,False
107,pilot_108,3f93432f36286a96,structured,Benign,DoS,4,FLOW_DURATION_MILLISECONDS,43,43,True,True,True,22,-0.0237482694406,0.0237482694406,logistic_regression,DoS log-odds,False,0,False
107,pilot_108,3f93432f36286a96,structured,Benign,DoS,5,TCP_FLAGS,27,27,True,True,True,41,-0.00033162181439,0.00033162181439,logistic_regression,DoS log-odds,False,0,False
107,pilot_108,3f93432f36286a96,structured,Benign,DoS,1,DST_TO_SRC_AVG_THROUGHPUT,11154181,11154181,True,True,True,6,-0.0266913155811,0.0266913155811,random_forest,DoS probability,False,0,False
107,pilot_108,3f93432f36286a96,structured,Benign,DoS,2,RETRANSMITTED_OUT_PKTS,29,29,True,True,True,10,-0.0137896847585,0.0137896847585,random_forest,DoS probability,False,0,False
107,pilot_108,3f93432f36286a96,structured,Benign,DoS,3,SRC_TO_DST_IAT_AVG,0,0,True,True,True,8,-0.0171877594902,0.0171877594902,random_forest,DoS probability,False,0,False
107,pilot_108,3f93432f36286a96,structured,Benign,DoS,4,FLOW_DURATION_MILLISECONDS,43,43,True,True,True,13,-0.0111572356241,0.0111572356241,random_forest,DoS probability,False,0,False
107,pilot_108,3f93432f36286a96,structured,Benign,DoS,5,TCP_FLAGS,27,27,True,True,True,15,-0.0106105028312,0.0106105028312,random_forest,DoS probability,False,0,False
108,pilot_109,6ad447430fa8dd5d,deterministic_text,DoS,DoS,1,L4_DST_PORT,520,520,True,True,True,29,0.0169209670091,0.0169209670091,logistic_regression,DoS log-odds,False,0,False
108,pilot_109,6ad447430fa8dd5d,deterministic_text,DoS,DoS,2,PROTOCOL,17,17,True,True,True,14,-0.0788377964037,0.0788377964037,logistic_regression,DoS log-odds,False,0,False
108,pilot_109,6ad447430fa8dd5d,deterministic_text,DoS,DoS,3,OUT_PKTS,0,0,True,True,True,39,-0.00594468104449,0.00594468104449,logistic_regression,DoS log-odds,False,0,False
108,pilot_109,6ad447430fa8dd5d,deterministic_text,DoS,DoS,4,L7_PROTO,0,0,True,True,True,11,0.122190008516,0.122190008516,logistic_regression,DoS log-odds,False,0,False
108,pilot_109,6ad447430fa8dd5d,deterministic_text,DoS,DoS,5,FLOW_DURATION_MILLISECONDS,0,0,True,True,True,24,-0.0283300741489,0.0283300741489,logistic_regression,DoS log-odds,False,0,False
108,pilot_109,6ad447430fa8dd5d,deterministic_text,DoS,DoS,1,L4_DST_PORT,520,520,True,True,True,9,0.0188007725734,0.0188007725734,random_forest,DoS probability,False,0,False
108,pilot_109,6ad447430fa8dd5d,deterministic_text,DoS,DoS,2,PROTOCOL,17,17,True,True,True,30,0.00340200654265,0.00340200654265,random_forest,DoS probability,False,0,False
108,pilot_109,6ad447430fa8dd5d,deterministic_text,DoS,DoS,3,OUT_PKTS,0,0,True,True,True,5,0.0366702882516,0.0366702882516,random_forest,DoS probability,True,0.0366702882516,True
108,pilot_109,6ad447430fa8dd5d,deterministic_text,DoS,DoS,4,L7_PROTO,0,0,True,True,True,10,0.0169391065206,0.0169391065206,random_forest,DoS probability,False,0,False
108,pilot_109,6ad447430fa8dd5d,deterministic_text,DoS,DoS,5,FLOW_DURATION_MILLISECONDS,0,0,True,True,True,18,0.00948279858304,0.00948279858304,random_forest,DoS probability,False,0,False
108,pilot_109,6ad447430fa8dd5d,structured,DoS,DoS,1,OUT_PKTS,0,0,True,True,True,39,-0.00594468104449,0.00594468104449,logistic_regression,DoS log-odds,False,0,False
108,pilot_109,6ad447430fa8dd5d,structured,DoS,DoS,2,L4_DST_PORT,520,520,True,True,True,29,0.0169209670091,0.0169209670091,logistic_regression,DoS log-odds,False,0,False
108,pilot_109,6ad447430fa8dd5d,structured,DoS,DoS,3,PROTOCOL,17,17,True,True,True,14,-0.0788377964037,0.0788377964037,logistic_regression,DoS log-odds,False,0,False
108,pilot_109,6ad447430fa8dd5d,structured,DoS,DoS,4,L7_PROTO,0,0,True,True,True,11,0.122190008516,0.122190008516,logistic_regression,DoS log-odds,False,0,False
108,pilot_109,6ad447430fa8dd5d,structured,DoS,DoS,5,FLOW_DURATION_MILLISECONDS,0,0,True,True,True,24,-0.0283300741489,0.0283300741489,logistic_regression,DoS log-odds,False,0,False
108,pilot_109,6ad447430fa8dd5d,structured,DoS,DoS,1,OUT_PKTS,0,0,True,True,True,5,0.0366702882516,0.0366702882516,random_forest,DoS probability,True,0.0366702882516,True
108,pilot_109,6ad447430fa8dd5d,structured,DoS,DoS,2,L4_DST_PORT,520,520,True,True,True,9,0.0188007725734,0.0188007725734,random_forest,DoS probability,False,0,False
108,pilot_109,6ad447430fa8dd5d,structured,DoS,DoS,3,PROTOCOL,17,17,True,True,True,30,0.00340200654265,0.00340200654265,random_forest,DoS probability,False,0,False
108,pilot_109,6ad447430fa8dd5d,structured,DoS,DoS,4,L7_PROTO,0,0,True,True,True,10,0.0169391065206,0.0169391065206,random_forest,DoS probability,False,0,False
108,pilot_109,6ad447430fa8dd5d,structured,DoS,DoS,5,FLOW_DURATION_MILLISECONDS,0,0,True,True,True,18,0.00948279858304,0.00948279858304,random_forest,DoS probability,False,0,False
109,pilot_110,9d12694facb9d162,deterministic_text,Benign,Benign,1,FTP_COMMAND_RET_CODE,230,230,True,True,True,15,-0.0710284716468,0.0710284716468,logistic_regression,DoS log-odds,False,0,False
109,pilot_110,9d12694facb9d162,deterministic_text,Benign,Benign,2,TCP_FLAGS,24,24,True,True,True,9,-0.169718714488,0.169718714488,logistic_regression,DoS log-odds,False,0,False
109,pilot_110,9d12694facb9d162,deterministic_text,Benign,Benign,3,L4_DST_PORT,21,21,True,True,True,6,-0.282843543924,0.282843543924,logistic_regression,DoS log-odds,False,0,False
109,pilot_110,9d12694facb9d162,deterministic_text,Benign,Benign,4,MAX_TTL,32,32,True,True,True,3,-0.743593641722,0.743593641722,logistic_regression,DoS log-odds,True,0.743593641722,True
109,pilot_110,9d12694facb9d162,deterministic_text,Benign,Benign,5,FLOW_DURATION_MILLISECONDS,7,7,True,True,True,24,-0.0235328773744,0.0235328773744,logistic_regression,DoS log-odds,False,0,False
109,pilot_110,9d12694facb9d162,deterministic_text,Benign,Benign,1,FTP_COMMAND_RET_CODE,230,230,True,True,True,21,-0.00764066485633,0.00764066485633,random_forest,DoS probability,False,0,False
109,pilot_110,9d12694facb9d162,deterministic_text,Benign,Benign,2,TCP_FLAGS,24,24,True,True,True,18,-0.0100874665022,0.0100874665022,random_forest,DoS probability,False,0,False
109,pilot_110,9d12694facb9d162,deterministic_text,Benign,Benign,3,L4_DST_PORT,21,21,True,True,True,14,-0.0115579117049,0.0115579117049,random_forest,DoS probability,False,0,False
109,pilot_110,9d12694facb9d162,deterministic_text,Benign,Benign,4,MAX_TTL,32,32,True,True,True,2,-0.0541309649137,0.0541309649137,random_forest,DoS probability,True,0.0541309649137,True
109,pilot_110,9d12694facb9d162,deterministic_text,Benign,Benign,5,FLOW_DURATION_MILLISECONDS,7,7,True,True,True,22,-0.00738799842661,0.00738799842661,random_forest,DoS probability,False,0,False
109,pilot_110,9d12694facb9d162,structured,Benign,Benign,1,FTP_COMMAND_RET_CODE,230,230,True,True,True,15,-0.0710284716468,0.0710284716468,logistic_regression,DoS log-odds,False,0,False
109,pilot_110,9d12694facb9d162,structured,Benign,Benign,2,IN_BYTES,1031,1031,True,True,True,38,-0.00622576633238,0.00622576633238,logistic_regression,DoS log-odds,False,0,False
109,pilot_110,9d12694facb9d162,structured,Benign,Benign,3,L4_DST_PORT,21,21,True,True,True,6,-0.282843543924,0.282843543924,logistic_regression,DoS log-odds,False,0,False
109,pilot_110,9d12694facb9d162,structured,Benign,Benign,4,TCP_FLAGS,24,24,True,True,True,9,-0.169718714488,0.169718714488,logistic_regression,DoS log-odds,False,0,False
109,pilot_110,9d12694facb9d162,structured,Benign,Benign,5,IN_PKTS,19,19,True,True,True,21,0.0311447257065,0.0311447257065,logistic_regression,DoS log-odds,False,0,False
109,pilot_110,9d12694facb9d162,structured,Benign,Benign,1,FTP_COMMAND_RET_CODE,230,230,True,True,True,21,-0.00764066485633,0.00764066485633,random_forest,DoS probability,False,0,False
109,pilot_110,9d12694facb9d162,structured,Benign,Benign,2,IN_BYTES,1031,1031,True,True,True,36,0.0011905087749,0.0011905087749,random_forest,DoS probability,False,0,False
109,pilot_110,9d12694facb9d162,structured,Benign,Benign,3,L4_DST_PORT,21,21,True,True,True,14,-0.0115579117049,0.0115579117049,random_forest,DoS probability,False,0,False
109,pilot_110,9d12694facb9d162,structured,Benign,Benign,4,TCP_FLAGS,24,24,True,True,True,18,-0.0100874665022,0.0100874665022,random_forest,DoS probability,False,0,False
109,pilot_110,9d12694facb9d162,structured,Benign,Benign,5,IN_PKTS,19,19,True,True,True,12,-0.0135511677832,0.0135511677832,random_forest,DoS probability,False,0,False
110,pilot_111,95cd7b36c617459c,deterministic_text,DoS,DoS,1,RETRANSMITTED_IN_PKTS,6,6,True,True,True,40,-0.000251447992093,0.000251447992093,logistic_regression,DoS log-odds,False,0,False
110,pilot_111,95cd7b36c617459c,deterministic_text,DoS,DoS,2,RETRANSMITTED_IN_BYTES,6975,6975,True,True,True,35,0.00409599882078,0.00409599882078,logistic_regression,DoS log-odds,False,0,False
110,pilot_111,95cd7b36c617459c,deterministic_text,DoS,DoS,3,TCP_FLAGS,19,19,True,True,True,11,0.11404186016,0.11404186016,logistic_regression,DoS log-odds,False,0,False
110,pilot_111,95cd7b36c617459c,deterministic_text,DoS,DoS,4,L7_PROTO,0,0,True,True,True,10,0.13878761604,0.13878761604,logistic_regression,DoS log-odds,False,0,False
110,pilot_111,95cd7b36c617459c,deterministic_text,DoS,DoS,5,L4_DST_PORT,5405,5405,True,True,True,42,0,0,logistic_regression,DoS log-odds,False,0,False
110,pilot_111,95cd7b36c617459c,deterministic_text,DoS,DoS,1,RETRANSMITTED_IN_PKTS,6,6,True,True,True,26,-0.00538307837989,0.00538307837989,random_forest,DoS probability,False,0,False
110,pilot_111,95cd7b36c617459c,deterministic_text,DoS,DoS,2,RETRANSMITTED_IN_BYTES,6975,6975,True,True,True,24,-0.0073977477901,0.0073977477901,random_forest,DoS probability,False,0,False
110,pilot_111,95cd7b36c617459c,deterministic_text,DoS,DoS,3,TCP_FLAGS,19,19,True,True,True,6,0.0270324098002,0.0270324098002,random_forest,DoS probability,False,0,False
110,pilot_111,95cd7b36c617459c,deterministic_text,DoS,DoS,4,L7_PROTO,0,0,True,True,True,19,0.00886406070709,0.00886406070709,random_forest,DoS probability,False,0,False
110,pilot_111,95cd7b36c617459c,deterministic_text,DoS,DoS,5,L4_DST_PORT,5405,5405,True,True,True,38,0.00128253498455,0.00128253498455,random_forest,DoS probability,False,0,False
110,pilot_111,95cd7b36c617459c,structured,DoS,DoS,1,TCP_FLAGS,19,19,True,True,True,11,0.11404186016,0.11404186016,logistic_regression,DoS log-odds,False,0,False
110,pilot_111,95cd7b36c617459c,structured,DoS,DoS,2,RETRANSMITTED_IN_PKTS,6,6,True,True,True,40,-0.000251447992093,0.000251447992093,logistic_regression,DoS log-odds,False,0,False
110,pilot_111,95cd7b36c617459c,structured,DoS,DoS,3,SRC_TO_DST_IAT_MIN,0,0,True,True,True,45,0,0,logistic_regression,DoS log-odds,False,0,False
110,pilot_111,95cd7b36c617459c,structured,DoS,DoS,4,MIN_TTL,254,254,True,True,True,2,1.33055043732,1.33055043732,logistic_regression,DoS log-odds,True,1.33055043732,True
110,pilot_111,95cd7b36c617459c,structured,DoS,DoS,5,L7_PROTO,0,0,True,True,True,10,0.13878761604,0.13878761604,logistic_regression,DoS log-odds,False,0,False
110,pilot_111,95cd7b36c617459c,structured,DoS,DoS,1,TCP_FLAGS,19,19,True,True,True,6,0.0270324098002,0.0270324098002,random_forest,DoS probability,False,0,False
110,pilot_111,95cd7b36c617459c,structured,DoS,DoS,2,RETRANSMITTED_IN_PKTS,6,6,True,True,True,26,-0.00538307837989,0.00538307837989,random_forest,DoS probability,False,0,False
110,pilot_111,95cd7b36c617459c,structured,DoS,DoS,3,SRC_TO_DST_IAT_MIN,0,0,True,True,True,45,0,0,random_forest,DoS probability,False,0,False
110,pilot_111,95cd7b36c617459c,structured,DoS,DoS,4,MIN_TTL,254,254,True,True,True,2,0.0556314565147,0.0556314565147,random_forest,DoS probability,True,0.0556314565147,True
110,pilot_111,95cd7b36c617459c,structured,DoS,DoS,5,L7_PROTO,0,0,True,True,True,19,0.00886406070709,0.00886406070709,random_forest,DoS probability,False,0,False
111,pilot_112,63ac08cd36fa0015,deterministic_text,Benign,Benign,1,TCP_FLAGS,27,27,True,True,True,26,-0.064280133966,0.064280133966,logistic_regression,DoS log-odds,False,0,False
111,pilot_112,63ac08cd36fa0015,deterministic_text,Benign,Benign,2,L4_DST_PORT,80,80,True,True,True,5,0.62786338834,0.62786338834,logistic_regression,DoS log-odds,True,0.62786338834,True
111,pilot_112,63ac08cd36fa0015,deterministic_text,Benign,Benign,3,FLOW_DURATION_MILLISECONDS,1195,1195,True,True,True,22,0.0695223429225,0.0695223429225,logistic_regression,DoS log-odds,False,0,False
111,pilot_112,63ac08cd36fa0015,deterministic_text,Benign,Benign,4,IN_PKTS,14,14,True,True,True,21,0.074182170021,0.074182170021,logistic_regression,DoS log-odds,False,0,False
111,pilot_112,63ac08cd36fa0015,deterministic_text,Benign,Benign,5,OUT_BYTES,10168,10168,True,True,True,39,0.00207126960312,0.00207126960312,logistic_regression,DoS log-odds,False,0,False
111,pilot_112,63ac08cd36fa0015,deterministic_text,Benign,Benign,1,TCP_FLAGS,27,27,True,True,True,14,-0.013806103444,0.013806103444,random_forest,DoS probability,False,0,False
111,pilot_112,63ac08cd36fa0015,deterministic_text,Benign,Benign,2,L4_DST_PORT,80,80,True,True,True,33,0.00181414181049,0.00181414181049,random_forest,DoS probability,False,0,False
111,pilot_112,63ac08cd36fa0015,deterministic_text,Benign,Benign,3,FLOW_DURATION_MILLISECONDS,1195,1195,True,True,True,39,0.000673633857205,0.000673633857205,random_forest,DoS probability,False,0,False
111,pilot_112,63ac08cd36fa0015,deterministic_text,Benign,Benign,4,IN_PKTS,14,14,True,True,True,12,-0.0145356018211,0.0145356018211,random_forest,DoS probability,False,0,False
111,pilot_112,63ac08cd36fa0015,deterministic_text,Benign,Benign,5,OUT_BYTES,10168,10168,True,True,True,8,-0.0233141713285,0.0233141713285,random_forest,DoS probability,False,0,False
111,pilot_112,63ac08cd36fa0015,structured,Benign,Benign,1,TCP_FLAGS,27,27,True,True,True,26,-0.064280133966,0.064280133966,logistic_regression,DoS log-odds,False,0,False
111,pilot_112,63ac08cd36fa0015,structured,Benign,Benign,2,L4_DST_PORT,80,80,True,True,True,5,0.62786338834,0.62786338834,logistic_regression,DoS log-odds,True,0.62786338834,True
111,pilot_112,63ac08cd36fa0015,structured,Benign,Benign,3,IN_PKTS,14,14,True,True,True,21,0.074182170021,0.074182170021,logistic_regression,DoS log-odds,False,0,False
111,pilot_112,63ac08cd36fa0015,structured,Benign,Benign,4,PROTOCOL,6,6,True,True,True,20,0.109439772543,0.109439772543,logistic_regression,DoS log-odds,False,0,False
111,pilot_112,63ac08cd36fa0015,structured,Benign,Benign,5,FLOW_DURATION_MILLISECONDS,1195,1195,True,True,True,22,0.0695223429225,0.0695223429225,logistic_regression,DoS log-odds,False,0,False
111,pilot_112,63ac08cd36fa0015,structured,Benign,Benign,1,TCP_FLAGS,27,27,True,True,True,14,-0.013806103444,0.013806103444,random_forest,DoS probability,False,0,False
111,pilot_112,63ac08cd36fa0015,structured,Benign,Benign,2,L4_DST_PORT,80,80,True,True,True,33,0.00181414181049,0.00181414181049,random_forest,DoS probability,False,0,False
111,pilot_112,63ac08cd36fa0015,structured,Benign,Benign,3,IN_PKTS,14,14,True,True,True,12,-0.0145356018211,0.0145356018211,random_forest,DoS probability,False,0,False
111,pilot_112,63ac08cd36fa0015,structured,Benign,Benign,4,PROTOCOL,6,6,True,True,True,34,-0.00118580850558,0.00118580850558,random_forest,DoS probability,False,0,False
111,pilot_112,63ac08cd36fa0015,structured,Benign,Benign,5,FLOW_DURATION_MILLISECONDS,1195,1195,True,True,True,39,0.000673633857205,0.000673633857205,random_forest,DoS probability,False,0,False
112,pilot_113,2fa6225af84b659b,deterministic_text,Benign,Benign,1,IN_PKTS,13,13,True,True,True,21,0.0416185966712,0.0416185966712,logistic_regression,DoS log-odds,False,0,False
112,pilot_113,2fa6225af84b659b,deterministic_text,Benign,Benign,2,L4_DST_PORT,21,21,True,True,True,9,-0.159436306935,0.159436306935,logistic_regression,DoS log-odds,False,0,False
112,pilot_113,2fa6225af84b659b,deterministic_text,Benign,Benign,3,FLOW_DURATION_MILLISECONDS,94,94,True,True,True,25,-0.0266247907075,0.0266247907075,logistic_regression,DoS log-odds,False,0,False
112,pilot_113,2fa6225af84b659b,deterministic_text,Benign,Benign,4,FTP_COMMAND_RET_CODE,125,125,True,True,True,13,-0.123944903658,0.123944903658,logistic_regression,DoS log-odds,False,0,False
112,pilot_113,2fa6225af84b659b,deterministic_text,Benign,Benign,5,TCP_FLAGS,24,24,True,True,True,22,-0.0344431494959,0.0344431494959,logistic_regression,DoS log-odds,False,0,False
112,pilot_113,2fa6225af84b659b,deterministic_text,Benign,Benign,1,IN_PKTS,13,13,True,True,True,22,-0.00754944232508,0.00754944232508,random_forest,DoS probability,False,0,False
112,pilot_113,2fa6225af84b659b,deterministic_text,Benign,Benign,2,L4_DST_PORT,21,21,True,True,True,25,-0.00609495263326,0.00609495263326,random_forest,DoS probability,False,0,False
112,pilot_113,2fa6225af84b659b,deterministic_text,Benign,Benign,3,FLOW_DURATION_MILLISECONDS,94,94,True,True,True,15,-0.0114777224817,0.0114777224817,random_forest,DoS probability,False,0,False
112,pilot_113,2fa6225af84b659b,deterministic_text,Benign,Benign,4,FTP_COMMAND_RET_CODE,125,125,True,True,True,31,-0.00303532244936,0.00303532244936,random_forest,DoS probability,False,0,False
112,pilot_113,2fa6225af84b659b,deterministic_text,Benign,Benign,5,TCP_FLAGS,24,24,True,True,True,19,-0.00818291171555,0.00818291171555,random_forest,DoS probability,False,0,False
112,pilot_113,2fa6225af84b659b,structured,Benign,Benign,1,L4_DST_PORT,21,21,True,True,True,9,-0.159436306935,0.159436306935,logistic_regression,DoS log-odds,False,0,False
112,pilot_113,2fa6225af84b659b,structured,Benign,Benign,2,TCP_FLAGS,24,24,True,True,True,22,-0.0344431494959,0.0344431494959,logistic_regression,DoS log-odds,False,0,False
112,pilot_113,2fa6225af84b659b,structured,Benign,Benign,3,L4_SRC_PORT,16927,16927,True,True,True,44,0,0,logistic_regression,DoS log-odds,False,0,False
112,pilot_113,2fa6225af84b659b,structured,Benign,Benign,4,IN_PKTS,13,13,True,True,True,21,0.0416185966712,0.0416185966712,logistic_regression,DoS log-odds,False,0,False
112,pilot_113,2fa6225af84b659b,structured,Benign,Benign,5,FLOW_DURATION_MILLISECONDS,94,94,True,True,True,25,-0.0266247907075,0.0266247907075,logistic_regression,DoS log-odds,False,0,False
112,pilot_113,2fa6225af84b659b,structured,Benign,Benign,1,L4_DST_PORT,21,21,True,True,True,25,-0.00609495263326,0.00609495263326,random_forest,DoS probability,False,0,False
112,pilot_113,2fa6225af84b659b,structured,Benign,Benign,2,TCP_FLAGS,24,24,True,True,True,19,-0.00818291171555,0.00818291171555,random_forest,DoS probability,False,0,False
112,pilot_113,2fa6225af84b659b,structured,Benign,Benign,3,L4_SRC_PORT,16927,16927,True,True,True,36,-0.000895142060198,0.000895142060198,random_forest,DoS probability,False,0,False
112,pilot_113,2fa6225af84b659b,structured,Benign,Benign,4,IN_PKTS,13,13,True,True,True,22,-0.00754944232508,0.00754944232508,random_forest,DoS probability,False,0,False
112,pilot_113,2fa6225af84b659b,structured,Benign,Benign,5,FLOW_DURATION_MILLISECONDS,94,94,True,True,True,15,-0.0114777224817,0.0114777224817,random_forest,DoS probability,False,0,False
113,pilot_114,e7d2b23f21b0999c,deterministic_text,DoS,Benign,1,IN_PKTS,2,2,True,True,True,20,0.0475904620603,0.0475904620603,logistic_regression,DoS log-odds,False,0,False
113,pilot_114,e7d2b23f21b0999c,deterministic_text,DoS,Benign,2,IN_BYTES,136,136,True,True,True,40,-0.002428303478,0.002428303478,logistic_regression,DoS log-odds,False,0,False
113,pilot_114,e7d2b23f21b0999c,deterministic_text,DoS,Benign,3,L4_DST_PORT,162,162,True,True,True,43,0,0,logistic_regression,DoS log-odds,False,0,False
113,pilot_114,e7d2b23f21b0999c,deterministic_text,DoS,Benign,4,PROTOCOL,17,17,True,True,True,10,-0.103185567771,0.103185567771,logistic_regression,DoS log-odds,False,0,False
113,pilot_114,e7d2b23f21b0999c,deterministic_text,DoS,Benign,5,OUT_PKTS,0,0,True,True,True,37,-0.00577477819909,0.00577477819909,logistic_regression,DoS log-odds,False,0,False
113,pilot_114,e7d2b23f21b0999c,deterministic_text,DoS,Benign,1,IN_PKTS,2,2,True,True,True,9,0.0162110761466,0.0162110761466,random_forest,DoS probability,False,0,False
113,pilot_114,e7d2b23f21b0999c,deterministic_text,DoS,Benign,2,IN_BYTES,136,136,True,True,True,34,0.00190183002432,0.00190183002432,random_forest,DoS probability,False,0,False
113,pilot_114,e7d2b23f21b0999c,deterministic_text,DoS,Benign,3,L4_DST_PORT,162,162,True,True,True,40,0.000829984441608,0.000829984441608,random_forest,DoS probability,False,0,False
113,pilot_114,e7d2b23f21b0999c,deterministic_text,DoS,Benign,4,PROTOCOL,17,17,True,True,True,43,0.000172136281025,0.000172136281025,random_forest,DoS probability,False,0,False
113,pilot_114,e7d2b23f21b0999c,deterministic_text,DoS,Benign,5,OUT_PKTS,0,0,True,True,True,5,0.03750770514,0.03750770514,random_forest,DoS probability,True,0.03750770514,True
113,pilot_114,e7d2b23f21b0999c,structured,DoS,Benign,1,IN_PKTS,2,2,True,True,True,20,0.0475904620603,0.0475904620603,logistic_regression,DoS log-odds,False,0,False
113,pilot_114,e7d2b23f21b0999c,structured,DoS,Benign,2,IN_BYTES,136,136,True,True,True,40,-0.002428303478,0.002428303478,logistic_regression,DoS log-odds,False,0,False
113,pilot_114,e7d2b23f21b0999c,structured,DoS,Benign,3,L4_DST_PORT,162,162,True,True,True,43,0,0,logistic_regression,DoS log-odds,False,0,False
113,pilot_114,e7d2b23f21b0999c,structured,DoS,Benign,4,PROTOCOL,17,17,True,True,True,10,-0.103185567771,0.103185567771,logistic_regression,DoS log-odds,False,0,False
113,pilot_114,e7d2b23f21b0999c,structured,DoS,Benign,5,FLOW_DURATION_MILLISECONDS,0,0,True,True,True,24,-0.0246888382773,0.0246888382773,logistic_regression,DoS log-odds,False,0,False
113,pilot_114,e7d2b23f21b0999c,structured,DoS,Benign,1,IN_PKTS,2,2,True,True,True,9,0.0162110761466,0.0162110761466,random_forest,DoS probability,False,0,False
113,pilot_114,e7d2b23f21b0999c,structured,DoS,Benign,2,IN_BYTES,136,136,True,True,True,34,0.00190183002432,0.00190183002432,random_forest,DoS probability,False,0,False
113,pilot_114,e7d2b23f21b0999c,structured,DoS,Benign,3,L4_DST_PORT,162,162,True,True,True,40,0.000829984441608,0.000829984441608,random_forest,DoS probability,False,0,False
113,pilot_114,e7d2b23f21b0999c,structured,DoS,Benign,4,PROTOCOL,17,17,True,True,True,43,0.000172136281025,0.000172136281025,random_forest,DoS probability,False,0,False
113,pilot_114,e7d2b23f21b0999c,structured,DoS,Benign,5,FLOW_DURATION_MILLISECONDS,0,0,True,True,True,20,0.00708182208384,0.00708182208384,random_forest,DoS probability,False,0,False
114,pilot_115,4032bd4dc0d2dbdd,deterministic_text,DoS,Benign,1,IN_BYTES,764,764,True,True,True,39,-0.00264677824887,0.00264677824887,logistic_regression,DoS log-odds,False,0,False
114,pilot_115,4032bd4dc0d2dbdd,deterministic_text,DoS,Benign,2,L4_DST_PORT,80,80,True,True,True,3,0.585425249008,0.585425249008,logistic_regression,DoS log-odds,True,0.585425249008,True
114,pilot_115,4032bd4dc0d2dbdd,deterministic_text,DoS,Benign,3,IN_PKTS,10,10,True,True,True,17,0.046282833515,0.046282833515,logistic_regression,DoS log-odds,False,0,False
114,pilot_115,4032bd4dc0d2dbdd,deterministic_text,DoS,Benign,4,TCP_FLAGS,27,27,True,True,True,19,-0.0419704706546,0.0419704706546,logistic_regression,DoS log-odds,False,0,False
114,pilot_115,4032bd4dc0d2dbdd,deterministic_text,DoS,Benign,5,FLOW_DURATION_MILLISECONDS,223,223,True,True,True,25,-0.0231441613834,0.0231441613834,logistic_regression,DoS log-odds,False,0,False
114,pilot_115,4032bd4dc0d2dbdd,deterministic_text,DoS,Benign,1,IN_BYTES,764,764,True,True,True,21,0.0075985939155,0.0075985939155,random_forest,DoS probability,False,0,False
114,pilot_115,4032bd4dc0d2dbdd,deterministic_text,DoS,Benign,2,L4_DST_PORT,80,80,True,True,True,19,0.00867435446288,0.00867435446288,random_forest,DoS probability,False,0,False
114,pilot_115,4032bd4dc0d2dbdd,deterministic_text,DoS,Benign,3,IN_PKTS,10,10,True,True,True,14,0.0101418207938,0.0101418207938,random_forest,DoS probability,False,0,False
114,pilot_115,4032bd4dc0d2dbdd,deterministic_text,DoS,Benign,4,TCP_FLAGS,27,27,True,True,True,25,-0.00444206248893,0.00444206248893,random_forest,DoS probability,False,0,False
114,pilot_115,4032bd4dc0d2dbdd,deterministic_text,DoS,Benign,5,FLOW_DURATION_MILLISECONDS,223,223,True,True,True,23,0.00549334593652,0.00549334593652,random_forest,DoS probability,False,0,False
114,pilot_115,4032bd4dc0d2dbdd,structured,DoS,Benign,1,L4_DST_PORT,80,80,True,True,True,3,0.585425249008,0.585425249008,logistic_regression,DoS log-odds,True,0.585425249008,True
114,pilot_115,4032bd4dc0d2dbdd,structured,DoS,Benign,2,IN_BYTES,764,764,True,True,True,39,-0.00264677824887,0.00264677824887,logistic_regression,DoS log-odds,False,0,False
114,pilot_115,4032bd4dc0d2dbdd,structured,DoS,Benign,3,TCP_FLAGS,27,27,True,True,True,19,-0.0419704706546,0.0419704706546,logistic_regression,DoS log-odds,False,0,False
114,pilot_115,4032bd4dc0d2dbdd,structured,DoS,Benign,4,OUT_BYTES,990,990,True,True,True,33,-0.00679707088413,0.00679707088413,logistic_regression,DoS log-odds,False,0,False
114,pilot_115,4032bd4dc0d2dbdd,structured,DoS,Benign,5,FLOW_DURATION_MILLISECONDS,223,223,True,True,True,25,-0.0231441613834,0.0231441613834,logistic_regression,DoS log-odds,False,0,False
114,pilot_115,4032bd4dc0d2dbdd,structured,DoS,Benign,1,L4_DST_PORT,80,80,True,True,True,19,0.00867435446288,0.00867435446288,random_forest,DoS probability,False,0,False
114,pilot_115,4032bd4dc0d2dbdd,structured,DoS,Benign,2,IN_BYTES,764,764,True,True,True,21,0.0075985939155,0.0075985939155,random_forest,DoS probability,False,0,False
114,pilot_115,4032bd4dc0d2dbdd,structured,DoS,Benign,3,TCP_FLAGS,27,27,True,True,True,25,-0.00444206248893,0.00444206248893,random_forest,DoS probability,False,0,False
114,pilot_115,4032bd4dc0d2dbdd,structured,DoS,Benign,4,OUT_BYTES,990,990,True,True,True,27,0.00407019779396,0.00407019779396,random_forest,DoS probability,False,0,False
114,pilot_115,4032bd4dc0d2dbdd,structured,DoS,Benign,5,FLOW_DURATION_MILLISECONDS,223,223,True,True,True,23,0.00549334593652,0.00549334593652,random_forest,DoS probability,False,0,False
115,pilot_116,ba2c0818a3cda69e,deterministic_text,Benign,DoS,1,DST_TO_SRC_AVG_THROUGHPUT,13918545,13918545,True,True,True,1,-1.87596339493,1.87596339493,logistic_regression,DoS log-odds,True,1.87596339493,True
115,pilot_116,ba2c0818a3cda69e,deterministic_text,Benign,DoS,2,RETRANSMITTED_OUT_PKTS,12,12,True,True,True,34,-0.00509182569644,0.00509182569644,logistic_regression,DoS log-odds,False,0,False
115,pilot_116,ba2c0818a3cda69e,deterministic_text,Benign,DoS,3,NUM_PKTS_UP_TO_128_BYTES,64,64,True,True,True,20,-0.0332958673879,0.0332958673879,logistic_regression,DoS log-odds,False,0,False
115,pilot_116,ba2c0818a3cda69e,deterministic_text,Benign,DoS,4,FLOW_DURATION_MILLISECONDS,10,10,True,True,True,22,-0.0244701013385,0.0244701013385,logistic_regression,DoS log-odds,False,0,False
115,pilot_116,ba2c0818a3cda69e,deterministic_text,Benign,DoS,5,DST_TO_SRC_IAT_MAX,2,2,True,True,True,21,0.0329119654632,0.0329119654632,logistic_regression,DoS log-odds,False,0,False
115,pilot_116,ba2c0818a3cda69e,deterministic_text,Benign,DoS,1,DST_TO_SRC_AVG_THROUGHPUT,13918545,13918545,True,True,True,6,-0.0270941712266,0.0270941712266,random_forest,DoS probability,False,0,False
115,pilot_116,ba2c0818a3cda69e,deterministic_text,Benign,DoS,2,RETRANSMITTED_OUT_PKTS,12,12,True,True,True,10,-0.0135048652326,0.0135048652326,random_forest,DoS probability,False,0,False
115,pilot_116,ba2c0818a3cda69e,deterministic_text,Benign,DoS,3,NUM_PKTS_UP_TO_128_BYTES,64,64,True,True,True,9,-0.0156966588248,0.0156966588248,random_forest,DoS probability,False,0,False
115,pilot_116,ba2c0818a3cda69e,deterministic_text,Benign,DoS,4,FLOW_DURATION_MILLISECONDS,10,10,True,True,True,13,-0.0111513436528,0.0111513436528,random_forest,DoS probability,False,0,False
115,pilot_116,ba2c0818a3cda69e,deterministic_text,Benign,DoS,5,DST_TO_SRC_IAT_MAX,2,2,True,True,True,30,-0.00499413024231,0.00499413024231,random_forest,DoS probability,False,0,False
115,pilot_116,ba2c0818a3cda69e,structured,Benign,Benign,1,TCP_FLAGS,27,27,True,True,True,42,-0.00033162181439,0.00033162181439,logistic_regression,DoS log-odds,False,0,False
115,pilot_116,ba2c0818a3cda69e,structured,Benign,Benign,2,OUT_BYTES,19138,19138,True,True,True,32,-0.00636112993774,0.00636112993774,logistic_regression,DoS log-odds,False,0,False
115,pilot_116,ba2c0818a3cda69e,structured,Benign,Benign,3,IN_PKTS,38,38,True,True,True,37,-0.00355152701942,0.00355152701942,logistic_regression,DoS log-odds,False,0,False
115,pilot_116,ba2c0818a3cda69e,structured,Benign,Benign,4,LONGEST_FLOW_PKT,1352,1352,True,True,True,8,-0.180329092839,0.180329092839,logistic_regression,DoS log-odds,False,0,False
115,pilot_116,ba2c0818a3cda69e,structured,Benign,Benign,5,RETRANSMITTED_IN_PKTS,7,7,True,True,True,33,-0.00528040783396,0.00528040783396,logistic_regression,DoS log-odds,False,0,False
115,pilot_116,ba2c0818a3cda69e,structured,Benign,Benign,1,TCP_FLAGS,27,27,True,True,True,16,-0.0104985938406,0.0104985938406,random_forest,DoS probability,False,0,False
115,pilot_116,ba2c0818a3cda69e,structured,Benign,Benign,2,OUT_BYTES,19138,19138,True,True,True,11,-0.0130877850617,0.0130877850617,random_forest,DoS probability,False,0,False
115,pilot_116,ba2c0818a3cda69e,structured,Benign,Benign,3,IN_PKTS,38,38,True,True,True,12,-0.0127356399522,0.0127356399522,random_forest,DoS probability,False,0,False
115,pilot_116,ba2c0818a3cda69e,structured,Benign,Benign,4,LONGEST_FLOW_PKT,1352,1352,True,True,True,32,-0.00295275249393,0.00295275249393,random_forest,DoS probability,False,0,False
115,pilot_116,ba2c0818a3cda69e,structured,Benign,Benign,5,RETRANSMITTED_IN_PKTS,7,7,True,True,True,23,-0.00678831577961,0.00678831577961,random_forest,DoS probability,False,0,False
116,pilot_117,a2d19c80d3d6a055,deterministic_text,Benign,Benign,1,L4_DST_PORT,80,80,True,True,True,6,0.586586963672,0.586586963672,logistic_regression,DoS log-odds,False,0,False
116,pilot_117,a2d19c80d3d6a055,deterministic_text,Benign,Benign,2,IN_PKTS,14,14,True,True,True,24,0.0247328937758,0.0247328937758,logistic_regression,DoS log-odds,False,0,False
116,pilot_117,a2d19c80d3d6a055,deterministic_text,Benign,Benign,3,TCP_FLAGS,27,27,True,True,True,21,-0.063417026278,0.063417026278,logistic_regression,DoS log-odds,False,0,False
116,pilot_117,a2d19c80d3d6a055,deterministic_text,Benign,Benign,4,FLOW_DURATION_MILLISECONDS,1131,1131,True,True,True,41,-0.000922960598883,0.000922960598883,logistic_regression,DoS log-odds,False,0,False
116,pilot_117,a2d19c80d3d6a055,deterministic_text,Benign,Benign,5,SRC_TO_DST_AVG_THROUGHPUT,11901,11901,True,True,True,20,0.0823351004471,0.0823351004471,logistic_regression,DoS log-odds,False,0,False
116,pilot_117,a2d19c80d3d6a055,deterministic_text,Benign,Benign,1,L4_DST_PORT,80,80,True,True,True,32,0.00287604021067,0.00287604021067,random_forest,DoS probability,False,0,False
116,pilot_117,a2d19c80d3d6a055,deterministic_text,Benign,Benign,2,IN_PKTS,14,14,True,True,True,15,-0.010184146645,0.010184146645,random_forest,DoS probability,False,0,False
116,pilot_117,a2d19c80d3d6a055,deterministic_text,Benign,Benign,3,TCP_FLAGS,27,27,True,True,True,11,-0.0150227442675,0.0150227442675,random_forest,DoS probability,False,0,False
116,pilot_117,a2d19c80d3d6a055,deterministic_text,Benign,Benign,4,FLOW_DURATION_MILLISECONDS,1131,1131,True,True,True,30,0.00355629138595,0.00355629138595,random_forest,DoS probability,False,0,False
116,pilot_117,a2d19c80d3d6a055,deterministic_text,Benign,Benign,5,SRC_TO_DST_AVG_THROUGHPUT,11901,11901,True,True,True,24,0.00579349260743,0.00579349260743,random_forest,DoS probability,False,0,False
116,pilot_117,a2d19c80d3d6a055,structured,Benign,Benign,1,SRC_TO_DST_AVG_THROUGHPUT,11901,11901,True,True,True,20,0.0823351004471,0.0823351004471,logistic_regression,DoS log-odds,False,0,False
116,pilot_117,a2d19c80d3d6a055,structured,Benign,Benign,2,OUT_PKTS,18,18,True,True,True,35,-0.00479309152353,0.00479309152353,logistic_regression,DoS log-odds,False,0,False
116,pilot_117,a2d19c80d3d6a055,structured,Benign,Benign,3,L4_DST_PORT,80,80,True,True,True,6,0.586586963672,0.586586963672,logistic_regression,DoS log-odds,False,0,False
116,pilot_117,a2d19c80d3d6a055,structured,Benign,Benign,4,FLOW_DURATION_MILLISECONDS,1131,1131,True,True,True,41,-0.000922960598883,0.000922960598883,logistic_regression,DoS log-odds,False,0,False
116,pilot_117,a2d19c80d3d6a055,structured,Benign,Benign,5,TCP_WIN_MAX_IN,11584,11584,True,True,True,15,-0.154726173387,0.154726173387,logistic_regression,DoS log-odds,False,0,False
116,pilot_117,a2d19c80d3d6a055,structured,Benign,Benign,1,SRC_TO_DST_AVG_THROUGHPUT,11901,11901,True,True,True,24,0.00579349260743,0.00579349260743,random_forest,DoS probability,False,0,False
116,pilot_117,a2d19c80d3d6a055,structured,Benign,Benign,2,OUT_PKTS,18,18,True,True,True,10,-0.0173060327966,0.0173060327966,random_forest,DoS probability,False,0,False
116,pilot_117,a2d19c80d3d6a055,structured,Benign,Benign,3,L4_DST_PORT,80,80,True,True,True,32,0.00287604021067,0.00287604021067,random_forest,DoS probability,False,0,False
116,pilot_117,a2d19c80d3d6a055,structured,Benign,Benign,4,FLOW_DURATION_MILLISECONDS,1131,1131,True,True,True,30,0.00355629138595,0.00355629138595,random_forest,DoS probability,False,0,False
116,pilot_117,a2d19c80d3d6a055,structured,Benign,Benign,5,TCP_WIN_MAX_IN,11584,11584,True,True,True,7,-0.0269882824189,0.0269882824189,random_forest,DoS probability,False,0,False
117,pilot_118,6870dae92f481b6c,deterministic_text,DoS,Benign,1,IN_PKTS,10,10,True,True,True,13,0.103488706326,0.103488706326,logistic_regression,DoS log-odds,False,0,False
117,pilot_118,6870dae92f481b6c,deterministic_text,DoS,Benign,2,FLOW_DURATION_MILLISECONDS,739,739,True,True,True,25,0.0180958412484,0.0180958412484,logistic_regression,DoS log-odds,False,0,False
117,pilot_118,6870dae92f481b6c,deterministic_text,DoS,Benign,3,IN_BYTES,1690,1690,True,True,True,38,-0.00094564075528,0.00094564075528,logistic_regression,DoS log-odds,False,0,False
117,pilot_118,6870dae92f481b6c,deterministic_text,DoS,Benign,4,CLIENT_TCP_FLAGS,27,27,True,True,True,21,0.0464962291642,0.0464962291642,logistic_regression,DoS log-odds,False,0,False
117,pilot_118,6870dae92f481b6c,deterministic_text,DoS,Benign,5,SRC_TO_DST_AVG_THROUGHPUT,18270,18270,True,True,True,23,0.0245352743236,0.0245352743236,logistic_regression,DoS log-odds,False,0,False
117,pilot_118,6870dae92f481b6c,deterministic_text,DoS,Benign,1,IN_PKTS,10,10,True,True,True,13,0.012389857991,0.012389857991,random_forest,DoS probability,False,0,False
117,pilot_118,6870dae92f481b6c,deterministic_text,DoS,Benign,2,FLOW_DURATION_MILLISECONDS,739,739,True,True,True,19,0.00901886989561,0.00901886989561,random_forest,DoS probability,False,0,False
117,pilot_118,6870dae92f481b6c,deterministic_text,DoS,Benign,3,IN_BYTES,1690,1690,True,True,True,25,-0.00764054996255,0.00764054996255,random_forest,DoS probability,False,0,False
117,pilot_118,6870dae92f481b6c,deterministic_text,DoS,Benign,4,CLIENT_TCP_FLAGS,27,27,True,True,True,21,-0.00852096490553,0.00852096490553,random_forest,DoS probability,False,0,False
117,pilot_118,6870dae92f481b6c,deterministic_text,DoS,Benign,5,SRC_TO_DST_AVG_THROUGHPUT,18270,18270,True,True,True,28,0.00717307839128,0.00717307839128,random_forest,DoS probability,False,0,False
117,pilot_118,6870dae92f481b6c,structured,DoS,Benign,1,IN_PKTS,10,10,True,True,True,13,0.103488706326,0.103488706326,logistic_regression,DoS log-odds,False,0,False
117,pilot_118,6870dae92f481b6c,structured,DoS,Benign,2,IN_BYTES,1690,1690,True,True,True,38,-0.00094564075528,0.00094564075528,logistic_regression,DoS log-odds,False,0,False
117,pilot_118,6870dae92f481b6c,structured,DoS,Benign,3,TCP_FLAGS,27,27,True,True,True,17,-0.064280133966,0.064280133966,logistic_regression,DoS log-odds,False,0,False
117,pilot_118,6870dae92f481b6c,structured,DoS,Benign,4,MAX_IP_PKT_LEN,669,669,True,True,True,31,-0.00894330949179,0.00894330949179,logistic_regression,DoS log-odds,False,0,False
117,pilot_118,6870dae92f481b6c,structured,DoS,Benign,5,RETRANSMITTED_IN_PKTS,2,2,True,True,True,18,0.0597982684214,0.0597982684214,logistic_regression,DoS log-odds,False,0,False
117,pilot_118,6870dae92f481b6c,structured,DoS,Benign,1,IN_PKTS,10,10,True,True,True,13,0.012389857991,0.012389857991,random_forest,DoS probability,False,0,False
117,pilot_118,6870dae92f481b6c,structured,DoS,Benign,2,IN_BYTES,1690,1690,True,True,True,25,-0.00764054996255,0.00764054996255,random_forest,DoS probability,False,0,False
117,pilot_118,6870dae92f481b6c,structured,DoS,Benign,3,TCP_FLAGS,27,27,True,True,True,15,-0.00993094112517,0.00993094112517,random_forest,DoS probability,False,0,False
117,pilot_118,6870dae92f481b6c,structured,DoS,Benign,4,MAX_IP_PKT_LEN,669,669,True,True,True,35,0.00127354835934,0.00127354835934,random_forest,DoS probability,False,0,False
117,pilot_118,6870dae92f481b6c,structured,DoS,Benign,5,RETRANSMITTED_IN_PKTS,2,2,True,True,True,17,0.00917449932596,0.00917449932596,random_forest,DoS probability,False,0,False
118,pilot_119,348ec432ee9c618d,deterministic_text,DoS,Benign,1,IN_PKTS,10,10,True,True,True,21,0.0450082203023,0.0450082203023,logistic_regression,DoS log-odds,False,0,False
118,pilot_119,348ec432ee9c618d,deterministic_text,DoS,Benign,2,IN_BYTES,970,970,True,True,True,34,-0.00626760434496,0.00626760434496,logistic_regression,DoS log-odds,False,0,False
118,pilot_119,348ec432ee9c618d,deterministic_text,DoS,Benign,3,L4_DST_PORT,80,80,True,True,True,5,0.617607513023,0.617607513023,logistic_regression,DoS log-odds,True,0.617607513023,True
118,pilot_119,348ec432ee9c618d,deterministic_text,DoS,Benign,4,FLOW_DURATION_MILLISECONDS,659,659,True,True,True,27,-0.00981401219256,0.00981401219256,logistic_regression,DoS log-odds,False,0,False
118,pilot_119,348ec432ee9c618d,deterministic_text,DoS,Benign,5,SRC_TO_DST_AVG_THROUGHPUT,11757,11757,True,True,True,16,0.0747552766078,0.0747552766078,logistic_regression,DoS log-odds,False,0,False
118,pilot_119,348ec432ee9c618d,deterministic_text,DoS,Benign,1,IN_PKTS,10,10,True,True,True,22,0.00672706482647,0.00672706482647,random_forest,DoS probability,False,0,False
118,pilot_119,348ec432ee9c618d,deterministic_text,DoS,Benign,2,IN_BYTES,970,970,True,True,True,28,0.00496428042618,0.00496428042618,random_forest,DoS probability,False,0,False
118,pilot_119,348ec432ee9c618d,deterministic_text,DoS,Benign,3,L4_DST_PORT,80,80,True,True,True,27,0.00547126141354,0.00547126141354,random_forest,DoS probability,False,0,False
118,pilot_119,348ec432ee9c618d,deterministic_text,DoS,Benign,4,FLOW_DURATION_MILLISECONDS,659,659,True,True,True,24,0.00608398224688,0.00608398224688,random_forest,DoS probability,False,0,False
118,pilot_119,348ec432ee9c618d,deterministic_text,DoS,Benign,5,SRC_TO_DST_AVG_THROUGHPUT,11757,11757,True,True,True,19,0.00767936187216,0.00767936187216,random_forest,DoS probability,False,0,False
118,pilot_119,348ec432ee9c618d,structured,DoS,Benign,1,IN_BYTES,970,970,True,True,True,34,-0.00626760434496,0.00626760434496,logistic_regression,DoS log-odds,False,0,False
118,pilot_119,348ec432ee9c618d,structured,DoS,Benign,2,IN_PKTS,10,10,True,True,True,21,0.0450082203023,0.0450082203023,logistic_regression,DoS log-odds,False,0,False
118,pilot_119,348ec432ee9c618d,structured,DoS,Benign,3,SRC_TO_DST_AVG_THROUGHPUT,11757,11757,True,True,True,16,0.0747552766078,0.0747552766078,logistic_regression,DoS log-odds,False,0,False
118,pilot_119,348ec432ee9c618d,structured,DoS,Benign,4,FLOW_DURATION_MILLISECONDS,659,659,True,True,True,27,-0.00981401219256,0.00981401219256,logistic_regression,DoS log-odds,False,0,False
118,pilot_119,348ec432ee9c618d,structured,DoS,Benign,5,L4_DST_PORT,80,80,True,True,True,5,0.617607513023,0.617607513023,logistic_regression,DoS log-odds,True,0.617607513023,True
118,pilot_119,348ec432ee9c618d,structured,DoS,Benign,1,IN_BYTES,970,970,True,True,True,28,0.00496428042618,0.00496428042618,random_forest,DoS probability,False,0,False
118,pilot_119,348ec432ee9c618d,structured,DoS,Benign,2,IN_PKTS,10,10,True,True,True,22,0.00672706482647,0.00672706482647,random_forest,DoS probability,False,0,False
118,pilot_119,348ec432ee9c618d,structured,DoS,Benign,3,SRC_TO_DST_AVG_THROUGHPUT,11757,11757,True,True,True,19,0.00767936187216,0.00767936187216,random_forest,DoS probability,False,0,False
118,pilot_119,348ec432ee9c618d,structured,DoS,Benign,4,FLOW_DURATION_MILLISECONDS,659,659,True,True,True,24,0.00608398224688,0.00608398224688,random_forest,DoS probability,False,0,False
118,pilot_119,348ec432ee9c618d,structured,DoS,Benign,5,L4_DST_PORT,80,80,True,True,True,27,0.00547126141354,0.00547126141354,random_forest,DoS probability,False,0,False
119,pilot_120,2263cdb2266dc1fb,deterministic_text,DoS,Benign,1,IN_PKTS,8,8,True,True,True,18,0.0493923247442,0.0493923247442,logistic_regression,DoS log-odds,False,0,False
119,pilot_120,2263cdb2266dc1fb,deterministic_text,DoS,Benign,2,TCP_FLAGS,19,19,True,True,True,10,0.146396606346,0.146396606346,logistic_regression,DoS log-odds,False,0,False
119,pilot_120,2263cdb2266dc1fb,deterministic_text,DoS,Benign,3,OUT_PKTS,6,6,True,True,True,36,-0.0042331348769,0.0042331348769,logistic_regression,DoS log-odds,False,0,False
119,pilot_120,2263cdb2266dc1fb,deterministic_text,DoS,Benign,4,FLOW_DURATION_MILLISECONDS,130,130,True,True,True,24,-0.0256534522914,0.0256534522914,logistic_regression,DoS log-odds,False,0,False
119,pilot_120,2263cdb2266dc1fb,deterministic_text,DoS,Benign,5,IN_BYTES,352,352,True,True,True,38,-0.00276920336416,0.00276920336416,logistic_regression,DoS log-odds,False,0,False
119,pilot_120,2263cdb2266dc1fb,deterministic_text,DoS,Benign,1,IN_PKTS,8,8,True,True,True,18,0.00748808793191,0.00748808793191,random_forest,DoS probability,False,0,False
119,pilot_120,2263cdb2266dc1fb,deterministic_text,DoS,Benign,2,TCP_FLAGS,19,19,True,True,True,7,0.0171668703592,0.0171668703592,random_forest,DoS probability,False,0,False
119,pilot_120,2263cdb2266dc1fb,deterministic_text,DoS,Benign,3,OUT_PKTS,6,6,True,True,True,21,0.00720308521947,0.00720308521947,random_forest,DoS probability,False,0,False
119,pilot_120,2263cdb2266dc1fb,deterministic_text,DoS,Benign,4,FLOW_DURATION_MILLISECONDS,130,130,True,True,True,24,-0.00603202520776,0.00603202520776,random_forest,DoS probability,False,0,False
119,pilot_120,2263cdb2266dc1fb,deterministic_text,DoS,Benign,5,IN_BYTES,352,352,True,True,True,32,0.0025544244137,0.0025544244137,random_forest,DoS probability,False,0,False
119,pilot_120,2263cdb2266dc1fb,structured,DoS,Benign,1,IN_PKTS,8,8,True,True,True,18,0.0493923247442,0.0493923247442,logistic_regression,DoS log-odds,False,0,False
119,pilot_120,2263cdb2266dc1fb,structured,DoS,Benign,2,IN_BYTES,352,352,True,True,True,38,-0.00276920336416,0.00276920336416,logistic_regression,DoS log-odds,False,0,False
119,pilot_120,2263cdb2266dc1fb,structured,DoS,Benign,3,TCP_FLAGS,19,19,True,True,True,10,0.146396606346,0.146396606346,logistic_regression,DoS log-odds,False,0,False
119,pilot_120,2263cdb2266dc1fb,structured,DoS,Benign,4,FLOW_DURATION_MILLISECONDS,130,130,True,True,True,24,-0.0256534522914,0.0256534522914,logistic_regression,DoS log-odds,False,0,False
119,pilot_120,2263cdb2266dc1fb,structured,DoS,Benign,5,SRC_TO_DST_AVG_THROUGHPUT,21496,21496,True,True,True,12,0.10876234133,0.10876234133,logistic_regression,DoS log-odds,False,0,False
119,pilot_120,2263cdb2266dc1fb,structured,DoS,Benign,1,IN_PKTS,8,8,True,True,True,18,0.00748808793191,0.00748808793191,random_forest,DoS probability,False,0,False
119,pilot_120,2263cdb2266dc1fb,structured,DoS,Benign,2,IN_BYTES,352,352,True,True,True,32,0.0025544244137,0.0025544244137,random_forest,DoS probability,False,0,False
119,pilot_120,2263cdb2266dc1fb,structured,DoS,Benign,3,TCP_FLAGS,19,19,True,True,True,7,0.0171668703592,0.0171668703592,random_forest,DoS probability,False,0,False
119,pilot_120,2263cdb2266dc1fb,structured,DoS,Benign,4,FLOW_DURATION_MILLISECONDS,130,130,True,True,True,24,-0.00603202520776,0.00603202520776,random_forest,DoS probability,False,0,False
119,pilot_120,2263cdb2266dc1fb,structured,DoS,Benign,5,SRC_TO_DST_AVG_THROUGHPUT,21496,21496,True,True,True,15,0.00904999930811,0.00904999930811,random_forest,DoS probability,False,0,False
120,pilot_121,38aa22deace5a5be,deterministic_text,DoS,Benign,1,IN_PKTS,2,2,True,True,True,22,0.0381701195963,0.0381701195963,logistic_regression,DoS log-odds,False,0,False
120,pilot_121,38aa22deace5a5be,deterministic_text,DoS,Benign,2,IN_BYTES,104,104,True,True,True,43,-0.00125557631752,0.00125557631752,logistic_regression,DoS log-odds,False,0,False
120,pilot_121,38aa22deace5a5be,deterministic_text,DoS,Benign,3,FLOW_DURATION_MILLISECONDS,0,0,True,True,True,24,-0.0283300741489,0.0283300741489,logistic_regression,DoS log-odds,False,0,False
120,pilot_121,38aa22deace5a5be,deterministic_text,DoS,Benign,4,L4_DST_PORT,520,520,True,True,True,29,0.0169209670091,0.0169209670091,logistic_regression,DoS log-odds,False,0,False
120,pilot_121,38aa22deace5a5be,deterministic_text,DoS,Benign,5,PROTOCOL,17,17,True,True,True,14,-0.0788377964037,0.0788377964037,logistic_regression,DoS log-odds,False,0,False
120,pilot_121,38aa22deace5a5be,deterministic_text,DoS,Benign,1,IN_PKTS,2,2,True,True,True,14,0.0131614018746,0.0131614018746,random_forest,DoS probability,False,0,False
120,pilot_121,38aa22deace5a5be,deterministic_text,DoS,Benign,2,IN_BYTES,104,104,True,True,True,25,0.00612097466385,0.00612097466385,random_forest,DoS probability,False,0,False
120,pilot_121,38aa22deace5a5be,deterministic_text,DoS,Benign,3,FLOW_DURATION_MILLISECONDS,0,0,True,True,True,18,0.00948279858304,0.00948279858304,random_forest,DoS probability,False,0,False
120,pilot_121,38aa22deace5a5be,deterministic_text,DoS,Benign,4,L4_DST_PORT,520,520,True,True,True,9,0.0188007725734,0.0188007725734,random_forest,DoS probability,False,0,False
120,pilot_121,38aa22deace5a5be,deterministic_text,DoS,Benign,5,PROTOCOL,17,17,True,True,True,30,0.00340200654265,0.00340200654265,random_forest,DoS probability,False,0,False
120,pilot_121,38aa22deace5a5be,structured,DoS,DoS,1,L4_DST_PORT,520,520,True,True,True,29,0.0169209670091,0.0169209670091,logistic_regression,DoS log-odds,False,0,False
120,pilot_121,38aa22deace5a5be,structured,DoS,DoS,2,OUT_PKTS,0,0,True,True,True,39,-0.00594468104449,0.00594468104449,logistic_regression,DoS log-odds,False,0,False
120,pilot_121,38aa22deace5a5be,structured,DoS,DoS,3,PROTOCOL,17,17,True,True,True,14,-0.0788377964037,0.0788377964037,logistic_regression,DoS log-odds,False,0,False
120,pilot_121,38aa22deace5a5be,structured,DoS,DoS,4,FLOW_DURATION_MILLISECONDS,0,0,True,True,True,24,-0.0283300741489,0.0283300741489,logistic_regression,DoS log-odds,False,0,False
120,pilot_121,38aa22deace5a5be,structured,DoS,DoS,5,MIN_TTL,254,254,True,True,True,2,1.24572426524,1.24572426524,logistic_regression,DoS log-odds,True,1.24572426524,True
120,pilot_121,38aa22deace5a5be,structured,DoS,DoS,1,L4_DST_PORT,520,520,True,True,True,9,0.0188007725734,0.0188007725734,random_forest,DoS probability,False,0,False
120,pilot_121,38aa22deace5a5be,structured,DoS,DoS,2,OUT_PKTS,0,0,True,True,True,5,0.0366702882516,0.0366702882516,random_forest,DoS probability,True,0.0366702882516,True
120,pilot_121,38aa22deace5a5be,structured,DoS,DoS,3,PROTOCOL,17,17,True,True,True,30,0.00340200654265,0.00340200654265,random_forest,DoS probability,False,0,False
120,pilot_121,38aa22deace5a5be,structured,DoS,DoS,4,FLOW_DURATION_MILLISECONDS,0,0,True,True,True,18,0.00948279858304,0.00948279858304,random_forest,DoS probability,False,0,False
120,pilot_121,38aa22deace5a5be,structured,DoS,DoS,5,MIN_TTL,254,254,True,True,True,3,0.0560568794144,0.0560568794144,random_forest,DoS probability,True,0.0560568794144,True
121,pilot_122,bd172e11caeed621,deterministic_text,Benign,DoS,1,RETRANSMITTED_IN_PKTS,7,7,True,True,True,22,-0.0532953834394,0.0532953834394,logistic_regression,DoS log-odds,False,0,False
121,pilot_122,bd172e11caeed621,deterministic_text,Benign,DoS,2,RETRANSMITTED_IN_BYTES,2132,2132,True,True,True,39,0.00220347684716,0.00220347684716,logistic_regression,DoS log-odds,False,0,False
121,pilot_122,bd172e11caeed621,deterministic_text,Benign,DoS,3,SRC_TO_DST_IAT_STDDEV,0,0,True,True,True,36,-0.00509235678253,0.00509235678253,logistic_regression,DoS log-odds,False,0,False
121,pilot_122,bd172e11caeed621,deterministic_text,Benign,DoS,4,SRC_TO_DST_AVG_THROUGHPUT,7155200,7155200,True,True,True,9,-0.188155279807,0.188155279807,logistic_regression,DoS log-odds,False,0,False
121,pilot_122,bd172e11caeed621,deterministic_text,Benign,DoS,5,FLOW_DURATION_MILLISECONDS,4,4,True,True,True,19,-0.0647955594764,0.0647955594764,logistic_regression,DoS log-odds,False,0,False
121,pilot_122,bd172e11caeed621,deterministic_text,Benign,DoS,1,RETRANSMITTED_IN_PKTS,7,7,True,True,True,20,-0.00743559770902,0.00743559770902,random_forest,DoS probability,False,0,False
121,pilot_122,bd172e11caeed621,deterministic_text,Benign,DoS,2,RETRANSMITTED_IN_BYTES,2132,2132,True,True,True,29,-0.00453094689816,0.00453094689816,random_forest,DoS probability,False,0,False
121,pilot_122,bd172e11caeed621,deterministic_text,Benign,DoS,3,SRC_TO_DST_IAT_STDDEV,0,0,True,True,True,19,-0.00795902874214,0.00795902874214,random_forest,DoS probability,False,0,False
121,pilot_122,bd172e11caeed621,deterministic_text,Benign,DoS,4,SRC_TO_DST_AVG_THROUGHPUT,7155200,7155200,True,True,True,26,-0.00563582157093,0.00563582157093,random_forest,DoS probability,False,0,False
121,pilot_122,bd172e11caeed621,deterministic_text,Benign,DoS,5,FLOW_DURATION_MILLISECONDS,4,4,True,True,True,15,-0.00989692788922,0.00989692788922,random_forest,DoS probability,False,0,False
121,pilot_122,bd172e11caeed621,structured,Benign,Benign,1,TCP_FLAGS,27,27,True,True,True,20,-0.064280133966,0.064280133966,logistic_regression,DoS log-odds,False,0,False
121,pilot_122,bd172e11caeed621,structured,Benign,Benign,2,IN_PKTS,18,18,True,True,True,25,0.0448756337164,0.0448756337164,logistic_regression,DoS log-odds,False,0,False
121,pilot_122,bd172e11caeed621,structured,Benign,Benign,3,FLOW_DURATION_MILLISECONDS,4,4,True,True,True,19,-0.0647955594764,0.0647955594764,logistic_regression,DoS log-odds,False,0,False
121,pilot_122,bd172e11caeed621,structured,Benign,Benign,4,MIN_TTL,31,31,True,True,True,3,-0.775487015134,0.775487015134,logistic_regression,DoS log-odds,True,0.775487015134,True
121,pilot_122,bd172e11caeed621,structured,Benign,Benign,5,TCP_WIN_MAX_IN,14480,14480,True,True,True,16,-0.0962866140939,0.0962866140939,logistic_regression,DoS log-odds,False,0,False
121,pilot_122,bd172e11caeed621,structured,Benign,Benign,1,TCP_FLAGS,27,27,True,True,True,9,-0.0133144371928,0.0133144371928,random_forest,DoS probability,False,0,False
121,pilot_122,bd172e11caeed621,structured,Benign,Benign,2,IN_PKTS,18,18,True,True,True,12,-0.0108744187085,0.0108744187085,random_forest,DoS probability,False,0,False
121,pilot_122,bd172e11caeed621,structured,Benign,Benign,3,FLOW_DURATION_MILLISECONDS,4,4,True,True,True,15,-0.00989692788922,0.00989692788922,random_forest,DoS probability,False,0,False
121,pilot_122,bd172e11caeed621,structured,Benign,Benign,4,MIN_TTL,31,31,True,True,True,1,-0.0595065614089,0.0595065614089,random_forest,DoS probability,True,0.0595065614089,True
121,pilot_122,bd172e11caeed621,structured,Benign,Benign,5,TCP_WIN_MAX_IN,14480,14480,True,True,True,22,-0.00733374993492,0.00733374993492,random_forest,DoS probability,False,0,False
122,pilot_123,80610c085079c06b,deterministic_text,Benign,DoS,1,RETRANSMITTED_IN_BYTES,18245,18245,True,True,True,14,0.143080859799,0.143080859799,logistic_regression,DoS log-odds,False,0,False
122,pilot_123,80610c085079c06b,deterministic_text,Benign,DoS,2,L4_DST_PORT,25,25,True,True,True,19,-0.0663470057888,0.0663470057888,logistic_regression,DoS log-odds,False,0,False
122,pilot_123,80610c085079c06b,deterministic_text,Benign,DoS,3,RETRANSMITTED_IN_PKTS,18,18,True,True,True,8,-0.302101417533,0.302101417533,logistic_regression,DoS log-odds,False,0,False
122,pilot_123,80610c085079c06b,deterministic_text,Benign,DoS,4,NUM_PKTS_UP_TO_128_BYTES,64,64,True,True,True,7,-0.365010580899,0.365010580899,logistic_regression,DoS log-odds,False,0,False
122,pilot_123,80610c085079c06b,deterministic_text,Benign,DoS,5,FLOW_DURATION_MILLISECONDS,387,387,True,True,True,27,-0.0216018091668,0.0216018091668,logistic_regression,DoS log-odds,False,0,False
122,pilot_123,80610c085079c06b,deterministic_text,Benign,DoS,1,RETRANSMITTED_IN_BYTES,18245,18245,True,True,True,22,-0.00602331797498,0.00602331797498,random_forest,DoS probability,False,0,False
122,pilot_123,80610c085079c06b,deterministic_text,Benign,DoS,2,L4_DST_PORT,25,25,True,True,True,28,-0.0029676530488,0.0029676530488,random_forest,DoS probability,False,0,False
122,pilot_123,80610c085079c06b,deterministic_text,Benign,DoS,3,RETRANSMITTED_IN_PKTS,18,18,True,True,True,19,-0.00900432119152,0.00900432119152,random_forest,DoS probability,False,0,False
122,pilot_123,80610c085079c06b,deterministic_text,Benign,DoS,4,NUM_PKTS_UP_TO_128_BYTES,64,64,True,True,True,8,-0.0212038614299,0.0212038614299,random_forest,DoS probability,False,0,False
122,pilot_123,80610c085079c06b,deterministic_text,Benign,DoS,5,FLOW_DURATION_MILLISECONDS,387,387,True,True,True,36,0.00107361577929,0.00107361577929,random_forest,DoS probability,False,0,False
122,pilot_123,80610c085079c06b,structured,Benign,Benign,1,TCP_FLAGS,27,27,True,True,True,20,-0.064280133966,0.064280133966,logistic_regression,DoS log-odds,False,0,False
122,pilot_123,80610c085079c06b,structured,Benign,Benign,2,NUM_PKTS_1024_TO_1514_BYTES,24,24,True,True,True,39,0.000987959512097,0.000987959512097,logistic_regression,DoS log-odds,False,0,False
122,pilot_123,80610c085079c06b,structured,Benign,Benign,3,L4_DST_PORT,25,25,True,True,True,19,-0.0663470057888,0.0663470057888,logistic_regression,DoS log-odds,False,0,False
122,pilot_123,80610c085079c06b,structured,Benign,Benign,4,FLOW_DURATION_MILLISECONDS,387,387,True,True,True,27,-0.0216018091668,0.0216018091668,logistic_regression,DoS log-odds,False,0,False
122,pilot_123,80610c085079c06b,structured,Benign,Benign,5,RETRANSMITTED_IN_PKTS,18,18,True,True,True,8,-0.302101417533,0.302101417533,logistic_regression,DoS log-odds,False,0,False
122,pilot_123,80610c085079c06b,structured,Benign,Benign,1,TCP_FLAGS,27,27,True,True,True,14,-0.013062208245,0.013062208245,random_forest,DoS probability,False,0,False
122,pilot_123,80610c085079c06b,structured,Benign,Benign,2,NUM_PKTS_1024_TO_1514_BYTES,24,24,True,True,True,31,-0.00264777907879,0.00264777907879,random_forest,DoS probability,False,0,False
122,pilot_123,80610c085079c06b,structured,Benign,Benign,3,L4_DST_PORT,25,25,True,True,True,28,-0.0029676530488,0.0029676530488,random_forest,DoS probability,False,0,False
122,pilot_123,80610c085079c06b,structured,Benign,Benign,4,FLOW_DURATION_MILLISECONDS,387,387,True,True,True,36,0.00107361577929,0.00107361577929,random_forest,DoS probability,False,0,False
122,pilot_123,80610c085079c06b,structured,Benign,Benign,5,RETRANSMITTED_IN_PKTS,18,18,True,True,True,19,-0.00900432119152,0.00900432119152,random_forest,DoS probability,False,0,False
123,pilot_124,02699e0dca03930b,deterministic_text,DoS,DoS,1,L4_DST_PORT,67,67,True,True,True,43,0,0,logistic_regression,DoS log-odds,False,0,False
123,pilot_124,02699e0dca03930b,deterministic_text,DoS,DoS,2,OUT_PKTS,0,0,True,True,True,37,-0.00577477819909,0.00577477819909,logistic_regression,DoS log-odds,False,0,False
123,pilot_124,02699e0dca03930b,deterministic_text,DoS,DoS,3,PROTOCOL,17,17,True,True,True,10,-0.103185567771,0.103185567771,logistic_regression,DoS log-odds,False,0,False
123,pilot_124,02699e0dca03930b,deterministic_text,DoS,DoS,4,IN_PKTS,2,2,True,True,True,20,0.0475904620603,0.0475904620603,logistic_regression,DoS log-odds,False,0,False
123,pilot_124,02699e0dca03930b,deterministic_text,DoS,DoS,5,SRC_TO_DST_AVG_THROUGHPUT,9216000,9216000,True,True,True,2,-1.1117395512,1.1117395512,logistic_regression,DoS log-odds,True,1.1117395512,True
123,pilot_124,02699e0dca03930b,deterministic_text,DoS,DoS,1,L4_DST_PORT,67,67,True,True,True,42,0.000704644972609,0.000704644972609,random_forest,DoS probability,False,0,False
123,pilot_124,02699e0dca03930b,deterministic_text,DoS,DoS,2,OUT_PKTS,0,0,True,True,True,4,0.0356035115744,0.0356035115744,random_forest,DoS probability,True,0.0356035115744,True
123,pilot_124,02699e0dca03930b,deterministic_text,DoS,DoS,3,PROTOCOL,17,17,True,True,True,38,-0.00105734501433,0.00105734501433,random_forest,DoS probability,False,0,False
123,pilot_124,02699e0dca03930b,deterministic_text,DoS,DoS,4,IN_PKTS,2,2,True,True,True,8,0.0172272012953,0.0172272012953,random_forest,DoS probability,False,0,False
123,pilot_124,02699e0dca03930b,deterministic_text,DoS,DoS,5,SRC_TO_DST_AVG_THROUGHPUT,9216000,9216000,True,True,True,36,-0.00114156109188,0.00114156109188,random_forest,DoS probability,False,0,False
123,pilot_124,02699e0dca03930b,structured,DoS,Benign,1,IN_PKTS,2,2,True,True,True,20,0.0475904620603,0.0475904620603,logistic_regression,DoS log-odds,False,0,False
123,pilot_124,02699e0dca03930b,structured,DoS,Benign,2,FLOW_DURATION_MILLISECONDS,0,0,True,True,True,23,-0.0246888382773,0.0246888382773,logistic_regression,DoS log-odds,False,0,False
123,pilot_124,02699e0dca03930b,structured,DoS,Benign,3,IN_BYTES,1152,1152,True,True,True,40,-0.00213707352894,0.00213707352894,logistic_regression,DoS log-odds,False,0,False
123,pilot_124,02699e0dca03930b,structured,DoS,Benign,4,L4_DST_PORT,67,67,True,True,True,43,0,0,logistic_regression,DoS log-odds,False,0,False
123,pilot_124,02699e0dca03930b,structured,DoS,Benign,5,PROTOCOL,17,17,True,True,True,10,-0.103185567771,0.103185567771,logistic_regression,DoS log-odds,False,0,False
123,pilot_124,02699e0dca03930b,structured,DoS,Benign,1,IN_PKTS,2,2,True,True,True,8,0.0172272012953,0.0172272012953,random_forest,DoS probability,False,0,False
123,pilot_124,02699e0dca03930b,structured,DoS,Benign,2,FLOW_DURATION_MILLISECONDS,0,0,True,True,True,22,0.0048941080663,0.0048941080663,random_forest,DoS probability,False,0,False
123,pilot_124,02699e0dca03930b,structured,DoS,Benign,3,IN_BYTES,1152,1152,True,True,True,23,0.00467075558279,0.00467075558279,random_forest,DoS probability,False,0,False
123,pilot_124,02699e0dca03930b,structured,DoS,Benign,4,L4_DST_PORT,67,67,True,True,True,42,0.000704644972609,0.000704644972609,random_forest,DoS probability,False,0,False
123,pilot_124,02699e0dca03930b,structured,DoS,Benign,5,PROTOCOL,17,17,True,True,True,38,-0.00105734501433,0.00105734501433,random_forest,DoS probability,False,0,False
124,pilot_125,6122072f2ea85609,deterministic_text,Benign,DoS,1,TCP_FLAGS,27,27,True,True,True,20,-0.064280133966,0.064280133966,logistic_regression,DoS log-odds,False,0,False
124,pilot_125,6122072f2ea85609,deterministic_text,Benign,DoS,2,RETRANSMITTED_OUT_PKTS,29,29,True,True,True,21,-0.059850497411,0.059850497411,logistic_regression,DoS log-odds,False,0,False
124,pilot_125,6122072f2ea85609,deterministic_text,Benign,DoS,3,SRC_TO_DST_IAT_STDDEV,0,0,True,True,True,37,-0.00509235678253,0.00509235678253,logistic_regression,DoS log-odds,False,0,False
124,pilot_125,6122072f2ea85609,deterministic_text,Benign,DoS,4,DST_TO_SRC_AVG_THROUGHPUT,10913632,10913632,True,True,True,2,-1.26505019878,1.26505019878,logistic_regression,DoS log-odds,True,1.26505019878,True
124,pilot_125,6122072f2ea85609,deterministic_text,Benign,DoS,5,FLOW_DURATION_MILLISECONDS,48,48,True,True,True,22,-0.0598333531745,0.0598333531745,logistic_regression,DoS log-odds,False,0,False
124,pilot_125,6122072f2ea85609,deterministic_text,Benign,DoS,1,TCP_FLAGS,27,27,True,True,True,12,-0.0131998556957,0.0131998556957,random_forest,DoS probability,False,0,False
124,pilot_125,6122072f2ea85609,deterministic_text,Benign,DoS,2,RETRANSMITTED_OUT_PKTS,29,29,True,True,True,10,-0.0154284567716,0.0154284567716,random_forest,DoS probability,False,0,False
124,pilot_125,6122072f2ea85609,deterministic_text,Benign,DoS,3,SRC_TO_DST_IAT_STDDEV,0,0,True,True,True,23,-0.00655576483682,0.00655576483682,random_forest,DoS probability,False,0,False
124,pilot_125,6122072f2ea85609,deterministic_text,Benign,DoS,4,DST_TO_SRC_AVG_THROUGHPUT,10913632,10913632,True,True,True,6,-0.0304101149515,0.0304101149515,random_forest,DoS probability,False,0,False
124,pilot_125,6122072f2ea85609,deterministic_text,Benign,DoS,5,FLOW_DURATION_MILLISECONDS,48,48,True,True,True,16,-0.00923956532759,0.00923956532759,random_forest,DoS probability,False,0,False
124,pilot_125,6122072f2ea85609,structured,Benign,DoS,1,RETRANSMITTED_OUT_PKTS,29,29,True,True,True,21,-0.059850497411,0.059850497411,logistic_regression,DoS log-odds,False,0,False
124,pilot_125,6122072f2ea85609,structured,Benign,DoS,2,DST_TO_SRC_AVG_THROUGHPUT,10913632,10913632,True,True,True,2,-1.26505019878,1.26505019878,logistic_regression,DoS log-odds,True,1.26505019878,True
124,pilot_125,6122072f2ea85609,structured,Benign,DoS,3,FLOW_DURATION_MILLISECONDS,48,48,True,True,True,22,-0.0598333531745,0.0598333531745,logistic_regression,DoS log-odds,False,0,False
124,pilot_125,6122072f2ea85609,structured,Benign,DoS,4,TCP_FLAGS,27,27,True,True,True,20,-0.064280133966,0.064280133966,logistic_regression,DoS log-odds,False,0,False
124,pilot_125,6122072f2ea85609,structured,Benign,DoS,5,RETRANSMITTED_OUT_BYTES,33003,33003,True,True,True,34,-0.00931625220103,0.00931625220103,logistic_regression,DoS log-odds,False,0,False
124,pilot_125,6122072f2ea85609,structured,Benign,DoS,1,RETRANSMITTED_OUT_PKTS,29,29,True,True,True,10,-0.0154284567716,0.0154284567716,random_forest,DoS probability,False,0,False
124,pilot_125,6122072f2ea85609,structured,Benign,DoS,2,DST_TO_SRC_AVG_THROUGHPUT,10913632,10913632,True,True,True,6,-0.0304101149515,0.0304101149515,random_forest,DoS probability,False,0,False
124,pilot_125,6122072f2ea85609,structured,Benign,DoS,3,FLOW_DURATION_MILLISECONDS,48,48,True,True,True,16,-0.00923956532759,0.00923956532759,random_forest,DoS probability,False,0,False
124,pilot_125,6122072f2ea85609,structured,Benign,DoS,4,TCP_FLAGS,27,27,True,True,True,12,-0.0131998556957,0.0131998556957,random_forest,DoS probability,False,0,False
124,pilot_125,6122072f2ea85609,structured,Benign,DoS,5,RETRANSMITTED_OUT_BYTES,33003,33003,True,True,True,13,-0.0117996743375,0.0117996743375,random_forest,DoS probability,False,0,False
125,pilot_126,bfa64f8722e0fa28,deterministic_text,DoS,DoS,1,PROTOCOL,17,17,True,True,True,16,-0.11223939485,0.11223939485,logistic_regression,DoS log-odds,False,0,False
125,pilot_126,bfa64f8722e0fa28,deterministic_text,DoS,DoS,2,OUT_PKTS,0,0,True,True,True,39,-0.00450441721881,0.00450441721881,logistic_regression,DoS log-odds,False,0,False
125,pilot_126,bfa64f8722e0fa28,deterministic_text,DoS,DoS,3,FLOW_DURATION_MILLISECONDS,0,0,True,True,True,26,-0.0291610632382,0.0291610632382,logistic_regression,DoS log-odds,False,0,False
125,pilot_126,bfa64f8722e0fa28,deterministic_text,DoS,DoS,4,SRC_TO_DST_AVG_THROUGHPUT,8512000,8512000,True,True,True,4,-1.01279931794,1.01279931794,logistic_regression,DoS log-odds,True,1.01279931794,True
125,pilot_126,bfa64f8722e0fa28,deterministic_text,DoS,DoS,5,SHORTEST_FLOW_PKT,532,532,True,True,True,5,0.847249400096,0.847249400096,logistic_regression,DoS log-odds,True,0.847249400096,True
125,pilot_126,bfa64f8722e0fa28,deterministic_text,DoS,DoS,1,PROTOCOL,17,17,True,True,True,37,0.00147035988742,0.00147035988742,random_forest,DoS probability,False,0,False
125,pilot_126,bfa64f8722e0fa28,deterministic_text,DoS,DoS,2,OUT_PKTS,0,0,True,True,True,6,0.0299188214299,0.0299188214299,random_forest,DoS probability,False,0,False
125,pilot_126,bfa64f8722e0fa28,deterministic_text,DoS,DoS,3,FLOW_DURATION_MILLISECONDS,0,0,True,True,True,19,0.00680874332359,0.00680874332359,random_forest,DoS probability,False,0,False
125,pilot_126,bfa64f8722e0fa28,deterministic_text,DoS,DoS,4,SRC_TO_DST_AVG_THROUGHPUT,8512000,8512000,True,True,True,43,-0.000417056397409,0.000417056397409,random_forest,DoS probability,False,0,False
125,pilot_126,bfa64f8722e0fa28,deterministic_text,DoS,DoS,5,SHORTEST_FLOW_PKT,532,532,True,True,True,8,-0.0193764967932,0.0193764967932,random_forest,DoS probability,False,0,False
125,pilot_126,bfa64f8722e0fa28,structured,DoS,DoS,1,FLOW_DURATION_MILLISECONDS,0,0,True,True,True,26,-0.0291610632382,0.0291610632382,logistic_regression,DoS log-odds,False,0,False
125,pilot_126,bfa64f8722e0fa28,structured,DoS,DoS,2,SHORTEST_FLOW_PKT,532,532,True,True,True,5,0.847249400096,0.847249400096,logistic_regression,DoS log-odds,True,0.847249400096,True
125,pilot_126,bfa64f8722e0fa28,structured,DoS,DoS,3,OUT_PKTS,0,0,True,True,True,39,-0.00450441721881,0.00450441721881,logistic_regression,DoS log-odds,False,0,False
125,pilot_126,bfa64f8722e0fa28,structured,DoS,DoS,4,L4_DST_PORT,520,520,True,True,True,33,0.00836650837089,0.00836650837089,logistic_regression,DoS log-odds,False,0,False
125,pilot_126,bfa64f8722e0fa28,structured,DoS,DoS,5,PROTOCOL,17,17,True,True,True,16,-0.11223939485,0.11223939485,logistic_regression,DoS log-odds,False,0,False
125,pilot_126,bfa64f8722e0fa28,structured,DoS,DoS,1,FLOW_DURATION_MILLISECONDS,0,0,True,True,True,19,0.00680874332359,0.00680874332359,random_forest,DoS probability,False,0,False
125,pilot_126,bfa64f8722e0fa28,structured,DoS,DoS,2,SHORTEST_FLOW_PKT,532,532,True,True,True,8,-0.0193764967932,0.0193764967932,random_forest,DoS probability,False,0,False
125,pilot_126,bfa64f8722e0fa28,structured,DoS,DoS,3,OUT_PKTS,0,0,True,True,True,6,0.0299188214299,0.0299188214299,random_forest,DoS probability,False,0,False
125,pilot_126,bfa64f8722e0fa28,structured,DoS,DoS,4,L4_DST_PORT,520,520,True,True,True,17,0.00791225663254,0.00791225663254,random_forest,DoS probability,False,0,False
125,pilot_126,bfa64f8722e0fa28,structured,DoS,DoS,5,PROTOCOL,17,17,True,True,True,37,0.00147035988742,0.00147035988742,random_forest,DoS probability,False,0,False
126,pilot_127,0627a37c42f4e2c6,deterministic_text,Benign,Benign,1,TCP_FLAGS,27,27,True,True,True,21,-0.064280133966,0.064280133966,logistic_regression,DoS log-odds,False,0,False
126,pilot_127,0627a37c42f4e2c6,deterministic_text,Benign,Benign,2,OUT_PKTS,86,86,True,True,True,12,-0.164244978306,0.164244978306,logistic_regression,DoS log-odds,False,0,False
126,pilot_127,0627a37c42f4e2c6,deterministic_text,Benign,Benign,3,NUM_PKTS_1024_TO_1514_BYTES,54,54,True,True,True,40,0.00402783493393,0.00402783493393,logistic_regression,DoS log-odds,False,0,False
126,pilot_127,0627a37c42f4e2c6,deterministic_text,Benign,Benign,4,FLOW_DURATION_MILLISECONDS,84,84,True,True,True,22,-0.0557733662002,0.0557733662002,logistic_regression,DoS log-odds,False,0,False
126,pilot_127,0627a37c42f4e2c6,deterministic_text,Benign,Benign,5,MIN_TTL,31,31,True,True,True,6,-0.775487015134,0.775487015134,logistic_regression,DoS log-odds,False,0,False
126,pilot_127,0627a37c42f4e2c6,deterministic_text,Benign,Benign,1,TCP_FLAGS,27,27,True,True,True,12,-0.0135608331652,0.0135608331652,random_forest,DoS probability,False,0,False
126,pilot_127,0627a37c42f4e2c6,deterministic_text,Benign,Benign,2,OUT_PKTS,86,86,True,True,True,7,-0.0203319303846,0.0203319303846,random_forest,DoS probability,False,0,False
126,pilot_127,0627a37c42f4e2c6,deterministic_text,Benign,Benign,3,NUM_PKTS_1024_TO_1514_BYTES,54,54,True,True,True,34,-0.00207725807071,0.00207725807071,random_forest,DoS probability,False,0,False
126,pilot_127,0627a37c42f4e2c6,deterministic_text,Benign,Benign,4,FLOW_DURATION_MILLISECONDS,84,84,True,True,True,16,-0.00850592997886,0.00850592997886,random_forest,DoS probability,False,0,False
126,pilot_127,0627a37c42f4e2c6,deterministic_text,Benign,Benign,5,MIN_TTL,31,31,True,True,True,1,-0.0569404512366,0.0569404512366,random_forest,DoS probability,True,0.0569404512366,True
126,pilot_127,0627a37c42f4e2c6,structured,Benign,DoS,1,RETRANSMITTED_OUT_PKTS,35,35,True,True,True,19,-0.0778337454594,0.0778337454594,logistic_regression,DoS log-odds,False,0,False
126,pilot_127,0627a37c42f4e2c6,structured,Benign,DoS,2,FLOW_DURATION_MILLISECONDS,84,84,True,True,True,22,-0.0557733662002,0.0557733662002,logistic_regression,DoS log-odds,False,0,False
126,pilot_127,0627a37c42f4e2c6,structured,Benign,DoS,3,DST_TO_SRC_AVG_THROUGHPUT,7411952,7411952,True,True,True,4,-0.792034374642,0.792034374642,logistic_regression,DoS log-odds,True,0.792034374642,True
126,pilot_127,0627a37c42f4e2c6,structured,Benign,DoS,4,SRC_TO_DST_IAT_AVG,0,0,True,True,True,30,-0.0173948175044,0.0173948175044,logistic_regression,DoS log-odds,False,0,False
126,pilot_127,0627a37c42f4e2c6,structured,Benign,DoS,5,TCP_FLAGS,27,27,True,True,True,21,-0.064280133966,0.064280133966,logistic_regression,DoS log-odds,False,0,False
126,pilot_127,0627a37c42f4e2c6,structured,Benign,DoS,1,RETRANSMITTED_OUT_PKTS,35,35,True,True,True,10,-0.0154329217426,0.0154329217426,random_forest,DoS probability,False,0,False
126,pilot_127,0627a37c42f4e2c6,structured,Benign,DoS,2,FLOW_DURATION_MILLISECONDS,84,84,True,True,True,16,-0.00850592997886,0.00850592997886,random_forest,DoS probability,False,0,False
126,pilot_127,0627a37c42f4e2c6,structured,Benign,DoS,3,DST_TO_SRC_AVG_THROUGHPUT,7411952,7411952,True,True,True,6,-0.0302092168208,0.0302092168208,random_forest,DoS probability,False,0,False
126,pilot_127,0627a37c42f4e2c6,structured,Benign,DoS,4,SRC_TO_DST_IAT_AVG,0,0,True,True,True,14,-0.0100474101613,0.0100474101613,random_forest,DoS probability,False,0,False
126,pilot_127,0627a37c42f4e2c6,structured,Benign,DoS,5,TCP_FLAGS,27,27,True,True,True,12,-0.0135608331652,0.0135608331652,random_forest,DoS probability,False,0,False
127,pilot_128,a991665a16d5aa18,deterministic_text,Benign,DoS,1,TCP_FLAGS,27,27,True,True,True,19,-0.064280133966,0.064280133966,logistic_regression,DoS log-odds,False,0,False
127,pilot_128,a991665a16d5aa18,deterministic_text,Benign,DoS,2,RETRANSMITTED_OUT_PKTS,17,17,True,True,True,29,-0.0238840013143,0.0238840013143,logistic_regression,DoS log-odds,False,0,False
127,pilot_128,a991665a16d5aa18,deterministic_text,Benign,DoS,3,DST_TO_SRC_AVG_THROUGHPUT,13562666,13562666,True,True,True,1,-1.62288843662,1.62288843662,logistic_regression,DoS log-odds,True,1.62288843662,True
127,pilot_128,a991665a16d5aa18,deterministic_text,Benign,DoS,4,FLOW_DURATION_MILLISECONDS,17,17,True,True,True,21,-0.063329453069,0.063329453069,logistic_regression,DoS log-odds,False,0,False
127,pilot_128,a991665a16d5aa18,deterministic_text,Benign,DoS,5,SRC_TO_DST_IAT_MIN,0,0,True,True,True,45,0,0,logistic_regression,DoS log-odds,False,0,False
127,pilot_128,a991665a16d5aa18,deterministic_text,Benign,DoS,1,TCP_FLAGS,27,27,True,True,True,12,-0.013539836667,0.013539836667,random_forest,DoS probability,False,0,False
127,pilot_128,a991665a16d5aa18,deterministic_text,Benign,DoS,2,RETRANSMITTED_OUT_PKTS,17,17,True,True,True,10,-0.0155888409524,0.0155888409524,random_forest,DoS probability,False,0,False
127,pilot_128,a991665a16d5aa18,deterministic_text,Benign,DoS,3,DST_TO_SRC_AVG_THROUGHPUT,13562666,13562666,True,True,True,6,-0.0300905870586,0.0300905870586,random_forest,DoS probability,False,0,False
127,pilot_128,a991665a16d5aa18,deterministic_text,Benign,DoS,4,FLOW_DURATION_MILLISECONDS,17,17,True,True,True,16,-0.00919795260341,0.00919795260341,random_forest,DoS probability,False,0,False
127,pilot_128,a991665a16d5aa18,deterministic_text,Benign,DoS,5,SRC_TO_DST_IAT_MIN,0,0,True,True,True,45,0,0,random_forest,DoS probability,False,0,False
127,pilot_128,a991665a16d5aa18,structured,Benign,Benign,1,TCP_FLAGS,27,27,True,True,True,19,-0.064280133966,0.064280133966,logistic_regression,DoS log-odds,False,0,False
127,pilot_128,a991665a16d5aa18,structured,Benign,Benign,2,L4_SRC_PORT,35355,35355,True,True,True,43,0,0,logistic_regression,DoS log-odds,False,0,False
127,pilot_128,a991665a16d5aa18,structured,Benign,Benign,3,FLOW_DURATION_MILLISECONDS,17,17,True,True,True,21,-0.063329453069,0.063329453069,logistic_regression,DoS log-odds,False,0,False
127,pilot_128,a991665a16d5aa18,structured,Benign,Benign,4,OUT_BYTES,30516,30516,True,True,True,38,-0.00250392362295,0.00250392362295,logistic_regression,DoS log-odds,False,0,False
127,pilot_128,a991665a16d5aa18,structured,Benign,Benign,5,RETRANSMITTED_OUT_PKTS,17,17,True,True,True,29,-0.0238840013143,0.0238840013143,logistic_regression,DoS log-odds,False,0,False
127,pilot_128,a991665a16d5aa18,structured,Benign,Benign,1,TCP_FLAGS,27,27,True,True,True,12,-0.013539836667,0.013539836667,random_forest,DoS probability,False,0,False
127,pilot_128,a991665a16d5aa18,structured,Benign,Benign,2,L4_SRC_PORT,35355,35355,True,True,True,38,-0.000861151882683,0.000861151882683,random_forest,DoS probability,False,0,False
127,pilot_128,a991665a16d5aa18,structured,Benign,Benign,3,FLOW_DURATION_MILLISECONDS,17,17,True,True,True,16,-0.00919795260341,0.00919795260341,random_forest,DoS probability,False,0,False
127,pilot_128,a991665a16d5aa18,structured,Benign,Benign,4,OUT_BYTES,30516,30516,True,True,True,8,-0.0195273845695,0.0195273845695,random_forest,DoS probability,False,0,False
127,pilot_128,a991665a16d5aa18,structured,Benign,Benign,5,RETRANSMITTED_OUT_PKTS,17,17,True,True,True,10,-0.0155888409524,0.0155888409524,random_forest,DoS probability,False,0,False
128,pilot_129,000fe41174e2dc85,deterministic_text,DoS,Benign,1,IN_PKTS,8,8,True,True,True,23,0.0390667972137,0.0390667972137,logistic_regression,DoS log-odds,False,0,False
128,pilot_129,000fe41174e2dc85,deterministic_text,DoS,Benign,2,IN_BYTES,320,320,True,True,True,42,-0.00237556104628,0.00237556104628,logistic_regression,DoS log-odds,False,0,False
128,pilot_129,000fe41174e2dc85,deterministic_text,DoS,Benign,3,FLOW_DURATION_MILLISECONDS,6258,6258,True,True,True,14,0.112196737996,0.112196737996,logistic_regression,DoS log-odds,False,0,False
128,pilot_129,000fe41174e2dc85,deterministic_text,DoS,Benign,4,OUT_PKTS,6,6,True,True,True,40,-0.00540256206701,0.00540256206701,logistic_regression,DoS log-odds,False,0,False
128,pilot_129,000fe41174e2dc85,deterministic_text,DoS,Benign,5,TCP_WIN_MAX_IN,16383,16383,True,True,True,28,-0.0244269140685,0.0244269140685,logistic_regression,DoS log-odds,False,0,False
128,pilot_129,000fe41174e2dc85,deterministic_text,DoS,Benign,1,IN_PKTS,8,8,True,True,True,26,0.00658944283308,0.00658944283308,random_forest,DoS probability,False,0,False
128,pilot_129,000fe41174e2dc85,deterministic_text,DoS,Benign,2,IN_BYTES,320,320,True,True,True,32,0.00300694909663,0.00300694909663,random_forest,DoS probability,False,0,False
128,pilot_129,000fe41174e2dc85,deterministic_text,DoS,Benign,3,FLOW_DURATION_MILLISECONDS,6258,6258,True,True,True,13,0.0111040468916,0.0111040468916,random_forest,DoS probability,False,0,False
128,pilot_129,000fe41174e2dc85,deterministic_text,DoS,Benign,4,OUT_PKTS,6,6,True,True,True,28,0.00447156009084,0.00447156009084,random_forest,DoS probability,False,0,False
128,pilot_129,000fe41174e2dc85,deterministic_text,DoS,Benign,5,TCP_WIN_MAX_IN,16383,16383,True,True,True,10,0.0125947531087,0.0125947531087,random_forest,DoS probability,False,0,False
128,pilot_129,000fe41174e2dc85,structured,DoS,Benign,1,TCP_FLAGS,19,19,True,True,True,13,0.11404186016,0.11404186016,logistic_regression,DoS log-odds,False,0,False
128,pilot_129,000fe41174e2dc85,structured,DoS,Benign,2,IN_BYTES,320,320,True,True,True,42,-0.00237556104628,0.00237556104628,logistic_regression,DoS log-odds,False,0,False
128,pilot_129,000fe41174e2dc85,structured,DoS,Benign,3,SRC_TO_DST_AVG_THROUGHPUT,409,409,True,True,True,15,0.11162107031,0.11162107031,logistic_regression,DoS log-odds,False,0,False
128,pilot_129,000fe41174e2dc85,structured,DoS,Benign,4,MAX_IP_PKT_LEN,40,40,True,True,True,10,0.160164207593,0.160164207593,logistic_regression,DoS log-odds,False,0,False
128,pilot_129,000fe41174e2dc85,structured,DoS,Benign,5,FLOW_DURATION_MILLISECONDS,6258,6258,True,True,True,14,0.112196737996,0.112196737996,logistic_regression,DoS log-odds,False,0,False
128,pilot_129,000fe41174e2dc85,structured,DoS,Benign,1,TCP_FLAGS,19,19,True,True,True,9,0.0173713363788,0.0173713363788,random_forest,DoS probability,False,0,False
128,pilot_129,000fe41174e2dc85,structured,DoS,Benign,2,IN_BYTES,320,320,True,True,True,32,0.00300694909663,0.00300694909663,random_forest,DoS probability,False,0,False
128,pilot_129,000fe41174e2dc85,structured,DoS,Benign,3,SRC_TO_DST_AVG_THROUGHPUT,409,409,True,True,True,15,0.0107935656906,0.0107935656906,random_forest,DoS probability,False,0,False
128,pilot_129,000fe41174e2dc85,structured,DoS,Benign,4,MAX_IP_PKT_LEN,40,40,True,True,True,24,0.00674681776474,0.00674681776474,random_forest,DoS probability,False,0,False
128,pilot_129,000fe41174e2dc85,structured,DoS,Benign,5,FLOW_DURATION_MILLISECONDS,6258,6258,True,True,True,13,0.0111040468916,0.0111040468916,random_forest,DoS probability,False,0,False
129,pilot_130,72811f87d8227dad,deterministic_text,DoS,Benign,1,IN_PKTS,4,4,True,True,True,20,0.0447492404447,0.0447492404447,logistic_regression,DoS log-odds,False,0,False
129,pilot_130,72811f87d8227dad,deterministic_text,DoS,Benign,2,IN_BYTES,160,160,True,True,True,42,-0.00242142403039,0.00242142403039,logistic_regression,DoS log-odds,False,0,False
129,pilot_130,72811f87d8227dad,deterministic_text,DoS,Benign,3,L4_DST_PORT,8089,8089,True,True,True,30,0.0137260590613,0.0137260590613,logistic_regression,DoS log-odds,False,0,False
129,pilot_130,72811f87d8227dad,deterministic_text,DoS,Benign,4,FLOW_DURATION_MILLISECONDS,141,141,True,True,True,25,-0.0216046474408,0.0216046474408,logistic_regression,DoS log-odds,False,0,False
129,pilot_130,72811f87d8227dad,deterministic_text,DoS,Benign,5,RETRANSMITTED_IN_PKTS,1,1,True,True,True,24,0.0248933512172,0.0248933512172,logistic_regression,DoS log-odds,False,0,False
129,pilot_130,72811f87d8227dad,deterministic_text,DoS,Benign,1,IN_PKTS,4,4,True,True,True,22,0.0080575861706,0.0080575861706,random_forest,DoS probability,False,0,False
129,pilot_130,72811f87d8227dad,deterministic_text,DoS,Benign,2,IN_BYTES,160,160,True,True,True,28,0.00474128621865,0.00474128621865,random_forest,DoS probability,False,0,False
129,pilot_130,72811f87d8227dad,deterministic_text,DoS,Benign,3,L4_DST_PORT,8089,8089,True,True,True,31,0.00300448425042,0.00300448425042,random_forest,DoS probability,False,0,False
129,pilot_130,72811f87d8227dad,deterministic_text,DoS,Benign,4,FLOW_DURATION_MILLISECONDS,141,141,True,True,True,37,0.00157349735907,0.00157349735907,random_forest,DoS probability,False,0,False
129,pilot_130,72811f87d8227dad,deterministic_text,DoS,Benign,5,RETRANSMITTED_IN_PKTS,1,1,True,True,True,26,0.00589865575339,0.00589865575339,random_forest,DoS probability,False,0,False
129,pilot_130,72811f87d8227dad,structured,DoS,Benign,1,IN_PKTS,4,4,True,True,True,20,0.0447492404447,0.0447492404447,logistic_regression,DoS log-odds,False,0,False
129,pilot_130,72811f87d8227dad,structured,DoS,Benign,2,L4_DST_PORT,8089,8089,True,True,True,30,0.0137260590613,0.0137260590613,logistic_regression,DoS log-odds,False,0,False
129,pilot_130,72811f87d8227dad,structured,DoS,Benign,3,LONGEST_FLOW_PKT,40,40,True,True,True,11,0.160164207593,0.160164207593,logistic_regression,DoS log-odds,False,0,False
129,pilot_130,72811f87d8227dad,structured,DoS,Benign,4,TCP_FLAGS,18,18,True,True,True,8,0.236670308556,0.236670308556,logistic_regression,DoS log-odds,False,0,False
129,pilot_130,72811f87d8227dad,structured,DoS,Benign,5,FLOW_DURATION_MILLISECONDS,141,141,True,True,True,25,-0.0216046474408,0.0216046474408,logistic_regression,DoS log-odds,False,0,False
129,pilot_130,72811f87d8227dad,structured,DoS,Benign,1,IN_PKTS,4,4,True,True,True,22,0.0080575861706,0.0080575861706,random_forest,DoS probability,False,0,False
129,pilot_130,72811f87d8227dad,structured,DoS,Benign,2,L4_DST_PORT,8089,8089,True,True,True,31,0.00300448425042,0.00300448425042,random_forest,DoS probability,False,0,False
129,pilot_130,72811f87d8227dad,structured,DoS,Benign,3,LONGEST_FLOW_PKT,40,40,True,True,True,13,0.0118232892679,0.0118232892679,random_forest,DoS probability,False,0,False
129,pilot_130,72811f87d8227dad,structured,DoS,Benign,4,TCP_FLAGS,18,18,True,True,True,20,0.00884912569492,0.00884912569492,random_forest,DoS probability,False,0,False
129,pilot_130,72811f87d8227dad,structured,DoS,Benign,5,FLOW_DURATION_MILLISECONDS,141,141,True,True,True,37,0.00157349735907,0.00157349735907,random_forest,DoS probability,False,0,False
130,pilot_131,bcc39202dc44f4e9,deterministic_text,Benign,Benign,1,IN_PKTS,4,4,True,True,True,11,0.147448510783,0.147448510783,logistic_regression,DoS log-odds,False,0,False
130,pilot_131,bcc39202dc44f4e9,deterministic_text,Benign,Benign,2,IN_BYTES,528,528,True,True,True,41,-0.00132911621784,0.00132911621784,logistic_regression,DoS log-odds,False,0,False
130,pilot_131,bcc39202dc44f4e9,deterministic_text,Benign,Benign,3,FLOW_DURATION_MILLISECONDS,1,1,True,True,True,18,-0.0651338917243,0.0651338917243,logistic_regression,DoS log-odds,False,0,False
130,pilot_131,bcc39202dc44f4e9,deterministic_text,Benign,Benign,4,OUT_PKTS,4,4,True,True,True,19,0.0651210797436,0.0651210797436,logistic_regression,DoS log-odds,False,0,False
130,pilot_131,bcc39202dc44f4e9,deterministic_text,Benign,Benign,5,PROTOCOL,17,17,True,True,True,23,-0.060204594075,0.060204594075,logistic_regression,DoS log-odds,False,0,False
130,pilot_131,bcc39202dc44f4e9,deterministic_text,Benign,Benign,1,IN_PKTS,4,4,True,True,True,28,0.00236655163269,0.00236655163269,random_forest,DoS probability,False,0,False
130,pilot_131,bcc39202dc44f4e9,deterministic_text,Benign,Benign,2,IN_BYTES,528,528,True,True,True,25,-0.00500687319481,0.00500687319481,random_forest,DoS probability,False,0,False
130,pilot_131,bcc39202dc44f4e9,deterministic_text,Benign,Benign,3,FLOW_DURATION_MILLISECONDS,1,1,True,True,True,6,-0.0181219287723,0.0181219287723,random_forest,DoS probability,False,0,False
130,pilot_131,bcc39202dc44f4e9,deterministic_text,Benign,Benign,4,OUT_PKTS,4,4,True,True,True,16,-0.00865966818928,0.00865966818928,random_forest,DoS probability,False,0,False
130,pilot_131,bcc39202dc44f4e9,deterministic_text,Benign,Benign,5,PROTOCOL,17,17,True,True,True,44,-2.7336484968e-05,2.7336484968e-05,random_forest,DoS probability,False,0,False
130,pilot_131,bcc39202dc44f4e9,structured,Benign,Benign,1,OUT_PKTS,4,4,True,True,True,19,0.0651210797436,0.0651210797436,logistic_regression,DoS log-odds,False,0,False
130,pilot_131,bcc39202dc44f4e9,structured,Benign,Benign,2,IN_PKTS,4,4,True,True,True,11,0.147448510783,0.147448510783,logistic_regression,DoS log-odds,False,0,False
130,pilot_131,bcc39202dc44f4e9,structured,Benign,Benign,3,IN_BYTES,528,528,True,True,True,41,-0.00132911621784,0.00132911621784,logistic_regression,DoS log-odds,False,0,False
130,pilot_131,bcc39202dc44f4e9,structured,Benign,Benign,4,FLOW_DURATION_MILLISECONDS,1,1,True,True,True,18,-0.0651338917243,0.0651338917243,logistic_regression,DoS log-odds,False,0,False
130,pilot_131,bcc39202dc44f4e9,structured,Benign,Benign,5,RETRANSMITTED_IN_PKTS,0,0,True,True,True,15,0.105035729166,0.105035729166,logistic_regression,DoS log-odds,False,0,False
130,pilot_131,bcc39202dc44f4e9,structured,Benign,Benign,1,OUT_PKTS,4,4,True,True,True,16,-0.00865966818928,0.00865966818928,random_forest,DoS probability,False,0,False
130,pilot_131,bcc39202dc44f4e9,structured,Benign,Benign,2,IN_PKTS,4,4,True,True,True,28,0.00236655163269,0.00236655163269,random_forest,DoS probability,False,0,False
130,pilot_131,bcc39202dc44f4e9,structured,Benign,Benign,3,IN_BYTES,528,528,True,True,True,25,-0.00500687319481,0.00500687319481,random_forest,DoS probability,False,0,False
130,pilot_131,bcc39202dc44f4e9,structured,Benign,Benign,4,FLOW_DURATION_MILLISECONDS,1,1,True,True,True,6,-0.0181219287723,0.0181219287723,random_forest,DoS probability,False,0,False
130,pilot_131,bcc39202dc44f4e9,structured,Benign,Benign,5,RETRANSMITTED_IN_PKTS,0,0,True,True,True,27,0.00405525146298,0.00405525146298,random_forest,DoS probability,False,0,False
131,pilot_132,210ab4bc758d413d,deterministic_text,DoS,Benign,1,IN_PKTS,2,2,True,True,True,22,0.0573313266097,0.0573313266097,logistic_regression,DoS log-odds,False,0,False
131,pilot_132,210ab4bc758d413d,deterministic_text,DoS,Benign,2,IN_BYTES,170,170,True,True,True,38,-0.00681629959187,0.00681629959187,logistic_regression,DoS log-odds,False,0,False
131,pilot_132,210ab4bc758d413d,deterministic_text,DoS,Benign,3,FLOW_DURATION_MILLISECONDS,0,0,True,True,True,27,-0.0236801658043,0.0236801658043,logistic_regression,DoS log-odds,False,0,False
131,pilot_132,210ab4bc758d413d,deterministic_text,DoS,Benign,4,PROTOCOL,17,17,True,True,True,14,-0.0903961237584,0.0903961237584,logistic_regression,DoS log-odds,False,0,False
131,pilot_132,210ab4bc758d413d,deterministic_text,DoS,Benign,5,RETRANSMITTED_IN_PKTS,0,0,True,True,True,24,0.0389908958855,0.0389908958855,logistic_regression,DoS log-odds,False,0,False
131,pilot_132,210ab4bc758d413d,deterministic_text,DoS,Benign,1,IN_PKTS,2,2,True,True,True,9,0.0214820974203,0.0214820974203,random_forest,DoS probability,False,0,False
131,pilot_132,210ab4bc758d413d,deterministic_text,DoS,Benign,2,IN_BYTES,170,170,True,True,True,42,-0.000329775774068,0.000329775774068,random_forest,DoS probability,False,0,False
131,pilot_132,210ab4bc758d413d,deterministic_text,DoS,Benign,3,FLOW_DURATION_MILLISECONDS,0,0,True,True,True,28,0.00394014690447,0.00394014690447,random_forest,DoS probability,False,0,False
131,pilot_132,210ab4bc758d413d,deterministic_text,DoS,Benign,4,PROTOCOL,17,17,True,True,True,27,0.0041797328206,0.0041797328206,random_forest,DoS probability,False,0,False
131,pilot_132,210ab4bc758d413d,deterministic_text,DoS,Benign,5,RETRANSMITTED_IN_PKTS,0,0,True,True,True,14,0.010157795009,0.010157795009,random_forest,DoS probability,False,0,False
131,pilot_132,210ab4bc758d413d,structured,DoS,Benign,1,IN_PKTS,2,2,True,True,True,22,0.0573313266097,0.0573313266097,logistic_regression,DoS log-odds,False,0,False
131,pilot_132,210ab4bc758d413d,structured,DoS,Benign,2,IN_BYTES,170,170,True,True,True,38,-0.00681629959187,0.00681629959187,logistic_regression,DoS log-odds,False,0,False
131,pilot_132,210ab4bc758d413d,structured,DoS,Benign,3,FLOW_DURATION_MILLISECONDS,0,0,True,True,True,27,-0.0236801658043,0.0236801658043,logistic_regression,DoS log-odds,False,0,False
131,pilot_132,210ab4bc758d413d,structured,DoS,Benign,4,RETRANSMITTED_IN_PKTS,0,0,True,True,True,24,0.0389908958855,0.0389908958855,logistic_regression,DoS log-odds,False,0,False
131,pilot_132,210ab4bc758d413d,structured,DoS,Benign,5,L4_SRC_PORT,19703,19703,True,True,True,44,0,0,logistic_regression,DoS log-odds,False,0,False
131,pilot_132,210ab4bc758d413d,structured,DoS,Benign,1,IN_PKTS,2,2,True,True,True,9,0.0214820974203,0.0214820974203,random_forest,DoS probability,False,0,False
131,pilot_132,210ab4bc758d413d,structured,DoS,Benign,2,IN_BYTES,170,170,True,True,True,42,-0.000329775774068,0.000329775774068,random_forest,DoS probability,False,0,False
131,pilot_132,210ab4bc758d413d,structured,DoS,Benign,3,FLOW_DURATION_MILLISECONDS,0,0,True,True,True,28,0.00394014690447,0.00394014690447,random_forest,DoS probability,False,0,False
131,pilot_132,210ab4bc758d413d,structured,DoS,Benign,4,RETRANSMITTED_IN_PKTS,0,0,True,True,True,14,0.010157795009,0.010157795009,random_forest,DoS probability,False,0,False
131,pilot_132,210ab4bc758d413d,structured,DoS,Benign,5,L4_SRC_PORT,19703,19703,True,True,True,35,0.00246033073936,0.00246033073936,random_forest,DoS probability,False,0,False
132,pilot_133,804334820ba41ca8,deterministic_text,Benign,Benign,1,FTP_COMMAND_RET_CODE,230,230,True,True,True,16,-0.097345472157,0.097345472157,logistic_regression,DoS log-odds,False,0,False
132,pilot_133,804334820ba41ca8,deterministic_text,Benign,Benign,2,L4_DST_PORT,21,21,True,True,True,9,-0.159436306935,0.159436306935,logistic_regression,DoS log-odds,False,0,False
132,pilot_133,804334820ba41ca8,deterministic_text,Benign,Benign,3,IN_PKTS,5,5,True,True,True,20,0.0540565615881,0.0540565615881,logistic_regression,DoS log-odds,False,0,False
132,pilot_133,804334820ba41ca8,deterministic_text,Benign,Benign,4,FLOW_DURATION_MILLISECONDS,78,78,True,True,True,24,-0.0270564966701,0.0270564966701,logistic_regression,DoS log-odds,False,0,False
132,pilot_133,804334820ba41ca8,deterministic_text,Benign,Benign,5,TCP_FLAGS,24,24,True,True,True,21,-0.0344431494959,0.0344431494959,logistic_regression,DoS log-odds,False,0,False
132,pilot_133,804334820ba41ca8,deterministic_text,Benign,Benign,1,FTP_COMMAND_RET_CODE,230,230,True,True,True,23,-0.00535528961577,0.00535528961577,random_forest,DoS probability,False,0,False
132,pilot_133,804334820ba41ca8,deterministic_text,Benign,Benign,2,L4_DST_PORT,21,21,True,True,True,24,-0.0049727530528,0.0049727530528,random_forest,DoS probability,False,0,False
132,pilot_133,804334820ba41ca8,deterministic_text,Benign,Benign,3,IN_PKTS,5,5,True,True,True,25,0.00488076576668,0.00488076576668,random_forest,DoS probability,False,0,False
132,pilot_133,804334820ba41ca8,deterministic_text,Benign,Benign,4,FLOW_DURATION_MILLISECONDS,78,78,True,True,True,7,-0.0159989976805,0.0159989976805,random_forest,DoS probability,False,0,False
132,pilot_133,804334820ba41ca8,deterministic_text,Benign,Benign,5,TCP_FLAGS,24,24,True,True,True,18,-0.00733277078237,0.00733277078237,random_forest,DoS probability,False,0,False
132,pilot_133,804334820ba41ca8,structured,Benign,Benign,1,IN_PKTS,5,5,True,True,True,20,0.0540565615881,0.0540565615881,logistic_regression,DoS log-odds,False,0,False
132,pilot_133,804334820ba41ca8,structured,Benign,Benign,2,L4_DST_PORT,21,21,True,True,True,9,-0.159436306935,0.159436306935,logistic_regression,DoS log-odds,False,0,False
132,pilot_133,804334820ba41ca8,structured,Benign,Benign,3,FTP_COMMAND_RET_CODE,230,230,True,True,True,16,-0.097345472157,0.097345472157,logistic_regression,DoS log-odds,False,0,False
132,pilot_133,804334820ba41ca8,structured,Benign,Benign,4,FLOW_DURATION_MILLISECONDS,78,78,True,True,True,24,-0.0270564966701,0.0270564966701,logistic_regression,DoS log-odds,False,0,False
132,pilot_133,804334820ba41ca8,structured,Benign,Benign,5,MAX_TTL,32,32,True,True,True,4,-0.722143631566,0.722143631566,logistic_regression,DoS log-odds,True,0.722143631566,True
132,pilot_133,804334820ba41ca8,structured,Benign,Benign,1,IN_PKTS,5,5,True,True,True,25,0.00488076576668,0.00488076576668,random_forest,DoS probability,False,0,False
132,pilot_133,804334820ba41ca8,structured,Benign,Benign,2,L4_DST_PORT,21,21,True,True,True,24,-0.0049727530528,0.0049727530528,random_forest,DoS probability,False,0,False
132,pilot_133,804334820ba41ca8,structured,Benign,Benign,3,FTP_COMMAND_RET_CODE,230,230,True,True,True,23,-0.00535528961577,0.00535528961577,random_forest,DoS probability,False,0,False
132,pilot_133,804334820ba41ca8,structured,Benign,Benign,4,FLOW_DURATION_MILLISECONDS,78,78,True,True,True,7,-0.0159989976805,0.0159989976805,random_forest,DoS probability,False,0,False
132,pilot_133,804334820ba41ca8,structured,Benign,Benign,5,MAX_TTL,32,32,True,True,True,2,-0.0701326609575,0.0701326609575,random_forest,DoS probability,True,0.0701326609575,True
133,pilot_134,d32a9fe0fa4e8c1a,deterministic_text,Benign,DoS,1,RETRANSMITTED_OUT_PKTS,11,11,True,True,True,36,-0.00540850826622,0.00540850826622,logistic_regression,DoS log-odds,False,0,False
133,pilot_134,d32a9fe0fa4e8c1a,deterministic_text,Benign,DoS,2,RETRANSMITTED_OUT_BYTES,8313,8313,True,True,True,34,-0.00673737723435,0.00673737723435,logistic_regression,DoS log-odds,False,0,False
133,pilot_134,d32a9fe0fa4e8c1a,deterministic_text,Benign,DoS,3,FLOW_DURATION_MILLISECONDS,12,12,True,True,True,21,-0.0280392824932,0.0280392824932,logistic_regression,DoS log-odds,False,0,False
133,pilot_134,d32a9fe0fa4e8c1a,deterministic_text,Benign,DoS,4,SRC_TO_DST_IAT_MAX,1,1,True,True,True,38,0.00346053931535,0.00346053931535,logistic_regression,DoS log-odds,False,0,False
133,pilot_134,d32a9fe0fa4e8c1a,deterministic_text,Benign,DoS,5,OUT_PKTS,38,38,True,True,True,37,-0.00351354761135,0.00351354761135,logistic_regression,DoS log-odds,False,0,False
133,pilot_134,d32a9fe0fa4e8c1a,deterministic_text,Benign,DoS,1,RETRANSMITTED_OUT_PKTS,11,11,True,True,True,13,-0.0126264566048,0.0126264566048,random_forest,DoS probability,False,0,False
133,pilot_134,d32a9fe0fa4e8c1a,deterministic_text,Benign,DoS,2,RETRANSMITTED_OUT_BYTES,8313,8313,True,True,True,18,-0.00969173628943,0.00969173628943,random_forest,DoS probability,False,0,False
133,pilot_134,d32a9fe0fa4e8c1a,deterministic_text,Benign,DoS,3,FLOW_DURATION_MILLISECONDS,12,12,True,True,True,15,-0.0113402914471,0.0113402914471,random_forest,DoS probability,False,0,False
133,pilot_134,d32a9fe0fa4e8c1a,deterministic_text,Benign,DoS,4,SRC_TO_DST_IAT_MAX,1,1,True,True,True,11,-0.0136272308558,0.0136272308558,random_forest,DoS probability,False,0,False
133,pilot_134,d32a9fe0fa4e8c1a,deterministic_text,Benign,DoS,5,OUT_PKTS,38,38,True,True,True,8,-0.0171411770204,0.0171411770204,random_forest,DoS probability,False,0,False
133,pilot_134,d32a9fe0fa4e8c1a,structured,Benign,Benign,1,IN_PKTS,36,36,True,True,True,42,9.79797716076e-05,9.79797716076e-05,logistic_regression,DoS log-odds,False,0,False
133,pilot_134,d32a9fe0fa4e8c1a,structured,Benign,Benign,2,OUT_PKTS,38,38,True,True,True,37,-0.00351354761135,0.00351354761135,logistic_regression,DoS log-odds,False,0,False
133,pilot_134,d32a9fe0fa4e8c1a,structured,Benign,Benign,3,TCP_FLAGS,27,27,True,True,True,16,-0.063417026278,0.063417026278,logistic_regression,DoS log-odds,False,0,False
133,pilot_134,d32a9fe0fa4e8c1a,structured,Benign,Benign,4,FLOW_DURATION_MILLISECONDS,12,12,True,True,True,21,-0.0280392824932,0.0280392824932,logistic_regression,DoS log-odds,False,0,False
133,pilot_134,d32a9fe0fa4e8c1a,structured,Benign,Benign,5,TCP_WIN_MAX_IN,21720,21720,True,True,True,11,0.132460428416,0.132460428416,logistic_regression,DoS log-odds,False,0,False
133,pilot_134,d32a9fe0fa4e8c1a,structured,Benign,Benign,1,IN_PKTS,36,36,True,True,True,20,-0.00788728092831,0.00788728092831,random_forest,DoS probability,False,0,False
133,pilot_134,d32a9fe0fa4e8c1a,structured,Benign,Benign,2,OUT_PKTS,38,38,True,True,True,8,-0.0171411770204,0.0171411770204,random_forest,DoS probability,False,0,False
133,pilot_134,d32a9fe0fa4e8c1a,structured,Benign,Benign,3,TCP_FLAGS,27,27,True,True,True,12,-0.0131816098679,0.0131816098679,random_forest,DoS probability,False,0,False
133,pilot_134,d32a9fe0fa4e8c1a,structured,Benign,Benign,4,FLOW_DURATION_MILLISECONDS,12,12,True,True,True,15,-0.0113402914471,0.0113402914471,random_forest,DoS probability,False,0,False
133,pilot_134,d32a9fe0fa4e8c1a,structured,Benign,Benign,5,TCP_WIN_MAX_IN,21720,21720,True,True,True,26,0.00489023463809,0.00489023463809,random_forest,DoS probability,False,0,False
134,pilot_135,980c48a3990ed387,deterministic_text,Benign,DoS,1,RETRANSMITTED_IN_PKTS,18,18,True,True,True,15,-0.0665483711729,0.0665483711729,logistic_regression,DoS log-odds,False,0,False
134,pilot_135,980c48a3990ed387,deterministic_text,Benign,DoS,2,FLOW_DURATION_MILLISECONDS,43,43,True,True,True,24,-0.0227753940208,0.0227753940208,logistic_regression,DoS log-odds,False,0,False
134,pilot_135,980c48a3990ed387,deterministic_text,Benign,DoS,3,ICMP_TYPE,9984,9984,True,True,True,43,0,0,logistic_regression,DoS log-odds,False,0,False
134,pilot_135,980c48a3990ed387,deterministic_text,Benign,DoS,4,SRC_TO_DST_IAT_AVG,0,0,True,True,True,28,-0.019433224826,0.019433224826,logistic_regression,DoS log-odds,False,0,False
134,pilot_135,980c48a3990ed387,deterministic_text,Benign,DoS,5,L4_DST_PORT,25,25,True,True,True,14,-0.089659967377,0.089659967377,logistic_regression,DoS log-odds,False,0,False
134,pilot_135,980c48a3990ed387,deterministic_text,Benign,DoS,1,RETRANSMITTED_IN_PKTS,18,18,True,True,True,16,-0.00925989147766,0.00925989147766,random_forest,DoS probability,False,0,False
134,pilot_135,980c48a3990ed387,deterministic_text,Benign,DoS,2,FLOW_DURATION_MILLISECONDS,43,43,True,True,True,22,-0.00673895853591,0.00673895853591,random_forest,DoS probability,False,0,False
134,pilot_135,980c48a3990ed387,deterministic_text,Benign,DoS,3,ICMP_TYPE,9984,9984,True,True,True,34,-0.00129368700689,0.00129368700689,random_forest,DoS probability,False,0,False
134,pilot_135,980c48a3990ed387,deterministic_text,Benign,DoS,4,SRC_TO_DST_IAT_AVG,0,0,True,True,True,14,-0.0118156981101,0.0118156981101,random_forest,DoS probability,False,0,False
134,pilot_135,980c48a3990ed387,deterministic_text,Benign,DoS,5,L4_DST_PORT,25,25,True,True,True,31,-0.00357180794976,0.00357180794976,random_forest,DoS probability,False,0,False
134,pilot_135,980c48a3990ed387,structured,Benign,DoS,1,RETRANSMITTED_IN_PKTS,18,18,True,True,True,15,-0.0665483711729,0.0665483711729,logistic_regression,DoS log-odds,False,0,False
134,pilot_135,980c48a3990ed387,structured,Benign,DoS,2,RETRANSMITTED_IN_BYTES,18215,18215,True,True,True,21,0.02921956502,0.02921956502,logistic_regression,DoS log-odds,False,0,False
134,pilot_135,980c48a3990ed387,structured,Benign,DoS,3,RETRANSMITTED_OUT_PKTS,7,7,True,True,True,36,-0.00627463802997,0.00627463802997,logistic_regression,DoS log-odds,False,0,False
134,pilot_135,980c48a3990ed387,structured,Benign,DoS,4,FLOW_DURATION_MILLISECONDS,43,43,True,True,True,24,-0.0227753940208,0.0227753940208,logistic_regression,DoS log-odds,False,0,False
134,pilot_135,980c48a3990ed387,structured,Benign,DoS,5,SRC_TO_DST_IAT_MAX,11,11,True,True,True,39,-0.00325461017548,0.00325461017548,logistic_regression,DoS log-odds,False,0,False
134,pilot_135,980c48a3990ed387,structured,Benign,DoS,1,RETRANSMITTED_IN_PKTS,18,18,True,True,True,16,-0.00925989147766,0.00925989147766,random_forest,DoS probability,False,0,False
134,pilot_135,980c48a3990ed387,structured,Benign,DoS,2,RETRANSMITTED_IN_BYTES,18215,18215,True,True,True,23,-0.00625583927812,0.00625583927812,random_forest,DoS probability,False,0,False
134,pilot_135,980c48a3990ed387,structured,Benign,DoS,3,RETRANSMITTED_OUT_PKTS,7,7,True,True,True,9,-0.0186371752913,0.0186371752913,random_forest,DoS probability,False,0,False
134,pilot_135,980c48a3990ed387,structured,Benign,DoS,4,FLOW_DURATION_MILLISECONDS,43,43,True,True,True,22,-0.00673895853591,0.00673895853591,random_forest,DoS probability,False,0,False
134,pilot_135,980c48a3990ed387,structured,Benign,DoS,5,SRC_TO_DST_IAT_MAX,11,11,True,True,True,18,-0.00923150321841,0.00923150321841,random_forest,DoS probability,False,0,False
135,pilot_136,fd8900d148ce36e4,deterministic_text,Benign,DoS,1,RETRANSMITTED_OUT_PKTS,9,9,True,True,True,36,-0.00575949643195,0.00575949643195,logistic_regression,DoS log-odds,False,0,False
135,pilot_136,fd8900d148ce36e4,deterministic_text,Benign,DoS,2,RETRANSMITTED_IN_PKTS,7,7,True,True,True,41,-0.00295378678972,0.00295378678972,logistic_regression,DoS log-odds,False,0,False
135,pilot_136,fd8900d148ce36e4,deterministic_text,Benign,DoS,3,FLOW_DURATION_MILLISECONDS,8,8,True,True,True,21,-0.0281362130451,0.0281362130451,logistic_regression,DoS log-odds,False,0,False
135,pilot_136,fd8900d148ce36e4,deterministic_text,Benign,DoS,4,NUM_PKTS_UP_TO_128_BYTES,58,58,True,True,True,25,-0.0198045189836,0.0198045189836,logistic_regression,DoS log-odds,False,0,False
135,pilot_136,fd8900d148ce36e4,deterministic_text,Benign,DoS,5,L7_PROTO,36,36,True,True,True,7,-0.205385010877,0.205385010877,logistic_regression,DoS log-odds,False,0,False
135,pilot_136,fd8900d148ce36e4,deterministic_text,Benign,DoS,1,RETRANSMITTED_OUT_PKTS,9,9,True,True,True,14,-0.0118177110585,0.0118177110585,random_forest,DoS probability,False,0,False
135,pilot_136,fd8900d148ce36e4,deterministic_text,Benign,DoS,2,RETRANSMITTED_IN_PKTS,7,7,True,True,True,23,-0.00639236763562,0.00639236763562,random_forest,DoS probability,False,0,False
135,pilot_136,fd8900d148ce36e4,deterministic_text,Benign,DoS,3,FLOW_DURATION_MILLISECONDS,8,8,True,True,True,15,-0.0114430493039,0.0114430493039,random_forest,DoS probability,False,0,False
135,pilot_136,fd8900d148ce36e4,deterministic_text,Benign,DoS,4,NUM_PKTS_UP_TO_128_BYTES,58,58,True,True,True,9,-0.0162384809548,0.0162384809548,random_forest,DoS probability,False,0,False
135,pilot_136,fd8900d148ce36e4,deterministic_text,Benign,DoS,5,L7_PROTO,36,36,True,True,True,22,-0.00642102271735,0.00642102271735,random_forest,DoS probability,False,0,False
135,pilot_136,fd8900d148ce36e4,structured,Benign,DoS,1,TCP_FLAGS,27,27,True,True,True,15,-0.063417026278,0.063417026278,logistic_regression,DoS log-odds,False,0,False
135,pilot_136,fd8900d148ce36e4,structured,Benign,DoS,2,RETRANSMITTED_OUT_BYTES,5750,5750,True,True,True,34,-0.00712321082283,0.00712321082283,logistic_regression,DoS log-odds,False,0,False
135,pilot_136,fd8900d148ce36e4,structured,Benign,DoS,3,DST_TO_SRC_AVG_THROUGHPUT,10968888,10968888,True,True,True,1,-1.45290345471,1.45290345471,logistic_regression,DoS log-odds,True,1.45290345471,True
135,pilot_136,fd8900d148ce36e4,structured,Benign,DoS,4,FLOW_DURATION_MILLISECONDS,8,8,True,True,True,21,-0.0281362130451,0.0281362130451,logistic_regression,DoS log-odds,False,0,False
135,pilot_136,fd8900d148ce36e4,structured,Benign,DoS,5,RETRANSMITTED_IN_PKTS,7,7,True,True,True,41,-0.00295378678972,0.00295378678972,logistic_regression,DoS log-odds,False,0,False
135,pilot_136,fd8900d148ce36e4,structured,Benign,DoS,1,TCP_FLAGS,27,27,True,True,True,12,-0.0133340372964,0.0133340372964,random_forest,DoS probability,False,0,False
135,pilot_136,fd8900d148ce36e4,structured,Benign,DoS,2,RETRANSMITTED_OUT_BYTES,5750,5750,True,True,True,18,-0.00961183124918,0.00961183124918,random_forest,DoS probability,False,0,False
135,pilot_136,fd8900d148ce36e4,structured,Benign,DoS,3,DST_TO_SRC_AVG_THROUGHPUT,10968888,10968888,True,True,True,6,-0.0283498578448,0.0283498578448,random_forest,DoS probability,False,0,False
135,pilot_136,fd8900d148ce36e4,structured,Benign,DoS,4,FLOW_DURATION_MILLISECONDS,8,8,True,True,True,15,-0.0114430493039,0.0114430493039,random_forest,DoS probability,False,0,False
135,pilot_136,fd8900d148ce36e4,structured,Benign,DoS,5,RETRANSMITTED_IN_PKTS,7,7,True,True,True,23,-0.00639236763562,0.00639236763562,random_forest,DoS probability,False,0,False
136,pilot_137,97c66738c3abb0bf,deterministic_text,DoS,DoS,1,RETRANSMITTED_IN_PKTS,53,53,True,True,True,6,-0.23661256056,0.23661256056,logistic_regression,DoS log-odds,False,0,False
136,pilot_137,97c66738c3abb0bf,deterministic_text,DoS,DoS,2,RETRANSMITTED_IN_BYTES,67683,67683,True,True,True,15,0.0810291286508,0.0810291286508,logistic_regression,DoS log-odds,False,0,False
136,pilot_137,97c66738c3abb0bf,deterministic_text,DoS,DoS,3,IN_PKTS,112,112,True,True,True,12,-0.108676726794,0.108676726794,logistic_regression,DoS log-odds,False,0,False
136,pilot_137,97c66738c3abb0bf,deterministic_text,DoS,DoS,4,SRC_TO_DST_AVG_THROUGHPUT,666856,666856,True,True,True,21,0.0231508879726,0.0231508879726,logistic_regression,DoS log-odds,False,0,False
136,pilot_137,97c66738c3abb0bf,deterministic_text,DoS,DoS,5,FLOW_DURATION_MILLISECONDS,1626,1626,True,True,True,32,0.0108777879643,0.0108777879643,logistic_regression,DoS log-odds,False,0,False
136,pilot_137,97c66738c3abb0bf,deterministic_text,DoS,DoS,1,RETRANSMITTED_IN_PKTS,53,53,True,True,True,26,-0.00383527360936,0.00383527360936,random_forest,DoS probability,False,0,False
136,pilot_137,97c66738c3abb0bf,deterministic_text,DoS,DoS,2,RETRANSMITTED_IN_BYTES,67683,67683,True,True,True,27,-0.00368938103481,0.00368938103481,random_forest,DoS probability,False,0,False
136,pilot_137,97c66738c3abb0bf,deterministic_text,DoS,DoS,3,IN_PKTS,112,112,True,True,True,11,-0.0124438913315,0.0124438913315,random_forest,DoS probability,False,0,False
136,pilot_137,97c66738c3abb0bf,deterministic_text,DoS,DoS,4,SRC_TO_DST_AVG_THROUGHPUT,666856,666856,True,True,True,23,-0.00589941167639,0.00589941167639,random_forest,DoS probability,False,0,False
136,pilot_137,97c66738c3abb0bf,deterministic_text,DoS,DoS,5,FLOW_DURATION_MILLISECONDS,1626,1626,True,True,True,20,0.0105293178627,0.0105293178627,random_forest,DoS probability,False,0,False
136,pilot_137,97c66738c3abb0bf,structured,DoS,DoS,1,RETRANSMITTED_IN_PKTS,53,53,True,True,True,6,-0.23661256056,0.23661256056,logistic_regression,DoS log-odds,False,0,False
136,pilot_137,97c66738c3abb0bf,structured,DoS,DoS,2,IN_BYTES,135622,135622,True,True,True,18,0.0364078981739,0.0364078981739,logistic_regression,DoS log-odds,False,0,False
136,pilot_137,97c66738c3abb0bf,structured,DoS,DoS,3,NUM_PKTS_1024_TO_1514_BYTES,88,88,True,True,True,41,0.00176106698273,0.00176106698273,logistic_regression,DoS log-odds,False,0,False
136,pilot_137,97c66738c3abb0bf,structured,DoS,DoS,4,TCP_FLAGS,19,19,True,True,True,11,0.11404186016,0.11404186016,logistic_regression,DoS log-odds,False,0,False
136,pilot_137,97c66738c3abb0bf,structured,DoS,DoS,5,SRC_TO_DST_IAT_AVG,14,14,True,True,True,28,-0.0152231897661,0.0152231897661,logistic_regression,DoS log-odds,False,0,False
136,pilot_137,97c66738c3abb0bf,structured,DoS,DoS,1,RETRANSMITTED_IN_PKTS,53,53,True,True,True,26,-0.00383527360936,0.00383527360936,random_forest,DoS probability,False,0,False
136,pilot_137,97c66738c3abb0bf,structured,DoS,DoS,2,IN_BYTES,135622,135622,True,True,True,32,-0.00254917133509,0.00254917133509,random_forest,DoS probability,False,0,False
136,pilot_137,97c66738c3abb0bf,structured,DoS,DoS,3,NUM_PKTS_1024_TO_1514_BYTES,88,88,True,True,True,40,0.000565148168391,0.000565148168391,random_forest,DoS probability,False,0,False
136,pilot_137,97c66738c3abb0bf,structured,DoS,DoS,4,TCP_FLAGS,19,19,True,True,True,7,0.0276881385737,0.0276881385737,random_forest,DoS probability,False,0,False
136,pilot_137,97c66738c3abb0bf,structured,DoS,DoS,5,SRC_TO_DST_IAT_AVG,14,14,True,True,True,30,-0.00330737220917,0.00330737220917,random_forest,DoS probability,False,0,False
137,pilot_138,3cea011882ed9a67,deterministic_text,Benign,Benign,1,IN_PKTS,2,2,True,True,True,11,0.162101778935,0.162101778935,logistic_regression,DoS log-odds,False,0,False
137,pilot_138,3cea011882ed9a67,deterministic_text,Benign,Benign,2,IN_BYTES,130,130,True,True,True,41,-0.00146046151397,0.00146046151397,logistic_regression,DoS log-odds,False,0,False
137,pilot_138,3cea011882ed9a67,deterministic_text,Benign,Benign,3,L4_DST_PORT,53,53,True,True,True,28,-0.0197108780029,0.0197108780029,logistic_regression,DoS log-odds,False,0,False
137,pilot_138,3cea011882ed9a67,deterministic_text,Benign,Benign,4,DNS_QUERY_TYPE,1,1,True,True,True,30,-0.0197108780029,0.0197108780029,logistic_regression,DoS log-odds,False,0,False
137,pilot_138,3cea011882ed9a67,deterministic_text,Benign,Benign,5,FLOW_DURATION_MILLISECONDS,0,0,True,True,True,18,-0.0652466691402,0.0652466691402,logistic_regression,DoS log-odds,False,0,False
137,pilot_138,3cea011882ed9a67,deterministic_text,Benign,Benign,1,IN_PKTS,2,2,True,True,True,18,0.00704871217306,0.00704871217306,random_forest,DoS probability,False,0,False
137,pilot_138,3cea011882ed9a67,deterministic_text,Benign,Benign,2,IN_BYTES,130,130,True,True,True,21,-0.00508559969711,0.00508559969711,random_forest,DoS probability,False,0,False
137,pilot_138,3cea011882ed9a67,deterministic_text,Benign,Benign,3,L4_DST_PORT,53,53,True,True,True,8,-0.0173496343848,0.0173496343848,random_forest,DoS probability,False,0,False
137,pilot_138,3cea011882ed9a67,deterministic_text,Benign,Benign,4,DNS_QUERY_TYPE,1,1,True,True,True,6,-0.0287799212098,0.0287799212098,random_forest,DoS probability,False,0,False
137,pilot_138,3cea011882ed9a67,deterministic_text,Benign,Benign,5,FLOW_DURATION_MILLISECONDS,0,0,True,True,True,26,-0.00384542358474,0.00384542358474,random_forest,DoS probability,False,0,False
137,pilot_138,3cea011882ed9a67,structured,Benign,Benign,1,L4_DST_PORT,53,53,True,True,True,28,-0.0197108780029,0.0197108780029,logistic_regression,DoS log-odds,False,0,False
137,pilot_138,3cea011882ed9a67,structured,Benign,Benign,2,DNS_QUERY_TYPE,1,1,True,True,True,30,-0.0197108780029,0.0197108780029,logistic_regression,DoS log-odds,False,0,False
137,pilot_138,3cea011882ed9a67,structured,Benign,Benign,3,DNS_TTL_ANSWER,60,60,True,True,True,6,-0.679983274561,0.679983274561,logistic_regression,DoS log-odds,False,0,False
137,pilot_138,3cea011882ed9a67,structured,Benign,Benign,4,IN_PKTS,2,2,True,True,True,11,0.162101778935,0.162101778935,logistic_regression,DoS log-odds,False,0,False
137,pilot_138,3cea011882ed9a67,structured,Benign,Benign,5,IN_BYTES,130,130,True,True,True,41,-0.00146046151397,0.00146046151397,logistic_regression,DoS log-odds,False,0,False
137,pilot_138,3cea011882ed9a67,structured,Benign,Benign,1,L4_DST_PORT,53,53,True,True,True,8,-0.0173496343848,0.0173496343848,random_forest,DoS probability,False,0,False
137,pilot_138,3cea011882ed9a67,structured,Benign,Benign,2,DNS_QUERY_TYPE,1,1,True,True,True,6,-0.0287799212098,0.0287799212098,random_forest,DoS probability,False,0,False
137,pilot_138,3cea011882ed9a67,structured,Benign,Benign,3,DNS_TTL_ANSWER,60,60,True,True,True,9,-0.0152831199011,0.0152831199011,random_forest,DoS probability,False,0,False
137,pilot_138,3cea011882ed9a67,structured,Benign,Benign,4,IN_PKTS,2,2,True,True,True,18,0.00704871217306,0.00704871217306,random_forest,DoS probability,False,0,False
137,pilot_138,3cea011882ed9a67,structured,Benign,Benign,5,IN_BYTES,130,130,True,True,True,21,-0.00508559969711,0.00508559969711,random_forest,DoS probability,False,0,False
138,pilot_139,a10edeb1d0f64f65,deterministic_text,Benign,DoS,1,RETRANSMITTED_OUT_PKTS,369,369,True,True,True,24,0.0574183733986,0.0574183733986,logistic_regression,DoS log-odds,False,0,False
138,pilot_139,a10edeb1d0f64f65,deterministic_text,Benign,DoS,2,RETRANSMITTED_OUT_BYTES,543733,543733,True,True,True,21,0.073864659421,0.073864659421,logistic_regression,DoS log-odds,False,0,False
138,pilot_139,a10edeb1d0f64f65,deterministic_text,Benign,DoS,3,DST_TO_SRC_AVG_THROUGHPUT,5532816,5532816,True,True,True,7,-0.600291165044,0.600291165044,logistic_regression,DoS log-odds,False,0,False
138,pilot_139,a10edeb1d0f64f65,deterministic_text,Benign,DoS,4,OUT_BYTES,1087890,1087890,True,True,True,22,0.0733706349269,0.0733706349269,logistic_regression,DoS log-odds,False,0,False
138,pilot_139,a10edeb1d0f64f65,deterministic_text,Benign,DoS,5,FLOW_DURATION_MILLISECONDS,1572,1572,True,True,True,36,0.0097636327482,0.0097636327482,logistic_regression,DoS log-odds,False,0,False
138,pilot_139,a10edeb1d0f64f65,deterministic_text,Benign,DoS,1,RETRANSMITTED_OUT_PKTS,369,369,True,True,True,14,-0.0119100789364,0.0119100789364,random_forest,DoS probability,False,0,False
138,pilot_139,a10edeb1d0f64f65,deterministic_text,Benign,DoS,2,RETRANSMITTED_OUT_BYTES,543733,543733,True,True,True,25,-0.00571635700424,0.00571635700424,random_forest,DoS probability,False,0,False
138,pilot_139,a10edeb1d0f64f65,deterministic_text,Benign,DoS,3,DST_TO_SRC_AVG_THROUGHPUT,5532816,5532816,True,True,True,6,-0.0240827366128,0.0240827366128,random_forest,DoS probability,False,0,False
138,pilot_139,a10edeb1d0f64f65,deterministic_text,Benign,DoS,4,OUT_BYTES,1087890,1087890,True,True,True,13,-0.0119517624803,0.0119517624803,random_forest,DoS probability,False,0,False
138,pilot_139,a10edeb1d0f64f65,deterministic_text,Benign,DoS,5,FLOW_DURATION_MILLISECONDS,1572,1572,True,True,True,20,0.00800608131486,0.00800608131486,random_forest,DoS probability,False,0,False
138,pilot_139,a10edeb1d0f64f65,structured,Benign,Benign,1,TCP_FLAGS,27,27,True,True,True,23,-0.063417026278,0.063417026278,logistic_regression,DoS log-odds,False,0,False
138,pilot_139,a10edeb1d0f64f65,structured,Benign,Benign,2,L4_DST_PORT,80,80,True,True,True,8,0.586586963672,0.586586963672,logistic_regression,DoS log-odds,False,0,False
138,pilot_139,a10edeb1d0f64f65,structured,Benign,Benign,3,PROTOCOL,6,6,True,True,True,15,0.160254337263,0.160254337263,logistic_regression,DoS log-odds,False,0,False
138,pilot_139,a10edeb1d0f64f65,structured,Benign,Benign,4,L7_PROTO,7,7,True,True,True,6,0.654434494923,0.654434494923,logistic_regression,DoS log-odds,False,0,False
138,pilot_139,a10edeb1d0f64f65,structured,Benign,Benign,5,RETRANSMITTED_OUT_PKTS,369,369,True,True,True,24,0.0574183733986,0.0574183733986,logistic_regression,DoS log-odds,False,0,False
138,pilot_139,a10edeb1d0f64f65,structured,Benign,Benign,1,TCP_FLAGS,27,27,True,True,True,17,-0.0113423389676,0.0113423389676,random_forest,DoS probability,False,0,False
138,pilot_139,a10edeb1d0f64f65,structured,Benign,Benign,2,L4_DST_PORT,80,80,True,True,True,15,0.0116174507395,0.0116174507395,random_forest,DoS probability,False,0,False
138,pilot_139,a10edeb1d0f64f65,structured,Benign,Benign,3,PROTOCOL,6,6,True,True,True,41,-0.000396925268572,0.000396925268572,random_forest,DoS probability,False,0,False
138,pilot_139,a10edeb1d0f64f65,structured,Benign,Benign,4,L7_PROTO,7,7,True,True,True,11,0.0143334519799,0.0143334519799,random_forest,DoS probability,False,0,False
138,pilot_139,a10edeb1d0f64f65,structured,Benign,Benign,5,RETRANSMITTED_OUT_PKTS,369,369,True,True,True,14,-0.0119100789364,0.0119100789364,random_forest,DoS probability,False,0,False
139,pilot_140,2408c9d2976c6b02,deterministic_text,DoS,Benign,1,IN_PKTS,2,2,True,True,True,22,0.0587207984319,0.0587207984319,logistic_regression,DoS log-odds,False,0,False
139,pilot_140,2408c9d2976c6b02,deterministic_text,DoS,Benign,2,IN_BYTES,64,64,True,True,True,41,-0.00285478208554,0.00285478208554,logistic_regression,DoS log-odds,False,0,False
139,pilot_140,2408c9d2976c6b02,deterministic_text,DoS,Benign,3,FLOW_DURATION_MILLISECONDS,0,0,True,True,True,26,-0.0291610632382,0.0291610632382,logistic_regression,DoS log-odds,False,0,False
139,pilot_140,2408c9d2976c6b02,deterministic_text,DoS,Benign,4,PROTOCOL,17,17,True,True,True,16,-0.11223939485,0.11223939485,logistic_regression,DoS log-odds,False,0,False
139,pilot_140,2408c9d2976c6b02,deterministic_text,DoS,Benign,5,RETRANSMITTED_IN_PKTS,0,0,True,True,True,25,0.0342072370588,0.0342072370588,logistic_regression,DoS log-odds,False,0,False
139,pilot_140,2408c9d2976c6b02,deterministic_text,DoS,Benign,1,IN_PKTS,2,2,True,True,True,10,0.0160085688979,0.0160085688979,random_forest,DoS probability,False,0,False
139,pilot_140,2408c9d2976c6b02,deterministic_text,DoS,Benign,2,IN_BYTES,64,64,True,True,True,20,0.00741844184777,0.00741844184777,random_forest,DoS probability,False,0,False
139,pilot_140,2408c9d2976c6b02,deterministic_text,DoS,Benign,3,FLOW_DURATION_MILLISECONDS,0,0,True,True,True,30,0.00387735729596,0.00387735729596,random_forest,DoS probability,False,0,False
139,pilot_140,2408c9d2976c6b02,deterministic_text,DoS,Benign,4,PROTOCOL,17,17,True,True,True,42,-0.000313771630517,0.000313771630517,random_forest,DoS probability,False,0,False
139,pilot_140,2408c9d2976c6b02,deterministic_text,DoS,Benign,5,RETRANSMITTED_IN_PKTS,0,0,True,True,True,16,0.00952593789825,0.00952593789825,random_forest,DoS probability,False,0,False
139,pilot_140,2408c9d2976c6b02,structured,DoS,DoS,1,L4_DST_PORT,520,520,True,True,True,33,0.00836650837089,0.00836650837089,logistic_regression,DoS log-odds,False,0,False
139,pilot_140,2408c9d2976c6b02,structured,DoS,DoS,2,PROTOCOL,17,17,True,True,True,16,-0.11223939485,0.11223939485,logistic_regression,DoS log-odds,False,0,False
139,pilot_140,2408c9d2976c6b02,structured,DoS,DoS,3,OUT_PKTS,0,0,True,True,True,39,-0.00450441721881,0.00450441721881,logistic_regression,DoS log-odds,False,0,False
139,pilot_140,2408c9d2976c6b02,structured,DoS,DoS,4,SHORTEST_FLOW_PKT,32,32,True,True,True,23,-0.0526915421696,0.0526915421696,logistic_regression,DoS log-odds,False,0,False
139,pilot_140,2408c9d2976c6b02,structured,DoS,DoS,5,FLOW_DURATION_MILLISECONDS,0,0,True,True,True,26,-0.0291610632382,0.0291610632382,logistic_regression,DoS log-odds,False,0,False
139,pilot_140,2408c9d2976c6b02,structured,DoS,DoS,1,L4_DST_PORT,520,520,True,True,True,17,0.00814779048118,0.00814779048118,random_forest,DoS probability,False,0,False
139,pilot_140,2408c9d2976c6b02,structured,DoS,DoS,2,PROTOCOL,17,17,True,True,True,42,-0.000313771630517,0.000313771630517,random_forest,DoS probability,False,0,False
139,pilot_140,2408c9d2976c6b02,structured,DoS,DoS,3,OUT_PKTS,0,0,True,True,True,7,0.0248097893866,0.0248097893866,random_forest,DoS probability,False,0,False
139,pilot_140,2408c9d2976c6b02,structured,DoS,DoS,4,SHORTEST_FLOW_PKT,32,32,True,True,True,6,0.0252749696149,0.0252749696149,random_forest,DoS probability,False,0,False
139,pilot_140,2408c9d2976c6b02,structured,DoS,DoS,5,FLOW_DURATION_MILLISECONDS,0,0,True,True,True,30,0.00387735729596,0.00387735729596,random_forest,DoS probability,False,0,False
140,pilot_141,b826e2e50b1f11a1,deterministic_text,DoS,Benign,1,IN_PKTS,6,6,True,True,True,17,0.13279524263,0.13279524263,logistic_regression,DoS log-odds,False,0,False
140,pilot_141,b826e2e50b1f11a1,deterministic_text,DoS,Benign,2,FLOW_DURATION_MILLISECONDS,13010,13010,True,True,True,2,1.4019875124,1.4019875124,logistic_regression,DoS log-odds,True,1.4019875124,True
140,pilot_141,b826e2e50b1f11a1,deterministic_text,DoS,Benign,3,TCP_FLAGS,2,2,True,True,True,41,-2.2850879803e-05,2.2850879803e-05,logistic_regression,DoS log-odds,False,0,False
140,pilot_141,b826e2e50b1f11a1,deterministic_text,DoS,Benign,4,IN_BYTES,264,264,True,True,True,39,-0.00141623973085,0.00141623973085,logistic_regression,DoS log-odds,False,0,False
140,pilot_141,b826e2e50b1f11a1,deterministic_text,DoS,Benign,5,OUT_PKTS,0,0,True,True,True,24,0.0763096679412,0.0763096679412,logistic_regression,DoS log-odds,False,0,False
140,pilot_141,b826e2e50b1f11a1,deterministic_text,DoS,Benign,1,IN_PKTS,6,6,True,True,True,16,0.0104226678433,0.0104226678433,random_forest,DoS probability,False,0,False
140,pilot_141,b826e2e50b1f11a1,deterministic_text,DoS,Benign,2,FLOW_DURATION_MILLISECONDS,13010,13010,True,True,True,23,0.00542096320629,0.00542096320629,random_forest,DoS probability,False,0,False
140,pilot_141,b826e2e50b1f11a1,deterministic_text,DoS,Benign,3,TCP_FLAGS,2,2,True,True,True,24,0.00510771507785,0.00510771507785,random_forest,DoS probability,False,0,False
140,pilot_141,b826e2e50b1f11a1,deterministic_text,DoS,Benign,4,IN_BYTES,264,264,True,True,True,28,0.00474713269078,0.00474713269078,random_forest,DoS probability,False,0,False
140,pilot_141,b826e2e50b1f11a1,deterministic_text,DoS,Benign,5,OUT_PKTS,0,0,True,True,True,7,0.0224146853971,0.0224146853971,random_forest,DoS probability,False,0,False
140,pilot_141,b826e2e50b1f11a1,structured,DoS,Benign,1,IN_PKTS,6,6,True,True,True,17,0.13279524263,0.13279524263,logistic_regression,DoS log-odds,False,0,False
140,pilot_141,b826e2e50b1f11a1,structured,DoS,Benign,2,SRC_TO_DST_IAT_STDDEV,4638,4638,True,True,True,15,0.18904769568,0.18904769568,logistic_regression,DoS log-odds,False,0,False
140,pilot_141,b826e2e50b1f11a1,structured,DoS,Benign,3,TCP_FLAGS,2,2,True,True,True,41,-2.2850879803e-05,2.2850879803e-05,logistic_regression,DoS log-odds,False,0,False
140,pilot_141,b826e2e50b1f11a1,structured,DoS,Benign,4,L4_DST_PORT,30101,30101,True,True,True,44,0,0,logistic_regression,DoS log-odds,False,0,False
140,pilot_141,b826e2e50b1f11a1,structured,DoS,Benign,5,OUT_PKTS,0,0,True,True,True,24,0.0763096679412,0.0763096679412,logistic_regression,DoS log-odds,False,0,False
140,pilot_141,b826e2e50b1f11a1,structured,DoS,Benign,1,IN_PKTS,6,6,True,True,True,16,0.0104226678433,0.0104226678433,random_forest,DoS probability,False,0,False
140,pilot_141,b826e2e50b1f11a1,structured,DoS,Benign,2,SRC_TO_DST_IAT_STDDEV,4638,4638,True,True,True,14,0.0106210333804,0.0106210333804,random_forest,DoS probability,False,0,False
140,pilot_141,b826e2e50b1f11a1,structured,DoS,Benign,3,TCP_FLAGS,2,2,True,True,True,24,0.00510771507785,0.00510771507785,random_forest,DoS probability,False,0,False
140,pilot_141,b826e2e50b1f11a1,structured,DoS,Benign,4,L4_DST_PORT,30101,30101,True,True,True,41,0.000844159789384,0.000844159789384,random_forest,DoS probability,False,0,False
140,pilot_141,b826e2e50b1f11a1,structured,DoS,Benign,5,OUT_PKTS,0,0,True,True,True,7,0.0224146853971,0.0224146853971,random_forest,DoS probability,False,0,False
141,pilot_142,a85f1c01257ab576,deterministic_text,DoS,Benign,1,IN_BYTES,966,966,True,True,True,41,-0.00258675428457,0.00258675428457,logistic_regression,DoS log-odds,False,0,False
141,pilot_142,a85f1c01257ab576,deterministic_text,DoS,Benign,2,FLOW_DURATION_MILLISECONDS,181,181,True,True,True,26,-0.0242773895354,0.0242773895354,logistic_regression,DoS log-odds,False,0,False
141,pilot_142,a85f1c01257ab576,deterministic_text,DoS,Benign,3,RETRANSMITTED_IN_PKTS,2,2,True,True,True,27,0.023938648073,0.023938648073,logistic_regression,DoS log-odds,False,0,False
141,pilot_142,a85f1c01257ab576,deterministic_text,DoS,Benign,4,MIN_TTL,62,62,True,True,True,2,-0.447704621161,0.447704621161,logistic_regression,DoS log-odds,True,0.447704621161,True
141,pilot_142,a85f1c01257ab576,deterministic_text,DoS,Benign,5,TCP_WIN_MAX_IN,61744,61744,True,True,True,1,0.879087535109,0.879087535109,logistic_regression,DoS log-odds,True,0.879087535109,True
141,pilot_142,a85f1c01257ab576,deterministic_text,DoS,Benign,1,IN_BYTES,966,966,True,True,True,20,0.00826455220892,0.00826455220892,random_forest,DoS probability,False,0,False
141,pilot_142,a85f1c01257ab576,deterministic_text,DoS,Benign,2,FLOW_DURATION_MILLISECONDS,181,181,True,True,True,28,-0.00344765054394,0.00344765054394,random_forest,DoS probability,False,0,False
141,pilot_142,a85f1c01257ab576,deterministic_text,DoS,Benign,3,RETRANSMITTED_IN_PKTS,2,2,True,True,True,15,0.00965404064545,0.00965404064545,random_forest,DoS probability,False,0,False
141,pilot_142,a85f1c01257ab576,deterministic_text,DoS,Benign,4,MIN_TTL,62,62,True,True,True,3,0.0503613432639,0.0503613432639,random_forest,DoS probability,True,0.0503613432639,True
141,pilot_142,a85f1c01257ab576,deterministic_text,DoS,Benign,5,TCP_WIN_MAX_IN,61744,61744,True,True,True,22,0.00564127919177,0.00564127919177,random_forest,DoS probability,False,0,False
141,pilot_142,a85f1c01257ab576,structured,DoS,Benign,1,IN_PKTS,6,6,True,True,True,23,0.0525018159734,0.0525018159734,logistic_regression,DoS log-odds,False,0,False
141,pilot_142,a85f1c01257ab576,structured,DoS,Benign,2,IN_BYTES,966,966,True,True,True,41,-0.00258675428457,0.00258675428457,logistic_regression,DoS log-odds,False,0,False
141,pilot_142,a85f1c01257ab576,structured,DoS,Benign,3,TCP_FLAGS,18,18,True,True,True,7,0.251570254007,0.251570254007,logistic_regression,DoS log-odds,False,0,False
141,pilot_142,a85f1c01257ab576,structured,DoS,Benign,4,L4_DST_PORT,860,860,True,True,True,10,0.230877661828,0.230877661828,logistic_regression,DoS log-odds,False,0,False
141,pilot_142,a85f1c01257ab576,structured,DoS,Benign,5,FLOW_DURATION_MILLISECONDS,181,181,True,True,True,26,-0.0242773895354,0.0242773895354,logistic_regression,DoS log-odds,False,0,False
141,pilot_142,a85f1c01257ab576,structured,DoS,Benign,1,IN_PKTS,6,6,True,True,True,14,0.00984077162182,0.00984077162182,random_forest,DoS probability,False,0,False
141,pilot_142,a85f1c01257ab576,structured,DoS,Benign,2,IN_BYTES,966,966,True,True,True,20,0.00826455220892,0.00826455220892,random_forest,DoS probability,False,0,False
141,pilot_142,a85f1c01257ab576,structured,DoS,Benign,3,TCP_FLAGS,18,18,True,True,True,16,0.00957485086309,0.00957485086309,random_forest,DoS probability,False,0,False
141,pilot_142,a85f1c01257ab576,structured,DoS,Benign,4,L4_DST_PORT,860,860,True,True,True,29,0.00244437314456,0.00244437314456,random_forest,DoS probability,False,0,False
141,pilot_142,a85f1c01257ab576,structured,DoS,Benign,5,FLOW_DURATION_MILLISECONDS,181,181,True,True,True,28,-0.00344765054394,0.00344765054394,random_forest,DoS probability,False,0,False
142,pilot_143,a3ec2248104716ae,deterministic_text,Benign,Benign,1,FTP_COMMAND_RET_CODE,229,229,True,True,True,14,-0.126558586408,0.126558586408,logistic_regression,DoS log-odds,False,0,False
142,pilot_143,a3ec2248104716ae,deterministic_text,Benign,Benign,2,L4_DST_PORT,21,21,True,True,True,6,-0.282843543924,0.282843543924,logistic_regression,DoS log-odds,False,0,False
142,pilot_143,a3ec2248104716ae,deterministic_text,Benign,Benign,3,FLOW_DURATION_MILLISECONDS,3,3,True,True,True,26,-0.0236170421915,0.0236170421915,logistic_regression,DoS log-odds,False,0,False
142,pilot_143,a3ec2248104716ae,deterministic_text,Benign,Benign,4,OUT_PKTS,11,11,True,True,True,40,-0.00540916035749,0.00540916035749,logistic_regression,DoS log-odds,False,0,False
142,pilot_143,a3ec2248104716ae,deterministic_text,Benign,Benign,5,MIN_TTL,31,31,True,True,True,2,-0.743834924585,0.743834924585,logistic_regression,DoS log-odds,True,0.743834924585,True
142,pilot_143,a3ec2248104716ae,deterministic_text,Benign,Benign,1,FTP_COMMAND_RET_CODE,229,229,True,True,True,10,-0.0135774811917,0.0135774811917,random_forest,DoS probability,False,0,False
142,pilot_143,a3ec2248104716ae,deterministic_text,Benign,Benign,2,L4_DST_PORT,21,21,True,True,True,11,-0.0134696626416,0.0134696626416,random_forest,DoS probability,False,0,False
142,pilot_143,a3ec2248104716ae,deterministic_text,Benign,Benign,3,FLOW_DURATION_MILLISECONDS,3,3,True,True,True,19,-0.00962739302547,0.00962739302547,random_forest,DoS probability,False,0,False
142,pilot_143,a3ec2248104716ae,deterministic_text,Benign,Benign,4,OUT_PKTS,11,11,True,True,True,18,-0.0103145011282,0.0103145011282,random_forest,DoS probability,False,0,False
142,pilot_143,a3ec2248104716ae,deterministic_text,Benign,Benign,5,MIN_TTL,31,31,True,True,True,3,-0.0578213083632,0.0578213083632,random_forest,DoS probability,True,0.0578213083632,True
142,pilot_143,a3ec2248104716ae,structured,Benign,Benign,1,L4_DST_PORT,21,21,True,True,True,6,-0.282843543924,0.282843543924,logistic_regression,DoS log-odds,False,0,False
142,pilot_143,a3ec2248104716ae,structured,Benign,Benign,2,FTP_COMMAND_RET_CODE,229,229,True,True,True,14,-0.126558586408,0.126558586408,logistic_regression,DoS log-odds,False,0,False
142,pilot_143,a3ec2248104716ae,structured,Benign,Benign,3,L4_SRC_PORT,57380,57380,True,True,True,44,0,0,logistic_regression,DoS log-odds,False,0,False
142,pilot_143,a3ec2248104716ae,structured,Benign,Benign,4,IN_PKTS,9,9,True,True,True,21,0.0465486085908,0.0465486085908,logistic_regression,DoS log-odds,False,0,False
142,pilot_143,a3ec2248104716ae,structured,Benign,Benign,5,TCP_FLAGS,24,24,True,True,True,10,-0.169718714488,0.169718714488,logistic_regression,DoS log-odds,False,0,False
142,pilot_143,a3ec2248104716ae,structured,Benign,Benign,1,L4_DST_PORT,21,21,True,True,True,11,-0.0134696626416,0.0134696626416,random_forest,DoS probability,False,0,False
142,pilot_143,a3ec2248104716ae,structured,Benign,Benign,2,FTP_COMMAND_RET_CODE,229,229,True,True,True,10,-0.0135774811917,0.0135774811917,random_forest,DoS probability,False,0,False
142,pilot_143,a3ec2248104716ae,structured,Benign,Benign,3,L4_SRC_PORT,57380,57380,True,True,True,42,-0.000455280368274,0.000455280368274,random_forest,DoS probability,False,0,False
142,pilot_143,a3ec2248104716ae,structured,Benign,Benign,4,IN_PKTS,9,9,True,True,True,34,0.00215969874816,0.00215969874816,random_forest,DoS probability,False,0,False
142,pilot_143,a3ec2248104716ae,structured,Benign,Benign,5,TCP_FLAGS,24,24,True,True,True,16,-0.010768078349,0.010768078349,random_forest,DoS probability,False,0,False
143,pilot_144,37bfb7f82c153c1a,deterministic_text,Benign,DoS,1,RETRANSMITTED_IN_PKTS,7,7,True,True,True,35,-0.00528040783396,0.00528040783396,logistic_regression,DoS log-odds,False,0,False
143,pilot_144,37bfb7f82c153c1a,deterministic_text,Benign,DoS,2,SRC_TO_DST_IAT_MIN,0,0,True,True,True,45,0,0,logistic_regression,DoS log-odds,False,0,False
143,pilot_144,37bfb7f82c153c1a,deterministic_text,Benign,DoS,3,FLOW_DURATION_MILLISECONDS,152,152,True,True,True,24,-0.0213640368082,0.0213640368082,logistic_regression,DoS log-odds,False,0,False
143,pilot_144,37bfb7f82c153c1a,deterministic_text,Benign,DoS,4,NUM_PKTS_UP_TO_128_BYTES,42,42,True,True,True,29,0.0107648293058,0.0107648293058,logistic_regression,DoS log-odds,False,0,False
143,pilot_144,37bfb7f82c153c1a,deterministic_text,Benign,DoS,5,L4_DST_PORT,22,22,True,True,True,17,-0.0330346906733,0.0330346906733,logistic_regression,DoS log-odds,False,0,False
143,pilot_144,37bfb7f82c153c1a,deterministic_text,Benign,DoS,1,RETRANSMITTED_IN_PKTS,7,7,True,True,True,18,-0.00850481193131,0.00850481193131,random_forest,DoS probability,False,0,False
143,pilot_144,37bfb7f82c153c1a,deterministic_text,Benign,DoS,2,SRC_TO_DST_IAT_MIN,0,0,True,True,True,45,0,0,random_forest,DoS probability,False,0,False
143,pilot_144,37bfb7f82c153c1a,deterministic_text,Benign,DoS,3,FLOW_DURATION_MILLISECONDS,152,152,True,True,True,28,-0.00346619342646,0.00346619342646,random_forest,DoS probability,False,0,False
143,pilot_144,37bfb7f82c153c1a,deterministic_text,Benign,DoS,4,NUM_PKTS_UP_TO_128_BYTES,42,42,True,True,True,10,-0.0142896011728,0.0142896011728,random_forest,DoS probability,False,0,False
143,pilot_144,37bfb7f82c153c1a,deterministic_text,Benign,DoS,5,L4_DST_PORT,22,22,True,True,True,29,-0.00311800278505,0.00311800278505,random_forest,DoS probability,False,0,False
143,pilot_144,37bfb7f82c153c1a,structured,Benign,Benign,1,IN_BYTES,3728,3728,True,True,True,42,-0.00139867948487,0.00139867948487,logistic_regression,DoS log-odds,False,0,False
143,pilot_144,37bfb7f82c153c1a,structured,Benign,Benign,2,L4_DST_PORT,22,22,True,True,True,17,-0.0330346906733,0.0330346906733,logistic_regression,DoS log-odds,False,0,False
143,pilot_144,37bfb7f82c153c1a,structured,Benign,Benign,3,TCP_FLAGS,27,27,True,True,True,43,-0.00033162181439,0.00033162181439,logistic_regression,DoS log-odds,False,0,False
143,pilot_144,37bfb7f82c153c1a,structured,Benign,Benign,4,FLOW_DURATION_MILLISECONDS,152,152,True,True,True,24,-0.0213640368082,0.0213640368082,logistic_regression,DoS log-odds,False,0,False
143,pilot_144,37bfb7f82c153c1a,structured,Benign,Benign,5,MIN_TTL,31,31,True,True,True,3,-0.748725999416,0.748725999416,logistic_regression,DoS log-odds,True,0.748725999416,True
143,pilot_144,37bfb7f82c153c1a,structured,Benign,Benign,1,IN_BYTES,3728,3728,True,True,True,17,-0.00966302304686,0.00966302304686,random_forest,DoS probability,False,0,False
143,pilot_144,37bfb7f82c153c1a,structured,Benign,Benign,2,L4_DST_PORT,22,22,True,True,True,29,-0.00311800278505,0.00311800278505,random_forest,DoS probability,False,0,False
143,pilot_144,37bfb7f82c153c1a,structured,Benign,Benign,3,TCP_FLAGS,27,27,True,True,True,15,-0.0109859494585,0.0109859494585,random_forest,DoS probability,False,0,False
143,pilot_144,37bfb7f82c153c1a,structured,Benign,Benign,4,FLOW_DURATION_MILLISECONDS,152,152,True,True,True,28,-0.00346619342646,0.00346619342646,random_forest,DoS probability,False,0,False
143,pilot_144,37bfb7f82c153c1a,structured,Benign,Benign,5,MIN_TTL,31,31,True,True,True,3,-0.0496907680031,0.0496907680031,random_forest,DoS probability,True,0.0496907680031,True
144,pilot_145,b58a669a5d16eae4,deterministic_text,Benign,Benign,1,L4_DST_PORT,25,25,True,True,True,16,-0.0456922863999,0.0456922863999,logistic_regression,DoS log-odds,False,0,False
144,pilot_145,b58a669a5d16eae4,deterministic_text,Benign,Benign,2,IN_PKTS,52,52,True,True,True,20,-0.0234400783282,0.0234400783282,logistic_regression,DoS log-odds,False,0,False
144,pilot_145,b58a669a5d16eae4,deterministic_text,Benign,Benign,3,FLOW_DURATION_MILLISECONDS,245,245,True,True,True,22,-0.0193297832778,0.0193297832778,logistic_regression,DoS log-odds,False,0,False
144,pilot_145,b58a669a5d16eae4,deterministic_text,Benign,Benign,4,LONGEST_FLOW_PKT,1500,1500,True,True,True,8,-0.218738398071,0.218738398071,logistic_regression,DoS log-odds,False,0,False
144,pilot_145,b58a669a5d16eae4,deterministic_text,Benign,Benign,5,TCP_FLAGS,27,27,True,True,True,41,-0.00033162181439,0.00033162181439,logistic_regression,DoS log-odds,False,0,False
144,pilot_145,b58a669a5d16eae4,deterministic_text,Benign,Benign,1,L4_DST_PORT,25,25,True,True,True,26,-0.00390236610495,0.00390236610495,random_forest,DoS probability,False,0,False
144,pilot_145,b58a669a5d16eae4,deterministic_text,Benign,Benign,2,IN_PKTS,52,52,True,True,True,10,-0.0166206872107,0.0166206872107,random_forest,DoS probability,False,0,False
144,pilot_145,b58a669a5d16eae4,deterministic_text,Benign,Benign,3,FLOW_DURATION_MILLISECONDS,245,245,True,True,True,31,0.00260755545837,0.00260755545837,random_forest,DoS probability,False,0,False
144,pilot_145,b58a669a5d16eae4,deterministic_text,Benign,Benign,4,LONGEST_FLOW_PKT,1500,1500,True,True,True,30,-0.00265381916301,0.00265381916301,random_forest,DoS probability,False,0,False
144,pilot_145,b58a669a5d16eae4,deterministic_text,Benign,Benign,5,TCP_FLAGS,27,27,True,True,True,14,-0.0111895333268,0.0111895333268,random_forest,DoS probability,False,0,False
144,pilot_145,b58a669a5d16eae4,structured,Benign,Benign,1,TCP_FLAGS,27,27,True,True,True,41,-0.00033162181439,0.00033162181439,logistic_regression,DoS log-odds,False,0,False
144,pilot_145,b58a669a5d16eae4,structured,Benign,Benign,2,L4_DST_PORT,25,25,True,True,True,16,-0.0456922863999,0.0456922863999,logistic_regression,DoS log-odds,False,0,False
144,pilot_145,b58a669a5d16eae4,structured,Benign,Benign,3,IN_PKTS,52,52,True,True,True,20,-0.0234400783282,0.0234400783282,logistic_regression,DoS log-odds,False,0,False
144,pilot_145,b58a669a5d16eae4,structured,Benign,Benign,4,FLOW_DURATION_MILLISECONDS,245,245,True,True,True,22,-0.0193297832778,0.0193297832778,logistic_regression,DoS log-odds,False,0,False
144,pilot_145,b58a669a5d16eae4,structured,Benign,Benign,5,RETRANSMITTED_IN_PKTS,18,18,True,True,True,14,-0.0605989660945,0.0605989660945,logistic_regression,DoS log-odds,False,0,False
144,pilot_145,b58a669a5d16eae4,structured,Benign,Benign,1,TCP_FLAGS,27,27,True,True,True,14,-0.0111895333268,0.0111895333268,random_forest,DoS probability,False,0,False
144,pilot_145,b58a669a5d16eae4,structured,Benign,Benign,2,L4_DST_PORT,25,25,True,True,True,26,-0.00390236610495,0.00390236610495,random_forest,DoS probability,False,0,False
144,pilot_145,b58a669a5d16eae4,structured,Benign,Benign,3,IN_PKTS,52,52,True,True,True,10,-0.0166206872107,0.0166206872107,random_forest,DoS probability,False,0,False
144,pilot_145,b58a669a5d16eae4,structured,Benign,Benign,4,FLOW_DURATION_MILLISECONDS,245,245,True,True,True,31,0.00260755545837,0.00260755545837,random_forest,DoS probability,False,0,False
144,pilot_145,b58a669a5d16eae4,structured,Benign,Benign,5,RETRANSMITTED_IN_PKTS,18,18,True,True,True,23,-0.00698932905453,0.00698932905453,random_forest,DoS probability,False,0,False
145,pilot_146,566d4f5fc6a77c27,deterministic_text,DoS,DoS,1,RETRANSMITTED_IN_PKTS,14,14,True,True,True,18,-0.0430952007155,0.0430952007155,logistic_regression,DoS log-odds,False,0,False
145,pilot_146,566d4f5fc6a77c27,deterministic_text,DoS,DoS,2,RETRANSMITTED_IN_BYTES,9772,9772,True,True,True,26,0.0113138997067,0.0113138997067,logistic_regression,DoS log-odds,False,0,False
145,pilot_146,566d4f5fc6a77c27,deterministic_text,DoS,DoS,3,RETRANSMITTED_OUT_PKTS,7,7,True,True,True,35,-0.00627463802997,0.00627463802997,logistic_regression,DoS log-odds,False,0,False
145,pilot_146,566d4f5fc6a77c27,deterministic_text,DoS,DoS,4,ICMP_TYPE,11264,11264,True,True,True,43,0,0,logistic_regression,DoS log-odds,False,0,False
145,pilot_146,566d4f5fc6a77c27,deterministic_text,DoS,DoS,5,L4_DST_PORT,25,25,True,True,True,11,-0.089659967377,0.089659967377,logistic_regression,DoS log-odds,False,0,False
145,pilot_146,566d4f5fc6a77c27,deterministic_text,DoS,DoS,1,RETRANSMITTED_IN_PKTS,14,14,True,True,True,21,-0.00805453498482,0.00805453498482,random_forest,DoS probability,False,0,False
145,pilot_146,566d4f5fc6a77c27,deterministic_text,DoS,DoS,2,RETRANSMITTED_IN_BYTES,9772,9772,True,True,True,27,-0.00487304326175,0.00487304326175,random_forest,DoS probability,False,0,False
145,pilot_146,566d4f5fc6a77c27,deterministic_text,DoS,DoS,3,RETRANSMITTED_OUT_PKTS,7,7,True,True,True,9,-0.0191543014982,0.0191543014982,random_forest,DoS probability,False,0,False
145,pilot_146,566d4f5fc6a77c27,deterministic_text,DoS,DoS,4,ICMP_TYPE,11264,11264,True,True,True,33,0.00150467883224,0.00150467883224,random_forest,DoS probability,False,0,False
145,pilot_146,566d4f5fc6a77c27,deterministic_text,DoS,DoS,5,L4_DST_PORT,25,25,True,True,True,37,0.0010368863915,0.0010368863915,random_forest,DoS probability,False,0,False
145,pilot_146,566d4f5fc6a77c27,structured,DoS,Benign,1,L4_DST_PORT,25,25,True,True,True,11,-0.089659967377,0.089659967377,logistic_regression,DoS log-odds,False,0,False
145,pilot_146,566d4f5fc6a77c27,structured,DoS,Benign,2,IN_PKTS,34,34,True,True,True,28,0.00803890138021,0.00803890138021,logistic_regression,DoS log-odds,False,0,False
145,pilot_146,566d4f5fc6a77c27,structured,DoS,Benign,3,FLOW_DURATION_MILLISECONDS,858,858,True,True,True,36,-0.00562681254349,0.00562681254349,logistic_regression,DoS log-odds,False,0,False
145,pilot_146,566d4f5fc6a77c27,structured,DoS,Benign,4,L4_SRC_PORT,19741,19741,True,True,True,42,0,0,logistic_regression,DoS log-odds,False,0,False
145,pilot_146,566d4f5fc6a77c27,structured,DoS,Benign,5,SRC_TO_DST_IAT_AVG,25,25,True,True,True,24,-0.0142350905941,0.0142350905941,logistic_regression,DoS log-odds,False,0,False
145,pilot_146,566d4f5fc6a77c27,structured,DoS,Benign,1,L4_DST_PORT,25,25,True,True,True,37,0.0010368863915,0.0010368863915,random_forest,DoS probability,False,0,False
145,pilot_146,566d4f5fc6a77c27,structured,DoS,Benign,2,IN_PKTS,34,34,True,True,True,16,-0.011702878624,0.011702878624,random_forest,DoS probability,False,0,False
145,pilot_146,566d4f5fc6a77c27,structured,DoS,Benign,3,FLOW_DURATION_MILLISECONDS,858,858,True,True,True,25,0.00608275509262,0.00608275509262,random_forest,DoS probability,False,0,False
145,pilot_146,566d4f5fc6a77c27,structured,DoS,Benign,4,L4_SRC_PORT,19741,19741,True,True,True,35,0.00107526687189,0.00107526687189,random_forest,DoS probability,False,0,False
145,pilot_146,566d4f5fc6a77c27,structured,DoS,Benign,5,SRC_TO_DST_IAT_AVG,25,25,True,True,True,11,0.0170305933041,0.0170305933041,random_forest,DoS probability,False,0,False
146,pilot_147,0d7fca71936c0652,deterministic_text,DoS,DoS,1,L4_DST_PORT,445,445,True,True,True,23,0.01900743474,0.01900743474,logistic_regression,DoS log-odds,False,0,False
146,pilot_147,0d7fca71936c0652,deterministic_text,DoS,DoS,2,TCP_FLAGS,19,19,True,True,True,8,0.153522978217,0.153522978217,logistic_regression,DoS log-odds,False,0,False
146,pilot_147,0d7fca71936c0652,deterministic_text,DoS,DoS,3,RETRANSMITTED_IN_PKTS,3,3,True,True,True,25,0.0165351157404,0.0165351157404,logistic_regression,DoS log-odds,False,0,False
146,pilot_147,0d7fca71936c0652,deterministic_text,DoS,DoS,4,TCP_WIN_MAX_IN,16383,16383,True,True,True,24,-0.0187545374308,0.0187545374308,logistic_regression,DoS log-odds,False,0,False
146,pilot_147,0d7fca71936c0652,deterministic_text,DoS,DoS,5,L7_PROTO,10.16,10.16,True,True,True,28,0.0100560765972,0.0100560765972,logistic_regression,DoS log-odds,False,0,False
146,pilot_147,0d7fca71936c0652,deterministic_text,DoS,DoS,1,L4_DST_PORT,445,445,True,True,True,28,0.00296661167674,0.00296661167674,random_forest,DoS probability,False,0,False
146,pilot_147,0d7fca71936c0652,deterministic_text,DoS,DoS,2,TCP_FLAGS,19,19,True,True,True,8,0.0171060228929,0.0171060228929,random_forest,DoS probability,False,0,False
146,pilot_147,0d7fca71936c0652,deterministic_text,DoS,DoS,3,RETRANSMITTED_IN_PKTS,3,3,True,True,True,38,0.00044412334354,0.00044412334354,random_forest,DoS probability,False,0,False
146,pilot_147,0d7fca71936c0652,deterministic_text,DoS,DoS,4,TCP_WIN_MAX_IN,16383,16383,True,True,True,10,0.0156207527992,0.0156207527992,random_forest,DoS probability,False,0,False
146,pilot_147,0d7fca71936c0652,deterministic_text,DoS,DoS,5,L7_PROTO,10.16,10.16,True,True,True,24,0.00564533660313,0.00564533660313,random_forest,DoS probability,False,0,False
146,pilot_147,0d7fca71936c0652,structured,DoS,DoS,1,TCP_FLAGS,19,19,True,True,True,8,0.153522978217,0.153522978217,logistic_regression,DoS log-odds,False,0,False
146,pilot_147,0d7fca71936c0652,structured,DoS,DoS,2,L4_DST_PORT,445,445,True,True,True,23,0.01900743474,0.01900743474,logistic_regression,DoS log-odds,False,0,False
146,pilot_147,0d7fca71936c0652,structured,DoS,DoS,3,FLOW_DURATION_MILLISECONDS,734,734,True,True,True,27,-0.0105433178751,0.0105433178751,logistic_regression,DoS log-odds,False,0,False
146,pilot_147,0d7fca71936c0652,structured,DoS,DoS,4,RETRANSMITTED_IN_PKTS,3,3,True,True,True,25,0.0165351157404,0.0165351157404,logistic_regression,DoS log-odds,False,0,False
146,pilot_147,0d7fca71936c0652,structured,DoS,DoS,5,IN_PKTS,12,12,True,True,True,20,0.0269724314126,0.0269724314126,logistic_regression,DoS log-odds,False,0,False
146,pilot_147,0d7fca71936c0652,structured,DoS,DoS,1,TCP_FLAGS,19,19,True,True,True,8,0.0171060228929,0.0171060228929,random_forest,DoS probability,False,0,False
146,pilot_147,0d7fca71936c0652,structured,DoS,DoS,2,L4_DST_PORT,445,445,True,True,True,28,0.00296661167674,0.00296661167674,random_forest,DoS probability,False,0,False
146,pilot_147,0d7fca71936c0652,structured,DoS,DoS,3,FLOW_DURATION_MILLISECONDS,734,734,True,True,True,14,0.00904358000195,0.00904358000195,random_forest,DoS probability,False,0,False
146,pilot_147,0d7fca71936c0652,structured,DoS,DoS,4,RETRANSMITTED_IN_PKTS,3,3,True,True,True,38,0.00044412334354,0.00044412334354,random_forest,DoS probability,False,0,False
146,pilot_147,0d7fca71936c0652,structured,DoS,DoS,5,IN_PKTS,12,12,True,True,True,29,0.00266634541158,0.00266634541158,random_forest,DoS probability,False,0,False
147,pilot_148,b04bae7500469a46,deterministic_text,Benign,Benign,1,IN_PKTS,4,4,True,True,True,23,0.0359305819595,0.0359305819595,logistic_regression,DoS log-odds,False,0,False
147,pilot_148,b04bae7500469a46,deterministic_text,Benign,Benign,2,FLOW_DURATION_MILLISECONDS,2,2,True,True,True,25,-0.0282816088729,0.0282816088729,logistic_regression,DoS log-odds,False,0,False
147,pilot_148,b04bae7500469a46,deterministic_text,Benign,Benign,3,IN_BYTES,544,544,True,True,True,42,-0.00120006241102,0.00120006241102,logistic_regression,DoS log-odds,False,0,False
147,pilot_148,b04bae7500469a46,deterministic_text,Benign,Benign,4,RETRANSMITTED_IN_PKTS,0,0,True,True,True,24,0.031151792638,0.031151792638,logistic_regression,DoS log-odds,False,0,False
147,pilot_148,b04bae7500469a46,deterministic_text,Benign,Benign,5,OUT_PKTS,4,4,True,True,True,39,-0.00568877226205,0.00568877226205,logistic_regression,DoS log-odds,False,0,False
147,pilot_148,b04bae7500469a46,deterministic_text,Benign,Benign,1,IN_PKTS,4,4,True,True,True,34,-0.00231752206012,0.00231752206012,random_forest,DoS probability,False,0,False
147,pilot_148,b04bae7500469a46,deterministic_text,Benign,Benign,2,FLOW_DURATION_MILLISECONDS,2,2,True,True,True,9,-0.0165972820189,0.0165972820189,random_forest,DoS probability,False,0,False
147,pilot_148,b04bae7500469a46,deterministic_text,Benign,Benign,3,IN_BYTES,544,544,True,True,True,31,-0.00276101949674,0.00276101949674,random_forest,DoS probability,False,0,False
147,pilot_148,b04bae7500469a46,deterministic_text,Benign,Benign,4,RETRANSMITTED_IN_PKTS,0,0,True,True,True,35,0.00149502115116,0.00149502115116,random_forest,DoS probability,False,0,False
147,pilot_148,b04bae7500469a46,deterministic_text,Benign,Benign,5,OUT_PKTS,4,4,True,True,True,27,-0.00386113126157,0.00386113126157,random_forest,DoS probability,False,0,False
147,pilot_148,b04bae7500469a46,structured,Benign,Benign,1,IN_PKTS,4,4,True,True,True,23,0.0359305819595,0.0359305819595,logistic_regression,DoS log-odds,False,0,False
147,pilot_148,b04bae7500469a46,structured,Benign,Benign,2,FLOW_DURATION_MILLISECONDS,2,2,True,True,True,25,-0.0282816088729,0.0282816088729,logistic_regression,DoS log-odds,False,0,False
147,pilot_148,b04bae7500469a46,structured,Benign,Benign,3,PROTOCOL,17,17,True,True,True,14,-0.0788377964037,0.0788377964037,logistic_regression,DoS log-odds,False,0,False
147,pilot_148,b04bae7500469a46,structured,Benign,Benign,4,IN_BYTES,544,544,True,True,True,42,-0.00120006241102,0.00120006241102,logistic_regression,DoS log-odds,False,0,False
147,pilot_148,b04bae7500469a46,structured,Benign,Benign,5,RETRANSMITTED_IN_PKTS,0,0,True,True,True,24,0.031151792638,0.031151792638,logistic_regression,DoS log-odds,False,0,False
147,pilot_148,b04bae7500469a46,structured,Benign,Benign,1,IN_PKTS,4,4,True,True,True,34,-0.00231752206012,0.00231752206012,random_forest,DoS probability,False,0,False
147,pilot_148,b04bae7500469a46,structured,Benign,Benign,2,FLOW_DURATION_MILLISECONDS,2,2,True,True,True,9,-0.0165972820189,0.0165972820189,random_forest,DoS probability,False,0,False
147,pilot_148,b04bae7500469a46,structured,Benign,Benign,3,PROTOCOL,17,17,True,True,True,20,-0.00537710767077,0.00537710767077,random_forest,DoS probability,False,0,False
147,pilot_148,b04bae7500469a46,structured,Benign,Benign,4,IN_BYTES,544,544,True,True,True,31,-0.00276101949674,0.00276101949674,random_forest,DoS probability,False,0,False
147,pilot_148,b04bae7500469a46,structured,Benign,Benign,5,RETRANSMITTED_IN_PKTS,0,0,True,True,True,35,0.00149502115116,0.00149502115116,random_forest,DoS probability,False,0,False
148,pilot_149,7cbda4a8bcae3109,deterministic_text,DoS,Benign,1,L4_DST_PORT,80,80,True,True,True,3,0.585425249008,0.585425249008,logistic_regression,DoS log-odds,True,0.585425249008,True
148,pilot_149,7cbda4a8bcae3109,deterministic_text,DoS,Benign,2,IN_BYTES,776,776,True,True,True,39,-0.00264321246881,0.00264321246881,logistic_regression,DoS log-odds,False,0,False
148,pilot_149,7cbda4a8bcae3109,deterministic_text,DoS,Benign,3,TCP_FLAGS,27,27,True,True,True,18,-0.0419704706546,0.0419704706546,logistic_regression,DoS log-odds,False,0,False
148,pilot_149,7cbda4a8bcae3109,deterministic_text,DoS,Benign,4,FLOW_DURATION_MILLISECONDS,224,224,True,True,True,25,-0.0231171797607,0.0231171797607,logistic_regression,DoS log-odds,False,0,False
148,pilot_149,7cbda4a8bcae3109,deterministic_text,DoS,Benign,5,IN_PKTS,10,10,True,True,True,16,0.046282833515,0.046282833515,logistic_regression,DoS log-odds,False,0,False
148,pilot_149,7cbda4a8bcae3109,deterministic_text,DoS,Benign,1,L4_DST_PORT,80,80,True,True,True,15,0.00953774755129,0.00953774755129,random_forest,DoS probability,False,0,False
148,pilot_149,7cbda4a8bcae3109,deterministic_text,DoS,Benign,2,IN_BYTES,776,776,True,True,True,19,0.00792970105577,0.00792970105577,random_forest,DoS probability,False,0,False
148,pilot_149,7cbda4a8bcae3109,deterministic_text,DoS,Benign,3,TCP_FLAGS,27,27,True,True,True,23,-0.00503631207355,0.00503631207355,random_forest,DoS probability,False,0,False
148,pilot_149,7cbda4a8bcae3109,deterministic_text,DoS,Benign,4,FLOW_DURATION_MILLISECONDS,224,224,True,True,True,22,0.00551674383324,0.00551674383324,random_forest,DoS probability,False,0,False
148,pilot_149,7cbda4a8bcae3109,deterministic_text,DoS,Benign,5,IN_PKTS,10,10,True,True,True,13,0.0101612585188,0.0101612585188,random_forest,DoS probability,False,0,False
148,pilot_149,7cbda4a8bcae3109,structured,DoS,Benign,1,L7_PROTO,7,7,True,True,True,2,0.64665738862,0.64665738862,logistic_regression,DoS log-odds,True,0.64665738862,True
148,pilot_149,7cbda4a8bcae3109,structured,DoS,Benign,2,L4_DST_PORT,80,80,True,True,True,3,0.585425249008,0.585425249008,logistic_regression,DoS log-odds,True,0.585425249008,True
148,pilot_149,7cbda4a8bcae3109,structured,DoS,Benign,3,IN_PKTS,10,10,True,True,True,16,0.046282833515,0.046282833515,logistic_regression,DoS log-odds,False,0,False
148,pilot_149,7cbda4a8bcae3109,structured,DoS,Benign,4,TCP_FLAGS,27,27,True,True,True,18,-0.0419704706546,0.0419704706546,logistic_regression,DoS log-odds,False,0,False
148,pilot_149,7cbda4a8bcae3109,structured,DoS,Benign,5,FLOW_DURATION_MILLISECONDS,224,224,True,True,True,25,-0.0231171797607,0.0231171797607,logistic_regression,DoS log-odds,False,0,False
148,pilot_149,7cbda4a8bcae3109,structured,DoS,Benign,1,L7_PROTO,7,7,True,True,True,9,0.0128213925766,0.0128213925766,random_forest,DoS probability,False,0,False
148,pilot_149,7cbda4a8bcae3109,structured,DoS,Benign,2,L4_DST_PORT,80,80,True,True,True,15,0.00953774755129,0.00953774755129,random_forest,DoS probability,False,0,False
148,pilot_149,7cbda4a8bcae3109,structured,DoS,Benign,3,IN_PKTS,10,10,True,True,True,13,0.0101612585188,0.0101612585188,random_forest,DoS probability,False,0,False
148,pilot_149,7cbda4a8bcae3109,structured,DoS,Benign,4,TCP_FLAGS,27,27,True,True,True,23,-0.00503631207355,0.00503631207355,random_forest,DoS probability,False,0,False
148,pilot_149,7cbda4a8bcae3109,structured,DoS,Benign,5,FLOW_DURATION_MILLISECONDS,224,224,True,True,True,22,0.00551674383324,0.00551674383324,random_forest,DoS probability,False,0,False
149,pilot_150,55163a8369900b1a,deterministic_text,Benign,Benign,1,IN_PKTS,45,45,True,True,True,15,-0.15294348634,0.15294348634,logistic_regression,DoS log-odds,False,0,False
149,pilot_150,55163a8369900b1a,deterministic_text,Benign,Benign,2,L4_DST_PORT,21,21,True,True,True,14,-0.171532492798,0.171532492798,logistic_regression,DoS log-odds,False,0,False
149,pilot_150,55163a8369900b1a,deterministic_text,Benign,Benign,3,L4_SRC_PORT,12187,12187,True,True,True,44,0,0,logistic_regression,DoS log-odds,False,0,False
149,pilot_150,55163a8369900b1a,deterministic_text,Benign,Benign,4,TCP_FLAGS,25,25,True,True,True,20,-0.107801866282,0.107801866282,logistic_regression,DoS log-odds,False,0,False
149,pilot_150,55163a8369900b1a,deterministic_text,Benign,Benign,5,FLOW_DURATION_MILLISECONDS,3048,3048,True,True,True,9,0.278498894682,0.278498894682,logistic_regression,DoS log-odds,False,0,False
149,pilot_150,55163a8369900b1a,deterministic_text,Benign,Benign,1,IN_PKTS,45,45,True,True,True,9,-0.0207990049622,0.0207990049622,random_forest,DoS probability,False,0,False
149,pilot_150,55163a8369900b1a,deterministic_text,Benign,Benign,2,L4_DST_PORT,21,21,True,True,True,24,-0.0065022739994,0.0065022739994,random_forest,DoS probability,False,0,False
149,pilot_150,55163a8369900b1a,deterministic_text,Benign,Benign,3,L4_SRC_PORT,12187,12187,True,True,True,39,-0.00052073151215,0.00052073151215,random_forest,DoS probability,False,0,False
149,pilot_150,55163a8369900b1a,deterministic_text,Benign,Benign,4,TCP_FLAGS,25,25,True,True,True,22,-0.00699722580314,0.00699722580314,random_forest,DoS probability,False,0,False
149,pilot_150,55163a8369900b1a,deterministic_text,Benign,Benign,5,FLOW_DURATION_MILLISECONDS,3048,3048,True,True,True,33,0.00274973000218,0.00274973000218,random_forest,DoS probability,False,0,False
149,pilot_150,55163a8369900b1a,structured,Benign,Benign,1,L4_DST_PORT,21,21,True,True,True,14,-0.171532492798,0.171532492798,logistic_regression,DoS log-odds,False,0,False
149,pilot_150,55163a8369900b1a,structured,Benign,Benign,2,TCP_FLAGS,25,25,True,True,True,20,-0.107801866282,0.107801866282,logistic_regression,DoS log-odds,False,0,False
149,pilot_150,55163a8369900b1a,structured,Benign,Benign,3,IN_PKTS,45,45,True,True,True,15,-0.15294348634,0.15294348634,logistic_regression,DoS log-odds,False,0,False
149,pilot_150,55163a8369900b1a,structured,Benign,Benign,4,SRC_TO_DST_IAT_AVG,60,60,True,True,True,36,-0.00447987179348,0.00447987179348,logistic_regression,DoS log-odds,False,0,False
149,pilot_150,55163a8369900b1a,structured,Benign,Benign,5,OUT_BYTES,3496,3496,True,True,True,37,0.00357145090863,0.00357145090863,logistic_regression,DoS log-odds,False,0,False
149,pilot_150,55163a8369900b1a,structured,Benign,Benign,1,L4_DST_PORT,21,21,True,True,True,24,-0.0065022739994,0.0065022739994,random_forest,DoS probability,False,0,False
149,pilot_150,55163a8369900b1a,structured,Benign,Benign,2,TCP_FLAGS,25,25,True,True,True,22,-0.00699722580314,0.00699722580314,random_forest,DoS probability,False,0,False
149,pilot_150,55163a8369900b1a,structured,Benign,Benign,3,IN_PKTS,45,45,True,True,True,9,-0.0207990049622,0.0207990049622,random_forest,DoS probability,False,0,False
149,pilot_150,55163a8369900b1a,structured,Benign,Benign,4,SRC_TO_DST_IAT_AVG,60,60,True,True,True,17,0.0110703885272,0.0110703885272,random_forest,DoS probability,False,0,False
149,pilot_150,55163a8369900b1a,structured,Benign,Benign,5,OUT_BYTES,3496,3496,True,True,True,10,-0.0195965546121,0.0195965546121,random_forest,DoS probability,False,0,False
150,pilot_151,2b06aa7a1f0054be,deterministic_text,DoS,Benign,1,IN_PKTS,10,10,True,True,True,18,0.046282833515,0.046282833515,logistic_regression,DoS log-odds,False,0,False
150,pilot_151,2b06aa7a1f0054be,deterministic_text,DoS,Benign,2,L4_DST_PORT,80,80,True,True,True,5,0.585425249008,0.585425249008,logistic_regression,DoS log-odds,True,0.585425249008,True
150,pilot_151,2b06aa7a1f0054be,deterministic_text,DoS,Benign,3,FLOW_DURATION_MILLISECONDS,861,861,True,True,True,32,-0.00592988612169,0.00592988612169,logistic_regression,DoS log-odds,False,0,False
150,pilot_151,2b06aa7a1f0054be,deterministic_text,DoS,Benign,4,L4_SRC_PORT,47501,47501,True,True,True,42,0,0,logistic_regression,DoS log-odds,False,0,False
150,pilot_151,2b06aa7a1f0054be,deterministic_text,DoS,Benign,5,IN_BYTES,878,878,True,True,True,39,-0.00261290333833,0.00261290333833,logistic_regression,DoS log-odds,False,0,False
150,pilot_151,2b06aa7a1f0054be,deterministic_text,DoS,Benign,1,IN_PKTS,10,10,True,True,True,21,0.00810730823036,0.00810730823036,random_forest,DoS probability,False,0,False
150,pilot_151,2b06aa7a1f0054be,deterministic_text,DoS,Benign,2,L4_DST_PORT,80,80,True,True,True,25,0.00597436489503,0.00597436489503,random_forest,DoS probability,False,0,False
150,pilot_151,2b06aa7a1f0054be,deterministic_text,DoS,Benign,3,FLOW_DURATION_MILLISECONDS,861,861,True,True,True,16,0.0101828535227,0.0101828535227,random_forest,DoS probability,False,0,False
150,pilot_151,2b06aa7a1f0054be,deterministic_text,DoS,Benign,4,L4_SRC_PORT,47501,47501,True,True,True,33,0.00147370499353,0.00147370499353,random_forest,DoS probability,False,0,False
150,pilot_151,2b06aa7a1f0054be,deterministic_text,DoS,Benign,5,IN_BYTES,878,878,True,True,True,27,0.0053360478685,0.0053360478685,random_forest,DoS probability,False,0,False
150,pilot_151,2b06aa7a1f0054be,structured,DoS,Benign,1,IN_PKTS,10,10,True,True,True,18,0.046282833515,0.046282833515,logistic_regression,DoS log-odds,False,0,False
150,pilot_151,2b06aa7a1f0054be,structured,DoS,Benign,2,IN_BYTES,878,878,True,True,True,39,-0.00261290333833,0.00261290333833,logistic_regression,DoS log-odds,False,0,False
150,pilot_151,2b06aa7a1f0054be,structured,DoS,Benign,3,FLOW_DURATION_MILLISECONDS,861,861,True,True,True,32,-0.00592988612169,0.00592988612169,logistic_regression,DoS log-odds,False,0,False
150,pilot_151,2b06aa7a1f0054be,structured,DoS,Benign,4,L4_DST_PORT,80,80,True,True,True,5,0.585425249008,0.585425249008,logistic_regression,DoS log-odds,True,0.585425249008,True
150,pilot_151,2b06aa7a1f0054be,structured,DoS,Benign,5,SRC_TO_DST_AVG_THROUGHPUT,8148,8148,True,True,True,13,0.110525558806,0.110525558806,logistic_regression,DoS log-odds,False,0,False
150,pilot_151,2b06aa7a1f0054be,structured,DoS,Benign,1,IN_PKTS,10,10,True,True,True,21,0.00810730823036,0.00810730823036,random_forest,DoS probability,False,0,False
150,pilot_151,2b06aa7a1f0054be,structured,DoS,Benign,2,IN_BYTES,878,878,True,True,True,27,0.0053360478685,0.0053360478685,random_forest,DoS probability,False,0,False
150,pilot_151,2b06aa7a1f0054be,structured,DoS,Benign,3,FLOW_DURATION_MILLISECONDS,861,861,True,True,True,16,0.0101828535227,0.0101828535227,random_forest,DoS probability,False,0,False
150,pilot_151,2b06aa7a1f0054be,structured,DoS,Benign,4,L4_DST_PORT,80,80,True,True,True,25,0.00597436489503,0.00597436489503,random_forest,DoS probability,False,0,False
150,pilot_151,2b06aa7a1f0054be,structured,DoS,Benign,5,SRC_TO_DST_AVG_THROUGHPUT,8148,8148,True,True,True,12,0.0135532727609,0.0135532727609,random_forest,DoS probability,False,0,False
151,pilot_152,10412d11838033d7,deterministic_text,DoS,Benign,1,IN_PKTS,4,4,True,True,True,22,0.0359305819595,0.0359305819595,logistic_regression,DoS log-odds,False,0,False
151,pilot_152,10412d11838033d7,deterministic_text,DoS,Benign,2,IN_BYTES,160,160,True,True,True,41,-0.00124851091123,0.00124851091123,logistic_regression,DoS log-odds,False,0,False
151,pilot_152,10412d11838033d7,deterministic_text,DoS,Benign,3,LONGEST_FLOW_PKT,40,40,True,True,True,12,0.132255430934,0.132255430934,logistic_regression,DoS log-odds,False,0,False
151,pilot_152,10412d11838033d7,deterministic_text,DoS,Benign,4,FLOW_DURATION_MILLISECONDS,363,363,True,True,True,27,-0.0195336265639,0.0195336265639,logistic_regression,DoS log-odds,False,0,False
151,pilot_152,10412d11838033d7,deterministic_text,DoS,Benign,5,SRC_TO_DST_AVG_THROUGHPUT,3516,3516,True,True,True,18,0.0832241665227,0.0832241665227,logistic_regression,DoS log-odds,False,0,False
151,pilot_152,10412d11838033d7,deterministic_text,DoS,Benign,1,IN_PKTS,4,4,True,True,True,27,0.00489083770524,0.00489083770524,random_forest,DoS probability,False,0,False
151,pilot_152,10412d11838033d7,deterministic_text,DoS,Benign,2,IN_BYTES,160,160,True,True,True,29,0.00448775442191,0.00448775442191,random_forest,DoS probability,False,0,False
151,pilot_152,10412d11838033d7,deterministic_text,DoS,Benign,3,LONGEST_FLOW_PKT,40,40,True,True,True,15,0.0105622960587,0.0105622960587,random_forest,DoS probability,False,0,False
151,pilot_152,10412d11838033d7,deterministic_text,DoS,Benign,4,FLOW_DURATION_MILLISECONDS,363,363,True,True,True,24,0.0070698952934,0.0070698952934,random_forest,DoS probability,False,0,False
151,pilot_152,10412d11838033d7,deterministic_text,DoS,Benign,5,SRC_TO_DST_AVG_THROUGHPUT,3516,3516,True,True,True,13,0.0122100075072,0.0122100075072,random_forest,DoS probability,False,0,False
151,pilot_152,10412d11838033d7,structured,DoS,Benign,1,IN_PKTS,4,4,True,True,True,22,0.0359305819595,0.0359305819595,logistic_regression,DoS log-odds,False,0,False
151,pilot_152,10412d11838033d7,structured,DoS,Benign,2,OUT_PKTS,2,2,True,True,True,38,-0.00581672665327,0.00581672665327,logistic_regression,DoS log-odds,False,0,False
151,pilot_152,10412d11838033d7,structured,DoS,Benign,3,TCP_FLAGS,18,18,True,True,True,8,0.231247741661,0.231247741661,logistic_regression,DoS log-odds,False,0,False
151,pilot_152,10412d11838033d7,structured,DoS,Benign,4,FLOW_DURATION_MILLISECONDS,363,363,True,True,True,27,-0.0195336265639,0.0195336265639,logistic_regression,DoS log-odds,False,0,False
151,pilot_152,10412d11838033d7,structured,DoS,Benign,5,TCP_WIN_MAX_IN,39920,39920,True,True,True,4,0.648126978615,0.648126978615,logistic_regression,DoS log-odds,True,0.648126978615,True
151,pilot_152,10412d11838033d7,structured,DoS,Benign,1,IN_PKTS,4,4,True,True,True,27,0.00489083770524,0.00489083770524,random_forest,DoS probability,False,0,False
151,pilot_152,10412d11838033d7,structured,DoS,Benign,2,OUT_PKTS,2,2,True,True,True,17,0.0102162556191,0.0102162556191,random_forest,DoS probability,False,0,False
151,pilot_152,10412d11838033d7,structured,DoS,Benign,3,TCP_FLAGS,18,18,True,True,True,16,0.010267972081,0.010267972081,random_forest,DoS probability,False,0,False
151,pilot_152,10412d11838033d7,structured,DoS,Benign,4,FLOW_DURATION_MILLISECONDS,363,363,True,True,True,24,0.0070698952934,0.0070698952934,random_forest,DoS probability,False,0,False
151,pilot_152,10412d11838033d7,structured,DoS,Benign,5,TCP_WIN_MAX_IN,39920,39920,True,True,True,12,0.0131689989224,0.0131689989224,random_forest,DoS probability,False,0,False
152,pilot_153,7754275a1c196fa2,deterministic_text,DoS,Benign,1,IN_PKTS,12,12,True,True,True,14,0.0888354381733,0.0888354381733,logistic_regression,DoS log-odds,False,0,False
152,pilot_153,7754275a1c196fa2,deterministic_text,DoS,Benign,2,IN_BYTES,1104,1104,True,True,True,40,-0.00113902855309,0.00113902855309,logistic_regression,DoS log-odds,False,0,False
152,pilot_153,7754275a1c196fa2,deterministic_text,DoS,Benign,3,SRC_TO_DST_AVG_THROUGHPUT,18952,18952,True,True,True,21,0.0245149497641,0.0245149497641,logistic_regression,DoS log-odds,False,0,False
152,pilot_153,7754275a1c196fa2,deterministic_text,DoS,Benign,4,FLOW_DURATION_MILLISECONDS,465,465,True,True,True,26,-0.0128051707225,0.0128051707225,logistic_regression,DoS log-odds,False,0,False
152,pilot_153,7754275a1c196fa2,deterministic_text,DoS,Benign,5,L4_DST_PORT,445,445,True,True,True,32,0.00667690524144,0.00667690524144,logistic_regression,DoS log-odds,False,0,False
152,pilot_153,7754275a1c196fa2,deterministic_text,DoS,Benign,1,IN_PKTS,12,12,True,True,True,26,0.00395497880869,0.00395497880869,random_forest,DoS probability,False,0,False
152,pilot_153,7754275a1c196fa2,deterministic_text,DoS,Benign,2,IN_BYTES,1104,1104,True,True,True,38,-0.000641286242428,0.000641286242428,random_forest,DoS probability,False,0,False
152,pilot_153,7754275a1c196fa2,deterministic_text,DoS,Benign,3,SRC_TO_DST_AVG_THROUGHPUT,18952,18952,True,True,True,25,0.00558086985524,0.00558086985524,random_forest,DoS probability,False,0,False
152,pilot_153,7754275a1c196fa2,deterministic_text,DoS,Benign,4,FLOW_DURATION_MILLISECONDS,465,465,True,True,True,17,0.00848809271309,0.00848809271309,random_forest,DoS probability,False,0,False
152,pilot_153,7754275a1c196fa2,deterministic_text,DoS,Benign,5,L4_DST_PORT,445,445,True,True,True,35,0.000978456455334,0.000978456455334,random_forest,DoS probability,False,0,False
152,pilot_153,7754275a1c196fa2,structured,DoS,Benign,1,TCP_FLAGS,19,19,True,True,True,6,0.174687431109,0.174687431109,logistic_regression,DoS log-odds,False,0,False
152,pilot_153,7754275a1c196fa2,structured,DoS,Benign,2,SERVER_TCP_FLAGS,19,19,True,True,True,3,0.883609608894,0.883609608894,logistic_regression,DoS log-odds,True,0.883609608894,True
152,pilot_153,7754275a1c196fa2,structured,DoS,Benign,3,OUT_BYTES,676,676,True,True,True,34,0.00420552034531,0.00420552034531,logistic_regression,DoS log-odds,False,0,False
152,pilot_153,7754275a1c196fa2,structured,DoS,Benign,4,SRC_TO_DST_IAT_MAX,156,156,True,True,True,36,0.00341561746848,0.00341561746848,logistic_regression,DoS log-odds,False,0,False
152,pilot_153,7754275a1c196fa2,structured,DoS,Benign,5,FLOW_DURATION_MILLISECONDS,465,465,True,True,True,26,-0.0128051707225,0.0128051707225,logistic_regression,DoS log-odds,False,0,False
152,pilot_153,7754275a1c196fa2,structured,DoS,Benign,1,TCP_FLAGS,19,19,True,True,True,7,0.0211878411755,0.0211878411755,random_forest,DoS probability,False,0,False
152,pilot_153,7754275a1c196fa2,structured,DoS,Benign,2,SERVER_TCP_FLAGS,19,19,True,True,True,5,0.0430831351445,0.0430831351445,random_forest,DoS probability,True,0.0430831351445,True
152,pilot_153,7754275a1c196fa2,structured,DoS,Benign,3,OUT_BYTES,676,676,True,True,True,19,0.00818261516495,0.00818261516495,random_forest,DoS probability,False,0,False
152,pilot_153,7754275a1c196fa2,structured,DoS,Benign,4,SRC_TO_DST_IAT_MAX,156,156,True,True,True,24,0.00625378519749,0.00625378519749,random_forest,DoS probability,False,0,False
152,pilot_153,7754275a1c196fa2,structured,DoS,Benign,5,FLOW_DURATION_MILLISECONDS,465,465,True,True,True,17,0.00848809271309,0.00848809271309,random_forest,DoS probability,False,0,False
153,pilot_154,3292f484073ceec4,deterministic_text,DoS,Benign,1,L4_DST_PORT,80,80,True,True,True,2,0.62786338834,0.62786338834,logistic_regression,DoS log-odds,True,0.62786338834,True
153,pilot_154,3292f484073ceec4,deterministic_text,DoS,Benign,2,TCP_FLAGS,27,27,True,True,True,16,-0.064280133966,0.064280133966,logistic_regression,DoS log-odds,False,0,False
153,pilot_154,3292f484073ceec4,deterministic_text,DoS,Benign,3,IN_PKTS,16,16,True,True,True,22,0.0595289018687,0.0595289018687,logistic_regression,DoS log-odds,False,0,False
153,pilot_154,3292f484073ceec4,deterministic_text,DoS,Benign,4,FLOW_DURATION_MILLISECONDS,388,388,True,True,True,29,-0.0214890317508,0.0214890317508,logistic_regression,DoS log-odds,False,0,False
153,pilot_154,3292f484073ceec4,deterministic_text,DoS,Benign,5,OUT_BYTES,58718,58718,True,True,True,34,-0.00884506768438,0.00884506768438,logistic_regression,DoS log-odds,False,0,False
153,pilot_154,3292f484073ceec4,deterministic_text,DoS,Benign,1,L4_DST_PORT,80,80,True,True,True,27,0.00574276782816,0.00574276782816,random_forest,DoS probability,False,0,False
153,pilot_154,3292f484073ceec4,deterministic_text,DoS,Benign,2,TCP_FLAGS,27,27,True,True,True,17,-0.00951719805016,0.00951719805016,random_forest,DoS probability,False,0,False
153,pilot_154,3292f484073ceec4,deterministic_text,DoS,Benign,3,IN_PKTS,16,16,True,True,True,12,-0.0128590949088,0.0128590949088,random_forest,DoS probability,False,0,False
153,pilot_154,3292f484073ceec4,deterministic_text,DoS,Benign,4,FLOW_DURATION_MILLISECONDS,388,388,True,True,True,24,0.00698535484455,0.00698535484455,random_forest,DoS probability,False,0,False
153,pilot_154,3292f484073ceec4,deterministic_text,DoS,Benign,5,OUT_BYTES,58718,58718,True,True,True,9,-0.0236343028397,0.0236343028397,random_forest,DoS probability,False,0,False
153,pilot_154,3292f484073ceec4,structured,DoS,Benign,1,L4_DST_PORT,80,80,True,True,True,2,0.62786338834,0.62786338834,logistic_regression,DoS log-odds,True,0.62786338834,True
153,pilot_154,3292f484073ceec4,structured,DoS,Benign,2,IN_BYTES,994,994,True,True,True,42,-0.00117533001685,0.00117533001685,logistic_regression,DoS log-odds,False,0,False
153,pilot_154,3292f484073ceec4,structured,DoS,Benign,3,OUT_BYTES,58718,58718,True,True,True,34,-0.00884506768438,0.00884506768438,logistic_regression,DoS log-odds,False,0,False
153,pilot_154,3292f484073ceec4,structured,DoS,Benign,4,FLOW_DURATION_MILLISECONDS,388,388,True,True,True,29,-0.0214890317508,0.0214890317508,logistic_regression,DoS log-odds,False,0,False
153,pilot_154,3292f484073ceec4,structured,DoS,Benign,5,MIN_TTL,62,62,True,True,True,4,-0.492994682947,0.492994682947,logistic_regression,DoS log-odds,True,0.492994682947,True
153,pilot_154,3292f484073ceec4,structured,DoS,Benign,1,L4_DST_PORT,80,80,True,True,True,27,0.00574276782816,0.00574276782816,random_forest,DoS probability,False,0,False
153,pilot_154,3292f484073ceec4,structured,DoS,Benign,2,IN_BYTES,994,994,True,True,True,19,0.008479139036,0.008479139036,random_forest,DoS probability,False,0,False
153,pilot_154,3292f484073ceec4,structured,DoS,Benign,3,OUT_BYTES,58718,58718,True,True,True,9,-0.0236343028397,0.0236343028397,random_forest,DoS probability,False,0,False
153,pilot_154,3292f484073ceec4,structured,DoS,Benign,4,FLOW_DURATION_MILLISECONDS,388,388,True,True,True,24,0.00698535484455,0.00698535484455,random_forest,DoS probability,False,0,False
153,pilot_154,3292f484073ceec4,structured,DoS,Benign,5,MIN_TTL,62,62,True,True,True,2,0.0568513672506,0.0568513672506,random_forest,DoS probability,True,0.0568513672506,True
154,pilot_155,3cfb7e6d67b853db,deterministic_text,Benign,DoS,1,FLOW_DURATION_MILLISECONDS,38,38,True,True,True,24,-0.0274092339058,0.0274092339058,logistic_regression,DoS log-odds,False,0,False
154,pilot_155,3cfb7e6d67b853db,deterministic_text,Benign,DoS,2,SRC_TO_DST_IAT_MAX,2,2,True,True,True,35,0.00345283671125,0.00345283671125,logistic_regression,DoS log-odds,False,0,False
154,pilot_155,3cfb7e6d67b853db,deterministic_text,Benign,DoS,3,RETRANSMITTED_IN_PKTS,30,30,True,True,True,16,-0.115014976338,0.115014976338,logistic_regression,DoS log-odds,False,0,False
154,pilot_155,3cfb7e6d67b853db,deterministic_text,Benign,DoS,4,NUM_PKTS_UP_TO_128_BYTES,222,222,True,True,True,8,-0.303158160276,0.303158160276,logistic_regression,DoS log-odds,False,0,False
154,pilot_155,3cfb7e6d67b853db,deterministic_text,Benign,DoS,5,IN_PKTS,122,122,True,True,True,19,-0.0962021386084,0.0962021386084,logistic_regression,DoS log-odds,False,0,False
154,pilot_155,3cfb7e6d67b853db,deterministic_text,Benign,DoS,1,FLOW_DURATION_MILLISECONDS,38,38,True,True,True,16,-0.011554686622,0.011554686622,random_forest,DoS probability,False,0,False
154,pilot_155,3cfb7e6d67b853db,deterministic_text,Benign,DoS,2,SRC_TO_DST_IAT_MAX,2,2,True,True,True,12,-0.0140646209031,0.0140646209031,random_forest,DoS probability,False,0,False
154,pilot_155,3cfb7e6d67b853db,deterministic_text,Benign,DoS,3,RETRANSMITTED_IN_PKTS,30,30,True,True,True,22,-0.00779198983928,0.00779198983928,random_forest,DoS probability,False,0,False
154,pilot_155,3cfb7e6d67b853db,deterministic_text,Benign,DoS,4,NUM_PKTS_UP_TO_128_BYTES,222,222,True,True,True,8,-0.0167801289557,0.0167801289557,random_forest,DoS probability,False,0,False
154,pilot_155,3cfb7e6d67b853db,deterministic_text,Benign,DoS,5,IN_PKTS,122,122,True,True,True,18,-0.00987138330454,0.00987138330454,random_forest,DoS probability,False,0,False
154,pilot_155,3cfb7e6d67b853db,structured,Benign,DoS,1,TCP_FLAGS,27,27,True,True,True,21,-0.063417026278,0.063417026278,logistic_regression,DoS log-odds,False,0,False
154,pilot_155,3cfb7e6d67b853db,structured,Benign,DoS,2,RETRANSMITTED_IN_PKTS,30,30,True,True,True,16,-0.115014976338,0.115014976338,logistic_regression,DoS log-odds,False,0,False
154,pilot_155,3cfb7e6d67b853db,structured,Benign,DoS,3,FLOW_DURATION_MILLISECONDS,38,38,True,True,True,24,-0.0274092339058,0.0274092339058,logistic_regression,DoS log-odds,False,0,False
154,pilot_155,3cfb7e6d67b853db,structured,Benign,DoS,4,L4_DST_PORT,143,143,True,True,True,42,0,0,logistic_regression,DoS log-odds,False,0,False
154,pilot_155,3cfb7e6d67b853db,structured,Benign,DoS,5,SRC_TO_DST_IAT_AVG,0,0,True,True,True,26,-0.0239734416201,0.0239734416201,logistic_regression,DoS log-odds,False,0,False
154,pilot_155,3cfb7e6d67b853db,structured,Benign,DoS,1,TCP_FLAGS,27,27,True,True,True,13,-0.0133385048686,0.0133385048686,random_forest,DoS probability,False,0,False
154,pilot_155,3cfb7e6d67b853db,structured,Benign,DoS,2,RETRANSMITTED_IN_PKTS,30,30,True,True,True,22,-0.00779198983928,0.00779198983928,random_forest,DoS probability,False,0,False
154,pilot_155,3cfb7e6d67b853db,structured,Benign,DoS,3,FLOW_DURATION_MILLISECONDS,38,38,True,True,True,16,-0.011554686622,0.011554686622,random_forest,DoS probability,False,0,False
154,pilot_155,3cfb7e6d67b853db,structured,Benign,DoS,4,L4_DST_PORT,143,143,True,True,True,33,-0.00252653683486,0.00252653683486,random_forest,DoS probability,False,0,False
154,pilot_155,3cfb7e6d67b853db,structured,Benign,DoS,5,SRC_TO_DST_IAT_AVG,0,0,True,True,True,11,-0.014817700443,0.014817700443,random_forest,DoS probability,False,0,False
155,pilot_156,ae8f22443e30d7f3,deterministic_text,DoS,Benign,1,IN_PKTS,10,10,True,True,True,16,0.0292119690493,0.0292119690493,logistic_regression,DoS log-odds,False,0,False
155,pilot_156,ae8f22443e30d7f3,deterministic_text,DoS,Benign,2,FLOW_DURATION_MILLISECONDS,278,278,True,True,True,21,-0.0215934007918,0.0215934007918,logistic_regression,DoS log-odds,False,0,False
155,pilot_156,ae8f22443e30d7f3,deterministic_text,DoS,Benign,3,L4_DST_PORT,80,80,True,True,True,3,0.586586963672,0.586586963672,logistic_regression,DoS log-odds,True,0.586586963672,True
155,pilot_156,ae8f22443e30d7f3,deterministic_text,DoS,Benign,4,IN_BYTES,786,786,True,True,True,40,-0.00116952976245,0.00116952976245,logistic_regression,DoS log-odds,False,0,False
155,pilot_156,ae8f22443e30d7f3,deterministic_text,DoS,Benign,5,SRC_TO_DST_AVG_THROUGHPUT,22537,22537,True,True,True,12,0.0812073596266,0.0812073596266,logistic_regression,DoS log-odds,False,0,False
155,pilot_156,ae8f22443e30d7f3,deterministic_text,DoS,Benign,1,IN_PKTS,10,10,True,True,True,25,0.00558511671437,0.00558511671437,random_forest,DoS probability,False,0,False
155,pilot_156,ae8f22443e30d7f3,deterministic_text,DoS,Benign,2,FLOW_DURATION_MILLISECONDS,278,278,True,True,True,16,0.00941377625344,0.00941377625344,random_forest,DoS probability,False,0,False
155,pilot_156,ae8f22443e30d7f3,deterministic_text,DoS,Benign,3,L4_DST_PORT,80,80,True,True,True,22,0.00759860030716,0.00759860030716,random_forest,DoS probability,False,0,False
155,pilot_156,ae8f22443e30d7f3,deterministic_text,DoS,Benign,4,IN_BYTES,786,786,True,True,True,24,0.00604989236411,0.00604989236411,random_forest,DoS probability,False,0,False
155,pilot_156,ae8f22443e30d7f3,deterministic_text,DoS,Benign,5,SRC_TO_DST_AVG_THROUGHPUT,22537,22537,True,True,True,14,0.0108554314145,0.0108554314145,random_forest,DoS probability,False,0,False
155,pilot_156,ae8f22443e30d7f3,structured,DoS,Benign,1,L4_DST_PORT,80,80,True,True,True,3,0.586586963672,0.586586963672,logistic_regression,DoS log-odds,True,0.586586963672,True
155,pilot_156,ae8f22443e30d7f3,structured,DoS,Benign,2,IN_BYTES,786,786,True,True,True,40,-0.00116952976245,0.00116952976245,logistic_regression,DoS log-odds,False,0,False
155,pilot_156,ae8f22443e30d7f3,structured,DoS,Benign,3,IN_PKTS,10,10,True,True,True,16,0.0292119690493,0.0292119690493,logistic_regression,DoS log-odds,False,0,False
155,pilot_156,ae8f22443e30d7f3,structured,DoS,Benign,4,SRC_TO_DST_AVG_THROUGHPUT,22537,22537,True,True,True,12,0.0812073596266,0.0812073596266,logistic_regression,DoS log-odds,False,0,False
155,pilot_156,ae8f22443e30d7f3,structured,DoS,Benign,5,FLOW_DURATION_MILLISECONDS,278,278,True,True,True,21,-0.0215934007918,0.0215934007918,logistic_regression,DoS log-odds,False,0,False
155,pilot_156,ae8f22443e30d7f3,structured,DoS,Benign,1,L4_DST_PORT,80,80,True,True,True,22,0.00759860030716,0.00759860030716,random_forest,DoS probability,False,0,False
155,pilot_156,ae8f22443e30d7f3,structured,DoS,Benign,2,IN_BYTES,786,786,True,True,True,24,0.00604989236411,0.00604989236411,random_forest,DoS probability,False,0,False
155,pilot_156,ae8f22443e30d7f3,structured,DoS,Benign,3,IN_PKTS,10,10,True,True,True,25,0.00558511671437,0.00558511671437,random_forest,DoS probability,False,0,False
155,pilot_156,ae8f22443e30d7f3,structured,DoS,Benign,4,SRC_TO_DST_AVG_THROUGHPUT,22537,22537,True,True,True,14,0.0108554314145,0.0108554314145,random_forest,DoS probability,False,0,False
155,pilot_156,ae8f22443e30d7f3,structured,DoS,Benign,5,FLOW_DURATION_MILLISECONDS,278,278,True,True,True,16,0.00941377625344,0.00941377625344,random_forest,DoS probability,False,0,False
156,pilot_157,899be45bc72ab02c,deterministic_text,Benign,DoS,1,L4_DST_PORT,43471,43471,True,True,True,44,0,0,logistic_regression,DoS log-odds,False,0,False
156,pilot_157,899be45bc72ab02c,deterministic_text,Benign,DoS,2,PROTOCOL,17,17,True,True,True,13,-0.0903961237584,0.0903961237584,logistic_regression,DoS log-odds,False,0,False
156,pilot_157,899be45bc72ab02c,deterministic_text,Benign,DoS,3,MIN_IP_PKT_LEN,52,52,True,True,True,1,-0.971038162803,0.971038162803,logistic_regression,DoS log-odds,True,0.971038162803,True
156,pilot_157,899be45bc72ab02c,deterministic_text,Benign,DoS,4,SRC_TO_DST_IAT_MAX,1,1,True,True,True,40,-0.00333327263686,0.00333327263686,logistic_regression,DoS log-odds,False,0,False
156,pilot_157,899be45bc72ab02c,deterministic_text,Benign,DoS,5,FLOW_DURATION_MILLISECONDS,1,1,True,True,True,26,-0.0236591246,0.0236591246,logistic_regression,DoS log-odds,False,0,False
156,pilot_157,899be45bc72ab02c,deterministic_text,Benign,DoS,1,L4_DST_PORT,43471,43471,True,True,True,20,-0.00657706221742,0.00657706221742,random_forest,DoS probability,False,0,False
156,pilot_157,899be45bc72ab02c,deterministic_text,Benign,DoS,2,PROTOCOL,17,17,True,True,True,29,-0.00321582336514,0.00321582336514,random_forest,DoS probability,False,0,False
156,pilot_157,899be45bc72ab02c,deterministic_text,Benign,DoS,3,MIN_IP_PKT_LEN,52,52,True,True,True,1,-0.0762198000685,0.0762198000685,random_forest,DoS probability,True,0.0762198000685,True
156,pilot_157,899be45bc72ab02c,deterministic_text,Benign,DoS,4,SRC_TO_DST_IAT_MAX,1,1,True,True,True,15,-0.0104735137745,0.0104735137745,random_forest,DoS probability,False,0,False
156,pilot_157,899be45bc72ab02c,deterministic_text,Benign,DoS,5,FLOW_DURATION_MILLISECONDS,1,1,True,True,True,14,-0.0112867812874,0.0112867812874,random_forest,DoS probability,False,0,False
156,pilot_157,899be45bc72ab02c,structured,Benign,Benign,1,OUT_PKTS,4,4,True,True,True,39,-0.00584072180502,0.00584072180502,logistic_regression,DoS log-odds,False,0,False
156,pilot_157,899be45bc72ab02c,structured,Benign,Benign,2,L4_DST_PORT,43471,43471,True,True,True,44,0,0,logistic_regression,DoS log-odds,False,0,False
156,pilot_157,899be45bc72ab02c,structured,Benign,Benign,3,IN_PKTS,4,4,True,True,True,22,0.0542505500329,0.0542505500329,logistic_regression,DoS log-odds,False,0,False
156,pilot_157,899be45bc72ab02c,structured,Benign,Benign,4,PROTOCOL,17,17,True,True,True,13,-0.0903961237584,0.0903961237584,logistic_regression,DoS log-odds,False,0,False
156,pilot_157,899be45bc72ab02c,structured,Benign,Benign,5,RETRANSMITTED_IN_PKTS,0,0,True,True,True,23,0.0389908958855,0.0389908958855,logistic_regression,DoS log-odds,False,0,False
156,pilot_157,899be45bc72ab02c,structured,Benign,Benign,1,OUT_PKTS,4,4,True,True,True,25,-0.00386139967846,0.00386139967846,random_forest,DoS probability,False,0,False
156,pilot_157,899be45bc72ab02c,structured,Benign,Benign,2,L4_DST_PORT,43471,43471,True,True,True,20,-0.00657706221742,0.00657706221742,random_forest,DoS probability,False,0,False
156,pilot_157,899be45bc72ab02c,structured,Benign,Benign,3,IN_PKTS,4,4,True,True,True,41,-0.000475198478569,0.000475198478569,random_forest,DoS probability,False,0,False
156,pilot_157,899be45bc72ab02c,structured,Benign,Benign,4,PROTOCOL,17,17,True,True,True,29,-0.00321582336514,0.00321582336514,random_forest,DoS probability,False,0,False
156,pilot_157,899be45bc72ab02c,structured,Benign,Benign,5,RETRANSMITTED_IN_PKTS,0,0,True,True,True,27,0.00328528300585,0.00328528300585,random_forest,DoS probability,False,0,False
157,pilot_158,933bfe80fc02eddf,deterministic_text,Benign,DoS,1,DST_TO_SRC_AVG_THROUGHPUT,17648000,17648000,True,True,True,1,-2.1747457248,2.1747457248,logistic_regression,DoS log-odds,True,2.1747457248,True
157,pilot_158,933bfe80fc02eddf,deterministic_text,Benign,DoS,2,FLOW_DURATION_MILLISECONDS,3,3,True,True,True,23,-0.0649083368924,0.0649083368924,logistic_regression,DoS log-odds,False,0,False
157,pilot_158,933bfe80fc02eddf,deterministic_text,Benign,DoS,3,RETRANSMITTED_OUT_BYTES,4252,4252,True,True,True,38,0.00205552266618,0.00205552266618,logistic_regression,DoS log-odds,False,0,False
157,pilot_158,933bfe80fc02eddf,deterministic_text,Benign,DoS,4,SRC_TO_DST_IAT_AVG,0,0,True,True,True,31,-0.0173948175044,0.0173948175044,logistic_regression,DoS log-odds,False,0,False
157,pilot_158,933bfe80fc02eddf,deterministic_text,Benign,DoS,5,L4_DST_PORT,13531,13531,True,True,True,44,0,0,logistic_regression,DoS log-odds,False,0,False
157,pilot_158,933bfe80fc02eddf,deterministic_text,Benign,DoS,1,DST_TO_SRC_AVG_THROUGHPUT,17648000,17648000,True,True,True,4,-0.0420064546653,0.0420064546653,random_forest,DoS probability,True,0.0420064546653,True
157,pilot_158,933bfe80fc02eddf,deterministic_text,Benign,DoS,2,FLOW_DURATION_MILLISECONDS,3,3,True,True,True,11,-0.012834247158,0.012834247158,random_forest,DoS probability,False,0,False
157,pilot_158,933bfe80fc02eddf,deterministic_text,Benign,DoS,3,RETRANSMITTED_OUT_BYTES,4252,4252,True,True,True,13,-0.011890812072,0.011890812072,random_forest,DoS probability,False,0,False
157,pilot_158,933bfe80fc02eddf,deterministic_text,Benign,DoS,4,SRC_TO_DST_IAT_AVG,0,0,True,True,True,16,-0.00977057906298,0.00977057906298,random_forest,DoS probability,False,0,False
157,pilot_158,933bfe80fc02eddf,deterministic_text,Benign,DoS,5,L4_DST_PORT,13531,13531,True,True,True,31,-0.00318317407463,0.00318317407463,random_forest,DoS probability,False,0,False
157,pilot_158,933bfe80fc02eddf,structured,Benign,Benign,1,TCP_FLAGS,27,27,True,True,True,24,-0.064280133966,0.064280133966,logistic_regression,DoS log-odds,False,0,False
157,pilot_158,933bfe80fc02eddf,structured,Benign,Benign,2,FLOW_DURATION_MILLISECONDS,3,3,True,True,True,23,-0.0649083368924,0.0649083368924,logistic_regression,DoS log-odds,False,0,False
157,pilot_158,933bfe80fc02eddf,structured,Benign,Benign,3,IN_BYTES,424,424,True,True,True,39,-0.00136343760175,0.00136343760175,logistic_regression,DoS log-odds,False,0,False
157,pilot_158,933bfe80fc02eddf,structured,Benign,Benign,4,OUT_PKTS,12,12,True,True,True,27,0.0427439033485,0.0427439033485,logistic_regression,DoS log-odds,False,0,False
157,pilot_158,933bfe80fc02eddf,structured,Benign,Benign,5,PROTOCOL,6,6,True,True,True,18,0.109439772543,0.109439772543,logistic_regression,DoS log-odds,False,0,False
157,pilot_158,933bfe80fc02eddf,structured,Benign,Benign,1,TCP_FLAGS,27,27,True,True,True,10,-0.0139477380905,0.0139477380905,random_forest,DoS probability,False,0,False
157,pilot_158,933bfe80fc02eddf,structured,Benign,Benign,2,FLOW_DURATION_MILLISECONDS,3,3,True,True,True,11,-0.012834247158,0.012834247158,random_forest,DoS probability,False,0,False
157,pilot_158,933bfe80fc02eddf,structured,Benign,Benign,3,IN_BYTES,424,424,True,True,True,43,-7.69977673043e-05,7.69977673043e-05,random_forest,DoS probability,False,0,False
157,pilot_158,933bfe80fc02eddf,structured,Benign,Benign,4,OUT_PKTS,12,12,True,True,True,12,-0.0122993328854,0.0122993328854,random_forest,DoS probability,False,0,False
157,pilot_158,933bfe80fc02eddf,structured,Benign,Benign,5,PROTOCOL,6,6,True,True,True,34,-0.00150021474304,0.00150021474304,random_forest,DoS probability,False,0,False
158,pilot_159,cd9f49bdaf8c3a54,deterministic_text,DoS,Benign,1,L4_DST_PORT,80,80,True,True,True,3,0.585425249008,0.585425249008,logistic_regression,DoS log-odds,True,0.585425249008,True
158,pilot_159,cd9f49bdaf8c3a54,deterministic_text,DoS,Benign,2,IN_PKTS,10,10,True,True,True,18,0.046282833515,0.046282833515,logistic_regression,DoS log-odds,False,0,False
158,pilot_159,cd9f49bdaf8c3a54,deterministic_text,DoS,Benign,3,FLOW_DURATION_MILLISECONDS,1286,1286,True,True,True,34,0.00553730351188,0.00553730351188,logistic_regression,DoS log-odds,False,0,False
158,pilot_159,cd9f49bdaf8c3a54,deterministic_text,DoS,Benign,4,OUT_BYTES,8644,8644,True,True,True,31,-0.00633582803179,0.00633582803179,logistic_regression,DoS log-odds,False,0,False
158,pilot_159,cd9f49bdaf8c3a54,deterministic_text,DoS,Benign,5,MIN_TTL,62,62,True,True,True,4,-0.447704621161,0.447704621161,logistic_regression,DoS log-odds,True,0.447704621161,True
158,pilot_159,cd9f49bdaf8c3a54,deterministic_text,DoS,Benign,1,L4_DST_PORT,80,80,True,True,True,25,0.00698777081923,0.00698777081923,random_forest,DoS probability,False,0,False
158,pilot_159,cd9f49bdaf8c3a54,deterministic_text,DoS,Benign,2,IN_PKTS,10,10,True,True,True,18,0.00926631353589,0.00926631353589,random_forest,DoS probability,False,0,False
158,pilot_159,cd9f49bdaf8c3a54,deterministic_text,DoS,Benign,3,FLOW_DURATION_MILLISECONDS,1286,1286,True,True,True,16,0.00970673483785,0.00970673483785,random_forest,DoS probability,False,0,False
158,pilot_159,cd9f49bdaf8c3a54,deterministic_text,DoS,Benign,4,OUT_BYTES,8644,8644,True,True,True,20,-0.00865496548475,0.00865496548475,random_forest,DoS probability,False,0,False
158,pilot_159,cd9f49bdaf8c3a54,deterministic_text,DoS,Benign,5,MIN_TTL,62,62,True,True,True,4,0.0478605917665,0.0478605917665,random_forest,DoS probability,True,0.0478605917665,True
158,pilot_159,cd9f49bdaf8c3a54,structured,DoS,Benign,1,IN_PKTS,10,10,True,True,True,18,0.046282833515,0.046282833515,logistic_regression,DoS log-odds,False,0,False
158,pilot_159,cd9f49bdaf8c3a54,structured,DoS,Benign,2,OUT_PKTS,12,12,True,True,True,36,-0.00396185253499,0.00396185253499,logistic_regression,DoS log-odds,False,0,False
158,pilot_159,cd9f49bdaf8c3a54,structured,DoS,Benign,3,FLOW_DURATION_MILLISECONDS,1286,1286,True,True,True,34,0.00553730351188,0.00553730351188,logistic_regression,DoS log-odds,False,0,False
158,pilot_159,cd9f49bdaf8c3a54,structured,DoS,Benign,4,L4_DST_PORT,80,80,True,True,True,3,0.585425249008,0.585425249008,logistic_regression,DoS log-odds,True,0.585425249008,True
158,pilot_159,cd9f49bdaf8c3a54,structured,DoS,Benign,5,IN_BYTES,806,806,True,True,True,39,-0.00263429801867,0.00263429801867,logistic_regression,DoS log-odds,False,0,False
158,pilot_159,cd9f49bdaf8c3a54,structured,DoS,Benign,1,IN_PKTS,10,10,True,True,True,18,0.00926631353589,0.00926631353589,random_forest,DoS probability,False,0,False
158,pilot_159,cd9f49bdaf8c3a54,structured,DoS,Benign,2,OUT_PKTS,12,12,True,True,True,30,-0.00436799398267,0.00436799398267,random_forest,DoS probability,False,0,False
158,pilot_159,cd9f49bdaf8c3a54,structured,DoS,Benign,3,FLOW_DURATION_MILLISECONDS,1286,1286,True,True,True,16,0.00970673483785,0.00970673483785,random_forest,DoS probability,False,0,False
158,pilot_159,cd9f49bdaf8c3a54,structured,DoS,Benign,4,L4_DST_PORT,80,80,True,True,True,25,0.00698777081923,0.00698777081923,random_forest,DoS probability,False,0,False
158,pilot_159,cd9f49bdaf8c3a54,structured,DoS,Benign,5,IN_BYTES,806,806,True,True,True,21,0.00845125742072,0.00845125742072,random_forest,DoS probability,False,0,False
159,pilot_160,55d3db03c3f6459e,deterministic_text,Benign,DoS,1,FLOW_DURATION_MILLISECONDS,8,8,True,True,True,21,-0.0281362130451,0.0281362130451,logistic_regression,DoS log-odds,False,0,False
159,pilot_160,55d3db03c3f6459e,deterministic_text,Benign,DoS,2,DST_TO_SRC_IAT_MAX,1,1,True,True,True,19,0.0440257007501,0.0440257007501,logistic_regression,DoS log-odds,False,0,False
159,pilot_160,55d3db03c3f6459e,deterministic_text,Benign,DoS,3,RETRANSMITTED_OUT_PKTS,10,10,True,True,True,36,-0.00558400234909,0.00558400234909,logistic_regression,DoS log-odds,False,0,False
159,pilot_160,55d3db03c3f6459e,deterministic_text,Benign,DoS,4,RETRANSMITTED_IN_PKTS,7,7,True,True,True,40,-0.00295378678972,0.00295378678972,logistic_regression,DoS log-odds,False,0,False
159,pilot_160,55d3db03c3f6459e,deterministic_text,Benign,DoS,5,NUM_PKTS_UP_TO_128_BYTES,58,58,True,True,True,25,-0.0198045189836,0.0198045189836,logistic_regression,DoS log-odds,False,0,False
159,pilot_160,55d3db03c3f6459e,deterministic_text,Benign,DoS,1,FLOW_DURATION_MILLISECONDS,8,8,True,True,True,15,-0.0113309168884,0.0113309168884,random_forest,DoS probability,False,0,False
159,pilot_160,55d3db03c3f6459e,deterministic_text,Benign,DoS,2,DST_TO_SRC_IAT_MAX,1,1,True,True,True,27,-0.00485525413012,0.00485525413012,random_forest,DoS probability,False,0,False
159,pilot_160,55d3db03c3f6459e,deterministic_text,Benign,DoS,3,RETRANSMITTED_OUT_PKTS,10,10,True,True,True,13,-0.0125249284754,0.0125249284754,random_forest,DoS probability,False,0,False
159,pilot_160,55d3db03c3f6459e,deterministic_text,Benign,DoS,4,RETRANSMITTED_IN_PKTS,7,7,True,True,True,23,-0.00641059611745,0.00641059611745,random_forest,DoS probability,False,0,False
159,pilot_160,55d3db03c3f6459e,deterministic_text,Benign,DoS,5,NUM_PKTS_UP_TO_128_BYTES,58,58,True,True,True,9,-0.0163891583034,0.0163891583034,random_forest,DoS probability,False,0,False
159,pilot_160,55d3db03c3f6459e,structured,Benign,DoS,1,SRC_TO_DST_IAT_MAX,1,1,True,True,True,38,0.00346053931535,0.00346053931535,logistic_regression,DoS log-odds,False,0,False
159,pilot_160,55d3db03c3f6459e,structured,Benign,DoS,2,FLOW_DURATION_MILLISECONDS,8,8,True,True,True,21,-0.0281362130451,0.0281362130451,logistic_regression,DoS log-odds,False,0,False
159,pilot_160,55d3db03c3f6459e,structured,Benign,DoS,3,RETRANSMITTED_OUT_PKTS,10,10,True,True,True,36,-0.00558400234909,0.00558400234909,logistic_regression,DoS log-odds,False,0,False
159,pilot_160,55d3db03c3f6459e,structured,Benign,DoS,4,MIN_TTL,31,31,True,True,True,4,-0.751375024111,0.751375024111,logistic_regression,DoS log-odds,True,0.751375024111,True
159,pilot_160,55d3db03c3f6459e,structured,Benign,DoS,5,TCP_FLAGS,27,27,True,True,True,16,-0.063417026278,0.063417026278,logistic_regression,DoS log-odds,False,0,False
159,pilot_160,55d3db03c3f6459e,structured,Benign,DoS,1,SRC_TO_DST_IAT_MAX,1,1,True,True,True,11,-0.0139195463237,0.0139195463237,random_forest,DoS probability,False,0,False
159,pilot_160,55d3db03c3f6459e,structured,Benign,DoS,2,FLOW_DURATION_MILLISECONDS,8,8,True,True,True,15,-0.0113309168884,0.0113309168884,random_forest,DoS probability,False,0,False
159,pilot_160,55d3db03c3f6459e,structured,Benign,DoS,3,RETRANSMITTED_OUT_PKTS,10,10,True,True,True,13,-0.0125249284754,0.0125249284754,random_forest,DoS probability,False,0,False
159,pilot_160,55d3db03c3f6459e,structured,Benign,DoS,4,MIN_TTL,31,31,True,True,True,3,-0.0480533911523,0.0480533911523,random_forest,DoS probability,True,0.0480533911523,True
159,pilot_160,55d3db03c3f6459e,structured,Benign,DoS,5,TCP_FLAGS,27,27,True,True,True,12,-0.0134016344527,0.0134016344527,random_forest,DoS probability,False,0,False
160,pilot_161,141b823f469f82f8,deterministic_text,DoS,Benign,1,IN_PKTS,6,6,True,True,True,20,0.051169773456,0.051169773456,logistic_regression,DoS log-odds,False,0,False
160,pilot_161,141b823f469f82f8,deterministic_text,DoS,Benign,2,IN_BYTES,240,240,True,True,True,38,-0.00676828875776,0.00676828875776,logistic_regression,DoS log-odds,False,0,False
160,pilot_161,141b823f469f82f8,deterministic_text,DoS,Benign,3,MAX_IP_PKT_LEN,40,40,True,True,True,4,0.28708020189,0.28708020189,logistic_regression,DoS log-odds,True,0.28708020189,True
160,pilot_161,141b823f469f82f8,deterministic_text,DoS,Benign,4,TCP_FLAGS,19,19,True,True,True,10,0.142077836137,0.142077836137,logistic_regression,DoS log-odds,False,0,False
160,pilot_161,141b823f469f82f8,deterministic_text,DoS,Benign,5,OUT_PKTS,2,2,True,True,True,39,-0.00596402507574,0.00596402507574,logistic_regression,DoS log-odds,False,0,False
160,pilot_161,141b823f469f82f8,deterministic_text,DoS,Benign,1,IN_PKTS,6,6,True,True,True,19,0.00888606645714,0.00888606645714,random_forest,DoS probability,False,0,False
160,pilot_161,141b823f469f82f8,deterministic_text,DoS,Benign,2,IN_BYTES,240,240,True,True,True,29,0.00361854802119,0.00361854802119,random_forest,DoS probability,False,0,False
160,pilot_161,141b823f469f82f8,deterministic_text,DoS,Benign,3,MAX_IP_PKT_LEN,40,40,True,True,True,23,0.00806314085098,0.00806314085098,random_forest,DoS probability,False,0,False
160,pilot_161,141b823f469f82f8,deterministic_text,DoS,Benign,4,TCP_FLAGS,19,19,True,True,True,8,0.0176164753531,0.0176164753531,random_forest,DoS probability,False,0,False
160,pilot_161,141b823f469f82f8,deterministic_text,DoS,Benign,5,OUT_PKTS,2,2,True,True,True,16,0.0104832009768,0.0104832009768,random_forest,DoS probability,False,0,False
160,pilot_161,141b823f469f82f8,structured,DoS,Benign,1,IN_PKTS,6,6,True,True,True,20,0.051169773456,0.051169773456,logistic_regression,DoS log-odds,False,0,False
160,pilot_161,141b823f469f82f8,structured,DoS,Benign,2,FLOW_DURATION_MILLISECONDS,2469,2469,True,True,True,24,0.0282705675301,0.0282705675301,logistic_regression,DoS log-odds,False,0,False
160,pilot_161,141b823f469f82f8,structured,DoS,Benign,3,IN_BYTES,240,240,True,True,True,38,-0.00676828875776,0.00676828875776,logistic_regression,DoS log-odds,False,0,False
160,pilot_161,141b823f469f82f8,structured,DoS,Benign,4,MAX_IP_PKT_LEN,40,40,True,True,True,4,0.28708020189,0.28708020189,logistic_regression,DoS log-odds,True,0.28708020189,True
160,pilot_161,141b823f469f82f8,structured,DoS,Benign,5,RETRANSMITTED_IN_PKTS,1,1,True,True,True,23,0.0331276032711,0.0331276032711,logistic_regression,DoS log-odds,False,0,False
160,pilot_161,141b823f469f82f8,structured,DoS,Benign,1,IN_PKTS,6,6,True,True,True,19,0.00888606645714,0.00888606645714,random_forest,DoS probability,False,0,False
160,pilot_161,141b823f469f82f8,structured,DoS,Benign,2,FLOW_DURATION_MILLISECONDS,2469,2469,True,True,True,26,0.00536780856732,0.00536780856732,random_forest,DoS probability,False,0,False
160,pilot_161,141b823f469f82f8,structured,DoS,Benign,3,IN_BYTES,240,240,True,True,True,29,0.00361854802119,0.00361854802119,random_forest,DoS probability,False,0,False
160,pilot_161,141b823f469f82f8,structured,DoS,Benign,4,MAX_IP_PKT_LEN,40,40,True,True,True,23,0.00806314085098,0.00806314085098,random_forest,DoS probability,False,0,False
160,pilot_161,141b823f469f82f8,structured,DoS,Benign,5,RETRANSMITTED_IN_PKTS,1,1,True,True,True,24,0.00757198606128,0.00757198606128,random_forest,DoS probability,False,0,False
161,pilot_162,b10a119abbead762,deterministic_text,DoS,Benign,1,IN_PKTS,40,40,True,True,True,40,-0.000359534923379,0.000359534923379,logistic_regression,DoS log-odds,False,0,False
161,pilot_162,b10a119abbead762,deterministic_text,DoS,Benign,2,IN_BYTES,45740,45740,True,True,True,30,0.0107177654054,0.0107177654054,logistic_regression,DoS log-odds,False,0,False
161,pilot_162,b10a119abbead762,deterministic_text,DoS,Benign,3,L4_DST_PORT,80,80,True,True,True,5,0.585425249008,0.585425249008,logistic_regression,DoS log-odds,True,0.585425249008,True
161,pilot_162,b10a119abbead762,deterministic_text,DoS,Benign,4,L4_SRC_PORT,60016,60016,True,True,True,42,0,0,logistic_regression,DoS log-odds,False,0,False
161,pilot_162,b10a119abbead762,deterministic_text,DoS,Benign,5,FLOW_DURATION_MILLISECONDS,555,555,True,True,True,28,-0.0141862626579,0.0141862626579,logistic_regression,DoS log-odds,False,0,False
161,pilot_162,b10a119abbead762,deterministic_text,DoS,Benign,1,IN_PKTS,40,40,True,True,True,8,-0.0154129497953,0.0154129497953,random_forest,DoS probability,False,0,False
161,pilot_162,b10a119abbead762,deterministic_text,DoS,Benign,2,IN_BYTES,45740,45740,True,True,True,26,-0.00700356271271,0.00700356271271,random_forest,DoS probability,False,0,False
161,pilot_162,b10a119abbead762,deterministic_text,DoS,Benign,3,L4_DST_PORT,80,80,True,True,True,24,0.00775338351628,0.00775338351628,random_forest,DoS probability,False,0,False
161,pilot_162,b10a119abbead762,deterministic_text,DoS,Benign,4,L4_SRC_PORT,60016,60016,True,True,True,35,0.00179906471061,0.00179906471061,random_forest,DoS probability,False,0,False
161,pilot_162,b10a119abbead762,deterministic_text,DoS,Benign,5,FLOW_DURATION_MILLISECONDS,555,555,True,True,True,25,0.0071968424534,0.0071968424534,random_forest,DoS probability,False,0,False
161,pilot_162,b10a119abbead762,structured,DoS,Benign,1,L4_DST_PORT,80,80,True,True,True,5,0.585425249008,0.585425249008,logistic_regression,DoS log-odds,True,0.585425249008,True
161,pilot_162,b10a119abbead762,structured,DoS,Benign,2,IN_PKTS,40,40,True,True,True,40,-0.000359534923379,0.000359534923379,logistic_regression,DoS log-odds,False,0,False
161,pilot_162,b10a119abbead762,structured,DoS,Benign,3,FLOW_DURATION_MILLISECONDS,555,555,True,True,True,28,-0.0141862626579,0.0141862626579,logistic_regression,DoS log-odds,False,0,False
161,pilot_162,b10a119abbead762,structured,DoS,Benign,4,TCP_FLAGS,19,19,True,True,True,11,0.146396606346,0.146396606346,logistic_regression,DoS log-odds,False,0,False
161,pilot_162,b10a119abbead762,structured,DoS,Benign,5,MIN_TTL,254,254,True,True,True,2,1.25445948306,1.25445948306,logistic_regression,DoS log-odds,True,1.25445948306,True
161,pilot_162,b10a119abbead762,structured,DoS,Benign,1,L4_DST_PORT,80,80,True,True,True,24,0.00775338351628,0.00775338351628,random_forest,DoS probability,False,0,False
161,pilot_162,b10a119abbead762,structured,DoS,Benign,2,IN_PKTS,40,40,True,True,True,8,-0.0154129497953,0.0154129497953,random_forest,DoS probability,False,0,False
161,pilot_162,b10a119abbead762,structured,DoS,Benign,3,FLOW_DURATION_MILLISECONDS,555,555,True,True,True,25,0.0071968424534,0.0071968424534,random_forest,DoS probability,False,0,False
161,pilot_162,b10a119abbead762,structured,DoS,Benign,4,TCP_FLAGS,19,19,True,True,True,7,0.0240610795423,0.0240610795423,random_forest,DoS probability,False,0,False
161,pilot_162,b10a119abbead762,structured,DoS,Benign,5,MIN_TTL,254,254,True,True,True,3,0.0546586341702,0.0546586341702,random_forest,DoS probability,True,0.0546586341702,True
162,pilot_163,1df7fa8bbd555715,deterministic_text,DoS,Benign,1,IN_PKTS,2,2,True,True,True,21,0.0475904620603,0.0475904620603,logistic_regression,DoS log-odds,False,0,False
162,pilot_163,1df7fa8bbd555715,deterministic_text,DoS,Benign,2,IN_BYTES,104,104,True,True,True,41,-0.00243747607482,0.00243747607482,logistic_regression,DoS log-odds,False,0,False
162,pilot_163,1df7fa8bbd555715,deterministic_text,DoS,Benign,3,FLOW_DURATION_MILLISECONDS,0,0,True,True,True,25,-0.0246888382773,0.0246888382773,logistic_regression,DoS log-odds,False,0,False
162,pilot_163,1df7fa8bbd555715,deterministic_text,DoS,Benign,4,PROTOCOL,17,17,True,True,True,11,-0.103185567771,0.103185567771,logistic_regression,DoS log-odds,False,0,False
162,pilot_163,1df7fa8bbd555715,deterministic_text,DoS,Benign,5,OUT_PKTS,0,0,True,True,True,38,-0.00577477819909,0.00577477819909,logistic_regression,DoS log-odds,False,0,False
162,pilot_163,1df7fa8bbd555715,deterministic_text,DoS,Benign,1,IN_PKTS,2,2,True,True,True,10,0.017155433272,0.017155433272,random_forest,DoS probability,False,0,False
162,pilot_163,1df7fa8bbd555715,deterministic_text,DoS,Benign,2,IN_BYTES,104,104,True,True,True,17,0.0113358073677,0.0113358073677,random_forest,DoS probability,False,0,False
162,pilot_163,1df7fa8bbd555715,deterministic_text,DoS,Benign,3,FLOW_DURATION_MILLISECONDS,0,0,True,True,True,19,0.00826545452276,0.00826545452276,random_forest,DoS probability,False,0,False
162,pilot_163,1df7fa8bbd555715,deterministic_text,DoS,Benign,4,PROTOCOL,17,17,True,True,True,44,1.77992955098e-05,1.77992955098e-05,random_forest,DoS probability,False,0,False
162,pilot_163,1df7fa8bbd555715,deterministic_text,DoS,Benign,5,OUT_PKTS,0,0,True,True,True,5,0.0339146434511,0.0339146434511,random_forest,DoS probability,True,0.0339146434511,True
162,pilot_163,1df7fa8bbd555715,structured,DoS,DoS,1,L4_DST_PORT,520,520,True,True,True,23,0.032681498707,0.032681498707,logistic_regression,DoS log-odds,False,0,False
162,pilot_163,1df7fa8bbd555715,structured,DoS,DoS,2,PROTOCOL,17,17,True,True,True,11,-0.103185567771,0.103185567771,logistic_regression,DoS log-odds,False,0,False
162,pilot_163,1df7fa8bbd555715,structured,DoS,DoS,3,OUT_PKTS,0,0,True,True,True,38,-0.00577477819909,0.00577477819909,logistic_regression,DoS log-odds,False,0,False
162,pilot_163,1df7fa8bbd555715,structured,DoS,DoS,4,FLOW_DURATION_MILLISECONDS,0,0,True,True,True,25,-0.0246888382773,0.0246888382773,logistic_regression,DoS log-odds,False,0,False
162,pilot_163,1df7fa8bbd555715,structured,DoS,DoS,5,IN_PKTS,2,2,True,True,True,21,0.0475904620603,0.0475904620603,logistic_regression,DoS log-odds,False,0,False
162,pilot_163,1df7fa8bbd555715,structured,DoS,DoS,1,L4_DST_PORT,520,520,True,True,True,14,0.0124894828115,0.0124894828115,random_forest,DoS probability,False,0,False
162,pilot_163,1df7fa8bbd555715,structured,DoS,DoS,2,PROTOCOL,17,17,True,True,True,44,1.77992955098e-05,1.77992955098e-05,random_forest,DoS probability,False,0,False
162,pilot_163,1df7fa8bbd555715,structured,DoS,DoS,3,OUT_PKTS,0,0,True,True,True,5,0.0339146434511,0.0339146434511,random_forest,DoS probability,True,0.0339146434511,True
162,pilot_163,1df7fa8bbd555715,structured,DoS,DoS,4,FLOW_DURATION_MILLISECONDS,0,0,True,True,True,19,0.00826545452276,0.00826545452276,random_forest,DoS probability,False,0,False
162,pilot_163,1df7fa8bbd555715,structured,DoS,DoS,5,IN_PKTS,2,2,True,True,True,10,0.017155433272,0.017155433272,random_forest,DoS probability,False,0,False
163,pilot_164,0b2d1828d4d37da2,deterministic_text,DoS,DoS,1,TCP_FLAGS,19,19,True,True,True,9,0.142077836137,0.142077836137,logistic_regression,DoS log-odds,False,0,False
163,pilot_164,0b2d1828d4d37da2,deterministic_text,DoS,DoS,2,L4_DST_PORT,502,502,True,True,True,41,0,0,logistic_regression,DoS log-odds,False,0,False
163,pilot_164,0b2d1828d4d37da2,deterministic_text,DoS,DoS,3,RETRANSMITTED_IN_BYTES,2432,2432,True,True,True,35,-0.00425255574746,0.00425255574746,logistic_regression,DoS log-odds,False,0,False
163,pilot_164,0b2d1828d4d37da2,deterministic_text,DoS,DoS,4,MIN_TTL,254,254,True,True,True,2,1.26191100265,1.26191100265,logistic_regression,DoS log-odds,True,1.26191100265,True
163,pilot_164,0b2d1828d4d37da2,deterministic_text,DoS,DoS,5,SERVER_TCP_FLAGS,19,19,True,True,True,3,1.14165055288,1.14165055288,logistic_regression,DoS log-odds,True,1.14165055288,True
163,pilot_164,0b2d1828d4d37da2,deterministic_text,DoS,DoS,1,TCP_FLAGS,19,19,True,True,True,6,0.0267789659088,0.0267789659088,random_forest,DoS probability,False,0,False
163,pilot_164,0b2d1828d4d37da2,deterministic_text,DoS,DoS,2,L4_DST_PORT,502,502,True,True,True,37,0.000927487201351,0.000927487201351,random_forest,DoS probability,False,0,False
163,pilot_164,0b2d1828d4d37da2,deterministic_text,DoS,DoS,3,RETRANSMITTED_IN_BYTES,2432,2432,True,True,True,26,-0.00486673911038,0.00486673911038,random_forest,DoS probability,False,0,False
163,pilot_164,0b2d1828d4d37da2,deterministic_text,DoS,DoS,4,MIN_TTL,254,254,True,True,True,4,0.0500520687561,0.0500520687561,random_forest,DoS probability,True,0.0500520687561,True
163,pilot_164,0b2d1828d4d37da2,deterministic_text,DoS,DoS,5,SERVER_TCP_FLAGS,19,19,True,True,True,3,0.05091248948,0.05091248948,random_forest,DoS probability,True,0.05091248948,True
163,pilot_164,0b2d1828d4d37da2,structured,DoS,Benign,1,IN_BYTES,5120,5120,True,True,True,37,-0.00342124775161,0.00342124775161,logistic_regression,DoS log-odds,False,0,False
163,pilot_164,0b2d1828d4d37da2,structured,DoS,Benign,2,FLOW_DURATION_MILLISECONDS,255,255,True,True,True,23,-0.0183146587163,0.0183146587163,logistic_regression,DoS log-odds,False,0,False
163,pilot_164,0b2d1828d4d37da2,structured,DoS,Benign,3,IN_PKTS,12,12,True,True,True,18,0.0419274437255,0.0419274437255,logistic_regression,DoS log-odds,False,0,False
163,pilot_164,0b2d1828d4d37da2,structured,DoS,Benign,4,TCP_FLAGS,19,19,True,True,True,9,0.142077836137,0.142077836137,logistic_regression,DoS log-odds,False,0,False
163,pilot_164,0b2d1828d4d37da2,structured,DoS,Benign,5,MIN_TTL,254,254,True,True,True,2,1.26191100265,1.26191100265,logistic_regression,DoS log-odds,True,1.26191100265,True
163,pilot_164,0b2d1828d4d37da2,structured,DoS,Benign,1,IN_BYTES,5120,5120,True,True,True,22,-0.00518467875635,0.00518467875635,random_forest,DoS probability,False,0,False
163,pilot_164,0b2d1828d4d37da2,structured,DoS,Benign,2,FLOW_DURATION_MILLISECONDS,255,255,True,True,True,30,0.00346996963731,0.00346996963731,random_forest,DoS probability,False,0,False
163,pilot_164,0b2d1828d4d37da2,structured,DoS,Benign,3,IN_PKTS,12,12,True,True,True,33,0.0020663705045,0.0020663705045,random_forest,DoS probability,False,0,False
163,pilot_164,0b2d1828d4d37da2,structured,DoS,Benign,4,TCP_FLAGS,19,19,True,True,True,6,0.0267789659088,0.0267789659088,random_forest,DoS probability,False,0,False
163,pilot_164,0b2d1828d4d37da2,structured,DoS,Benign,5,MIN_TTL,254,254,True,True,True,4,0.0500520687561,0.0500520687561,random_forest,DoS probability,True,0.0500520687561,True
164,pilot_165,66594fc80e9e3cb3,deterministic_text,Benign,DoS,1,TCP_FLAGS,27,27,True,True,True,23,-0.064280133966,0.064280133966,logistic_regression,DoS log-odds,False,0,False
164,pilot_165,66594fc80e9e3cb3,deterministic_text,Benign,DoS,2,SRC_TO_DST_IAT_AVG,0,0,True,True,True,29,-0.0173948175044,0.0173948175044,logistic_regression,DoS log-odds,False,0,False
164,pilot_165,66594fc80e9e3cb3,deterministic_text,Benign,DoS,3,RETRANSMITTED_IN_PKTS,9,9,True,True,True,19,-0.0985328441837,0.0985328441837,logistic_regression,DoS log-odds,False,0,False
164,pilot_165,66594fc80e9e3cb3,deterministic_text,Benign,DoS,4,L4_DST_PORT,5190,5190,True,True,True,25,-0.057306380076,0.057306380076,logistic_regression,DoS log-odds,False,0,False
164,pilot_165,66594fc80e9e3cb3,deterministic_text,Benign,DoS,5,FLOW_DURATION_MILLISECONDS,6,6,True,True,True,22,-0.0645700046445,0.0645700046445,logistic_regression,DoS log-odds,False,0,False
164,pilot_165,66594fc80e9e3cb3,deterministic_text,Benign,DoS,1,TCP_FLAGS,27,27,True,True,True,11,-0.014257013867,0.014257013867,random_forest,DoS probability,False,0,False
164,pilot_165,66594fc80e9e3cb3,deterministic_text,Benign,DoS,2,SRC_TO_DST_IAT_AVG,0,0,True,True,True,15,-0.0100195710376,0.0100195710376,random_forest,DoS probability,False,0,False
164,pilot_165,66594fc80e9e3cb3,deterministic_text,Benign,DoS,3,RETRANSMITTED_IN_PKTS,9,9,True,True,True,18,-0.00838190130341,0.00838190130341,random_forest,DoS probability,False,0,False
164,pilot_165,66594fc80e9e3cb3,deterministic_text,Benign,DoS,4,L4_DST_PORT,5190,5190,True,True,True,27,-0.00523176490477,0.00523176490477,random_forest,DoS probability,False,0,False
164,pilot_165,66594fc80e9e3cb3,deterministic_text,Benign,DoS,5,FLOW_DURATION_MILLISECONDS,6,6,True,True,True,17,-0.00961497391714,0.00961497391714,random_forest,DoS probability,False,0,False
164,pilot_165,66594fc80e9e3cb3,structured,Benign,Benign,1,TCP_FLAGS,27,27,True,True,True,23,-0.064280133966,0.064280133966,logistic_regression,DoS log-odds,False,0,False
164,pilot_165,66594fc80e9e3cb3,structured,Benign,Benign,2,L4_DST_PORT,5190,5190,True,True,True,25,-0.057306380076,0.057306380076,logistic_regression,DoS log-odds,False,0,False
164,pilot_165,66594fc80e9e3cb3,structured,Benign,Benign,3,FLOW_DURATION_MILLISECONDS,6,6,True,True,True,22,-0.0645700046445,0.0645700046445,logistic_regression,DoS log-odds,False,0,False
164,pilot_165,66594fc80e9e3cb3,structured,Benign,Benign,4,RETRANSMITTED_IN_PKTS,9,9,True,True,True,19,-0.0985328441837,0.0985328441837,logistic_regression,DoS log-odds,False,0,False
164,pilot_165,66594fc80e9e3cb3,structured,Benign,Benign,5,IN_PKTS,34,34,True,True,True,20,-0.072350511502,0.072350511502,logistic_regression,DoS log-odds,False,0,False
164,pilot_165,66594fc80e9e3cb3,structured,Benign,Benign,1,TCP_FLAGS,27,27,True,True,True,11,-0.014257013867,0.014257013867,random_forest,DoS probability,False,0,False
164,pilot_165,66594fc80e9e3cb3,structured,Benign,Benign,2,L4_DST_PORT,5190,5190,True,True,True,27,-0.00523176490477,0.00523176490477,random_forest,DoS probability,False,0,False
164,pilot_165,66594fc80e9e3cb3,structured,Benign,Benign,3,FLOW_DURATION_MILLISECONDS,6,6,True,True,True,17,-0.00961497391714,0.00961497391714,random_forest,DoS probability,False,0,False
164,pilot_165,66594fc80e9e3cb3,structured,Benign,Benign,4,RETRANSMITTED_IN_PKTS,9,9,True,True,True,18,-0.00838190130341,0.00838190130341,random_forest,DoS probability,False,0,False
164,pilot_165,66594fc80e9e3cb3,structured,Benign,Benign,5,IN_PKTS,34,34,True,True,True,12,-0.0132624806592,0.0132624806592,random_forest,DoS probability,False,0,False
165,pilot_166,449805a440135fd4,deterministic_text,Benign,Benign,1,L4_DST_PORT,53,53,True,True,True,27,-0.0218719048395,0.0218719048395,logistic_regression,DoS log-odds,False,0,False
165,pilot_166,449805a440135fd4,deterministic_text,Benign,Benign,2,PROTOCOL,17,17,True,True,True,13,-0.0903961237584,0.0903961237584,logistic_regression,DoS log-odds,False,0,False
165,pilot_166,449805a440135fd4,deterministic_text,Benign,Benign,3,DNS_QUERY_TYPE,1,1,True,True,True,29,-0.0218719048395,0.0218719048395,logistic_regression,DoS log-odds,False,0,False
165,pilot_166,449805a440135fd4,deterministic_text,Benign,Benign,4,OUT_PKTS,2,2,True,True,True,40,-0.00596402507574,0.00596402507574,logistic_regression,DoS log-odds,False,0,False
165,pilot_166,449805a440135fd4,deterministic_text,Benign,Benign,5,IN_PKTS,2,2,True,True,True,19,0.0573313266097,0.0573313266097,logistic_regression,DoS log-odds,False,0,False
165,pilot_166,449805a440135fd4,deterministic_text,Benign,Benign,1,L4_DST_PORT,53,53,True,True,True,9,-0.0169516544049,0.0169516544049,random_forest,DoS probability,False,0,False
165,pilot_166,449805a440135fd4,deterministic_text,Benign,Benign,2,PROTOCOL,17,17,True,True,True,34,-0.00140862675124,0.00140862675124,random_forest,DoS probability,False,0,False
165,pilot_166,449805a440135fd4,deterministic_text,Benign,Benign,3,DNS_QUERY_TYPE,1,1,True,True,True,6,-0.0297657016614,0.0297657016614,random_forest,DoS probability,False,0,False
165,pilot_166,449805a440135fd4,deterministic_text,Benign,Benign,4,OUT_PKTS,2,2,True,True,True,38,0.00091999599312,0.00091999599312,random_forest,DoS probability,False,0,False
165,pilot_166,449805a440135fd4,deterministic_text,Benign,Benign,5,IN_PKTS,2,2,True,True,True,16,0.00902983745697,0.00902983745697,random_forest,DoS probability,False,0,False
165,pilot_166,449805a440135fd4,structured,Benign,Benign,1,L4_DST_PORT,53,53,True,True,True,27,-0.0218719048395,0.0218719048395,logistic_regression,DoS log-odds,False,0,False
165,pilot_166,449805a440135fd4,structured,Benign,Benign,2,IN_PKTS,2,2,True,True,True,19,0.0573313266097,0.0573313266097,logistic_regression,DoS log-odds,False,0,False
165,pilot_166,449805a440135fd4,structured,Benign,Benign,3,DNS_QUERY_TYPE,1,1,True,True,True,29,-0.0218719048395,0.0218719048395,logistic_regression,DoS log-odds,False,0,False
165,pilot_166,449805a440135fd4,structured,Benign,Benign,4,PROTOCOL,17,17,True,True,True,13,-0.0903961237584,0.0903961237584,logistic_regression,DoS log-odds,False,0,False
165,pilot_166,449805a440135fd4,structured,Benign,Benign,5,FLOW_DURATION_MILLISECONDS,0,0,True,True,True,25,-0.0236801658043,0.0236801658043,logistic_regression,DoS log-odds,False,0,False
165,pilot_166,449805a440135fd4,structured,Benign,Benign,1,L4_DST_PORT,53,53,True,True,True,9,-0.0169516544049,0.0169516544049,random_forest,DoS probability,False,0,False
165,pilot_166,449805a440135fd4,structured,Benign,Benign,2,IN_PKTS,2,2,True,True,True,16,0.00902983745697,0.00902983745697,random_forest,DoS probability,False,0,False
165,pilot_166,449805a440135fd4,structured,Benign,Benign,3,DNS_QUERY_TYPE,1,1,True,True,True,6,-0.0297657016614,0.0297657016614,random_forest,DoS probability,False,0,False
165,pilot_166,449805a440135fd4,structured,Benign,Benign,4,PROTOCOL,17,17,True,True,True,34,-0.00140862675124,0.00140862675124,random_forest,DoS probability,False,0,False
165,pilot_166,449805a440135fd4,structured,Benign,Benign,5,FLOW_DURATION_MILLISECONDS,0,0,True,True,True,28,-0.00292791419482,0.00292791419482,random_forest,DoS probability,False,0,False
166,pilot_167,002bd6d16c51e437,deterministic_text,Benign,DoS,1,RETRANSMITTED_OUT_PKTS,23,23,True,True,True,38,-0.00358715712706,0.00358715712706,logistic_regression,DoS log-odds,False,0,False
166,pilot_167,002bd6d16c51e437,deterministic_text,Benign,DoS,2,RETRANSMITTED_OUT_BYTES,23467,23467,True,True,True,34,-0.00457119120816,0.00457119120816,logistic_regression,DoS log-odds,False,0,False
166,pilot_167,002bd6d16c51e437,deterministic_text,Benign,DoS,3,DST_TO_SRC_IAT_AVG,0,0,True,True,True,11,-0.163737820803,0.163737820803,logistic_regression,DoS log-odds,False,0,False
166,pilot_167,002bd6d16c51e437,deterministic_text,Benign,DoS,4,DST_TO_SRC_AVG_THROUGHPUT,7799836,7799836,True,True,True,3,-0.80958824616,0.80958824616,logistic_regression,DoS log-odds,True,0.80958824616,True
166,pilot_167,002bd6d16c51e437,deterministic_text,Benign,DoS,5,FLOW_DURATION_MILLISECONDS,48,48,True,True,True,22,-0.0226701879995,0.0226701879995,logistic_regression,DoS log-odds,False,0,False
166,pilot_167,002bd6d16c51e437,deterministic_text,Benign,DoS,1,RETRANSMITTED_OUT_PKTS,23,23,True,True,True,9,-0.0177911012398,0.0177911012398,random_forest,DoS probability,False,0,False
166,pilot_167,002bd6d16c51e437,deterministic_text,Benign,DoS,2,RETRANSMITTED_OUT_BYTES,23467,23467,True,True,True,14,-0.0112946272586,0.0112946272586,random_forest,DoS probability,False,0,False
166,pilot_167,002bd6d16c51e437,deterministic_text,Benign,DoS,3,DST_TO_SRC_IAT_AVG,0,0,True,True,True,29,-0.00430322597665,0.00430322597665,random_forest,DoS probability,False,0,False
166,pilot_167,002bd6d16c51e437,deterministic_text,Benign,DoS,4,DST_TO_SRC_AVG_THROUGHPUT,7799836,7799836,True,True,True,6,-0.0283379278804,0.0283379278804,random_forest,DoS probability,False,0,False
166,pilot_167,002bd6d16c51e437,deterministic_text,Benign,DoS,5,FLOW_DURATION_MILLISECONDS,48,48,True,True,True,25,-0.00667252873754,0.00667252873754,random_forest,DoS probability,False,0,False
166,pilot_167,002bd6d16c51e437,structured,Benign,DoS,1,RETRANSMITTED_OUT_PKTS,23,23,True,True,True,38,-0.00358715712706,0.00358715712706,logistic_regression,DoS log-odds,False,0,False
166,pilot_167,002bd6d16c51e437,structured,Benign,DoS,2,TCP_FLAGS,27,27,True,True,True,32,-0.00674542768343,0.00674542768343,logistic_regression,DoS log-odds,False,0,False
166,pilot_167,002bd6d16c51e437,structured,Benign,DoS,3,FLOW_DURATION_MILLISECONDS,48,48,True,True,True,22,-0.0226701879995,0.0226701879995,logistic_regression,DoS log-odds,False,0,False
166,pilot_167,002bd6d16c51e437,structured,Benign,DoS,4,DST_TO_SRC_AVG_THROUGHPUT,7799836,7799836,True,True,True,3,-0.80958824616,0.80958824616,logistic_regression,DoS log-odds,True,0.80958824616,True
166,pilot_167,002bd6d16c51e437,structured,Benign,DoS,5,RETRANSMITTED_OUT_BYTES,23467,23467,True,True,True,34,-0.00457119120816,0.00457119120816,logistic_regression,DoS log-odds,False,0,False
166,pilot_167,002bd6d16c51e437,structured,Benign,DoS,1,RETRANSMITTED_OUT_PKTS,23,23,True,True,True,9,-0.0177911012398,0.0177911012398,random_forest,DoS probability,False,0,False
166,pilot_167,002bd6d16c51e437,structured,Benign,DoS,2,TCP_FLAGS,27,27,True,True,True,12,-0.0120535855105,0.0120535855105,random_forest,DoS probability,False,0,False
166,pilot_167,002bd6d16c51e437,structured,Benign,DoS,3,FLOW_DURATION_MILLISECONDS,48,48,True,True,True,25,-0.00667252873754,0.00667252873754,random_forest,DoS probability,False,0,False
166,pilot_167,002bd6d16c51e437,structured,Benign,DoS,4,DST_TO_SRC_AVG_THROUGHPUT,7799836,7799836,True,True,True,6,-0.0283379278804,0.0283379278804,random_forest,DoS probability,False,0,False
166,pilot_167,002bd6d16c51e437,structured,Benign,DoS,5,RETRANSMITTED_OUT_BYTES,23467,23467,True,True,True,14,-0.0112946272586,0.0112946272586,random_forest,DoS probability,False,0,False
167,pilot_168,7c3b2ff5b186d259,deterministic_text,DoS,Benign,1,IN_PKTS,4,4,True,True,True,20,0.0447492404447,0.0447492404447,logistic_regression,DoS log-odds,False,0,False
167,pilot_168,7c3b2ff5b186d259,deterministic_text,DoS,Benign,2,TCP_FLAGS,18,18,True,True,True,8,0.236670308556,0.236670308556,logistic_regression,DoS log-odds,False,0,False
167,pilot_168,7c3b2ff5b186d259,deterministic_text,DoS,Benign,3,IN_BYTES,160,160,True,True,True,41,-0.00242142403039,0.00242142403039,logistic_regression,DoS log-odds,False,0,False
167,pilot_168,7c3b2ff5b186d259,deterministic_text,DoS,Benign,4,SRC_TO_DST_AVG_THROUGHPUT,2241,2241,True,True,True,15,0.111377874116,0.111377874116,logistic_regression,DoS log-odds,False,0,False
167,pilot_168,7c3b2ff5b186d259,deterministic_text,DoS,Benign,5,L4_DST_PORT,8089,8089,True,True,True,29,0.0137260590613,0.0137260590613,logistic_regression,DoS log-odds,False,0,False
167,pilot_168,7c3b2ff5b186d259,deterministic_text,DoS,Benign,1,IN_PKTS,4,4,True,True,True,23,0.00830095596572,0.00830095596572,random_forest,DoS probability,False,0,False
167,pilot_168,7c3b2ff5b186d259,deterministic_text,DoS,Benign,2,TCP_FLAGS,18,18,True,True,True,22,0.00886159763672,0.00886159763672,random_forest,DoS probability,False,0,False
167,pilot_168,7c3b2ff5b186d259,deterministic_text,DoS,Benign,3,IN_BYTES,160,160,True,True,True,29,0.00563220184325,0.00563220184325,random_forest,DoS probability,False,0,False
167,pilot_168,7c3b2ff5b186d259,deterministic_text,DoS,Benign,4,SRC_TO_DST_AVG_THROUGHPUT,2241,2241,True,True,True,10,0.013379151948,0.013379151948,random_forest,DoS probability,False,0,False
167,pilot_168,7c3b2ff5b186d259,deterministic_text,DoS,Benign,5,L4_DST_PORT,8089,8089,True,True,True,31,0.0033757420638,0.0033757420638,random_forest,DoS probability,False,0,False
167,pilot_168,7c3b2ff5b186d259,structured,DoS,Benign,1,IN_PKTS,4,4,True,True,True,20,0.0447492404447,0.0447492404447,logistic_regression,DoS log-odds,False,0,False
167,pilot_168,7c3b2ff5b186d259,structured,DoS,Benign,2,IN_BYTES,160,160,True,True,True,41,-0.00242142403039,0.00242142403039,logistic_regression,DoS log-odds,False,0,False
167,pilot_168,7c3b2ff5b186d259,structured,DoS,Benign,3,FLOW_DURATION_MILLISECONDS,570,570,True,True,True,31,-0.0122208327682,0.0122208327682,logistic_regression,DoS log-odds,False,0,False
167,pilot_168,7c3b2ff5b186d259,structured,DoS,Benign,4,SRC_TO_DST_IAT_AVG,190,190,True,True,True,26,0.0169748742127,0.0169748742127,logistic_regression,DoS log-odds,False,0,False
167,pilot_168,7c3b2ff5b186d259,structured,DoS,Benign,5,TCP_FLAGS,18,18,True,True,True,8,0.236670308556,0.236670308556,logistic_regression,DoS log-odds,False,0,False
167,pilot_168,7c3b2ff5b186d259,structured,DoS,Benign,1,IN_PKTS,4,4,True,True,True,23,0.00830095596572,0.00830095596572,random_forest,DoS probability,False,0,False
167,pilot_168,7c3b2ff5b186d259,structured,DoS,Benign,2,IN_BYTES,160,160,True,True,True,29,0.00563220184325,0.00563220184325,random_forest,DoS probability,False,0,False
167,pilot_168,7c3b2ff5b186d259,structured,DoS,Benign,3,FLOW_DURATION_MILLISECONDS,570,570,True,True,True,21,0.00901398406001,0.00901398406001,random_forest,DoS probability,False,0,False
167,pilot_168,7c3b2ff5b186d259,structured,DoS,Benign,4,SRC_TO_DST_IAT_AVG,190,190,True,True,True,6,0.021979566255,0.021979566255,random_forest,DoS probability,False,0,False
167,pilot_168,7c3b2ff5b186d259,structured,DoS,Benign,5,TCP_FLAGS,18,18,True,True,True,22,0.00886159763672,0.00886159763672,random_forest,DoS probability,False,0,False
168,pilot_169,166b8d3805acc75f,deterministic_text,Benign,DoS,1,RETRANSMITTED_IN_PKTS,6,6,True,True,True,42,0.00191843884281,0.00191843884281,logistic_regression,DoS log-odds,False,0,False
168,pilot_169,166b8d3805acc75f,deterministic_text,Benign,DoS,2,FLOW_DURATION_MILLISECONDS,5,5,True,True,True,21,-0.028208910959,0.028208910959,logistic_regression,DoS log-odds,False,0,False
168,pilot_169,166b8d3805acc75f,deterministic_text,Benign,DoS,3,TCP_FLAGS,27,27,True,True,True,15,-0.063417026278,0.063417026278,logistic_regression,DoS log-odds,False,0,False
168,pilot_169,166b8d3805acc75f,deterministic_text,Benign,DoS,4,NUM_PKTS_UP_TO_128_BYTES,42,42,True,True,True,35,0.00783973870343,0.00783973870343,logistic_regression,DoS log-odds,False,0,False
168,pilot_169,166b8d3805acc75f,deterministic_text,Benign,DoS,5,ICMP_TYPE,52992,52992,True,True,True,28,0.0144822463023,0.0144822463023,logistic_regression,DoS log-odds,False,0,False
168,pilot_169,166b8d3805acc75f,deterministic_text,Benign,DoS,1,RETRANSMITTED_IN_PKTS,6,6,True,True,True,23,-0.00522984903159,0.00522984903159,random_forest,DoS probability,False,0,False
168,pilot_169,166b8d3805acc75f,deterministic_text,Benign,DoS,2,FLOW_DURATION_MILLISECONDS,5,5,True,True,True,16,-0.0115349407322,0.0115349407322,random_forest,DoS probability,False,0,False
168,pilot_169,166b8d3805acc75f,deterministic_text,Benign,DoS,3,TCP_FLAGS,27,27,True,True,True,13,-0.0128842759299,0.0128842759299,random_forest,DoS probability,False,0,False
168,pilot_169,166b8d3805acc75f,deterministic_text,Benign,DoS,4,NUM_PKTS_UP_TO_128_BYTES,42,42,True,True,True,14,-0.0126309584294,0.0126309584294,random_forest,DoS probability,False,0,False
168,pilot_169,166b8d3805acc75f,deterministic_text,Benign,DoS,5,ICMP_TYPE,52992,52992,True,True,True,35,-0.00122752722966,0.00122752722966,random_forest,DoS probability,False,0,False
168,pilot_169,166b8d3805acc75f,structured,Benign,DoS,1,FLOW_DURATION_MILLISECONDS,5,5,True,True,True,21,-0.028208910959,0.028208910959,logistic_regression,DoS log-odds,False,0,False
168,pilot_169,166b8d3805acc75f,structured,Benign,DoS,2,RETRANSMITTED_IN_PKTS,6,6,True,True,True,42,0.00191843884281,0.00191843884281,logistic_regression,DoS log-odds,False,0,False
168,pilot_169,166b8d3805acc75f,structured,Benign,DoS,3,SRC_TO_DST_IAT_MAX,1,1,True,True,True,40,0.00346053931535,0.00346053931535,logistic_regression,DoS log-odds,False,0,False
168,pilot_169,166b8d3805acc75f,structured,Benign,DoS,4,NUM_PKTS_UP_TO_128_BYTES,42,42,True,True,True,35,0.00783973870343,0.00783973870343,logistic_regression,DoS log-odds,False,0,False
168,pilot_169,166b8d3805acc75f,structured,Benign,DoS,5,IN_PKTS,22,22,True,True,True,27,0.0157747432288,0.0157747432288,logistic_regression,DoS log-odds,False,0,False
168,pilot_169,166b8d3805acc75f,structured,Benign,DoS,1,FLOW_DURATION_MILLISECONDS,5,5,True,True,True,16,-0.0115349407322,0.0115349407322,random_forest,DoS probability,False,0,False
168,pilot_169,166b8d3805acc75f,structured,Benign,DoS,2,RETRANSMITTED_IN_PKTS,6,6,True,True,True,23,-0.00522984903159,0.00522984903159,random_forest,DoS probability,False,0,False
168,pilot_169,166b8d3805acc75f,structured,Benign,DoS,3,SRC_TO_DST_IAT_MAX,1,1,True,True,True,15,-0.012451244996,0.012451244996,random_forest,DoS probability,False,0,False
168,pilot_169,166b8d3805acc75f,structured,Benign,DoS,4,NUM_PKTS_UP_TO_128_BYTES,42,42,True,True,True,14,-0.0126309584294,0.0126309584294,random_forest,DoS probability,False,0,False
168,pilot_169,166b8d3805acc75f,structured,Benign,DoS,5,IN_PKTS,22,22,True,True,True,21,-0.0067114722068,0.0067114722068,random_forest,DoS probability,False,0,False
169,pilot_170,4f9e28178b5c79cf,deterministic_text,Benign,Benign,1,TCP_FLAGS,27,27,True,True,True,18,-0.0419704706546,0.0419704706546,logistic_regression,DoS log-odds,False,0,False
169,pilot_170,4f9e28178b5c79cf,deterministic_text,Benign,Benign,2,FLOW_DURATION_MILLISECONDS,93,93,True,True,True,23,-0.0266517723301,0.0266517723301,logistic_regression,DoS log-odds,False,0,False
169,pilot_170,4f9e28178b5c79cf,deterministic_text,Benign,Benign,3,L4_SRC_PORT,33907,33907,True,True,True,43,0,0,logistic_regression,DoS log-odds,False,0,False
169,pilot_170,4f9e28178b5c79cf,deterministic_text,Benign,Benign,4,RETRANSMITTED_OUT_PKTS,16,16,True,True,True,35,-0.00400066117253,0.00400066117253,logistic_regression,DoS log-odds,False,0,False
169,pilot_170,4f9e28178b5c79cf,deterministic_text,Benign,Benign,5,MIN_TTL,31,31,True,True,True,3,-0.722533200488,0.722533200488,logistic_regression,DoS log-odds,True,0.722533200488,True
169,pilot_170,4f9e28178b5c79cf,deterministic_text,Benign,Benign,1,TCP_FLAGS,27,27,True,True,True,14,-0.0121682963672,0.0121682963672,random_forest,DoS probability,False,0,False
169,pilot_170,4f9e28178b5c79cf,deterministic_text,Benign,Benign,2,FLOW_DURATION_MILLISECONDS,93,93,True,True,True,20,-0.00843093081179,0.00843093081179,random_forest,DoS probability,False,0,False
169,pilot_170,4f9e28178b5c79cf,deterministic_text,Benign,Benign,3,L4_SRC_PORT,33907,33907,True,True,True,36,-0.000688777258321,0.000688777258321,random_forest,DoS probability,False,0,False
169,pilot_170,4f9e28178b5c79cf,deterministic_text,Benign,Benign,4,RETRANSMITTED_OUT_PKTS,16,16,True,True,True,10,-0.0150118048336,0.0150118048336,random_forest,DoS probability,False,0,False
169,pilot_170,4f9e28178b5c79cf,deterministic_text,Benign,Benign,5,MIN_TTL,31,31,True,True,True,3,-0.0462869737063,0.0462869737063,random_forest,DoS probability,True,0.0462869737063,True
169,pilot_170,4f9e28178b5c79cf,structured,Benign,Benign,1,TCP_FLAGS,27,27,True,True,True,18,-0.0419704706546,0.0419704706546,logistic_regression,DoS log-odds,False,0,False
169,pilot_170,4f9e28178b5c79cf,structured,Benign,Benign,2,FLOW_DURATION_MILLISECONDS,93,93,True,True,True,23,-0.0266517723301,0.0266517723301,logistic_regression,DoS log-odds,False,0,False
169,pilot_170,4f9e28178b5c79cf,structured,Benign,Benign,3,RETRANSMITTED_OUT_PKTS,16,16,True,True,True,35,-0.00400066117253,0.00400066117253,logistic_regression,DoS log-odds,False,0,False
169,pilot_170,4f9e28178b5c79cf,structured,Benign,Benign,4,IN_PKTS,51,51,True,True,True,26,-0.0174617366841,0.0174617366841,logistic_regression,DoS log-odds,False,0,False
169,pilot_170,4f9e28178b5c79cf,structured,Benign,Benign,5,MIN_TTL,31,31,True,True,True,3,-0.722533200488,0.722533200488,logistic_regression,DoS log-odds,True,0.722533200488,True
169,pilot_170,4f9e28178b5c79cf,structured,Benign,Benign,1,TCP_FLAGS,27,27,True,True,True,14,-0.0121682963672,0.0121682963672,random_forest,DoS probability,False,0,False
169,pilot_170,4f9e28178b5c79cf,structured,Benign,Benign,2,FLOW_DURATION_MILLISECONDS,93,93,True,True,True,20,-0.00843093081179,0.00843093081179,random_forest,DoS probability,False,0,False
169,pilot_170,4f9e28178b5c79cf,structured,Benign,Benign,3,RETRANSMITTED_OUT_PKTS,16,16,True,True,True,10,-0.0150118048336,0.0150118048336,random_forest,DoS probability,False,0,False
169,pilot_170,4f9e28178b5c79cf,structured,Benign,Benign,4,IN_PKTS,51,51,True,True,True,11,-0.0144970901436,0.0144970901436,random_forest,DoS probability,False,0,False
169,pilot_170,4f9e28178b5c79cf,structured,Benign,Benign,5,MIN_TTL,31,31,True,True,True,3,-0.0462869737063,0.0462869737063,random_forest,DoS probability,True,0.0462869737063,True
170,pilot_171,a62667929f6c382a,deterministic_text,DoS,Benign,1,IN_BYTES,160,160,True,True,True,37,-0.00682315828246,0.00682315828246,logistic_regression,DoS log-odds,False,0,False
170,pilot_171,a62667929f6c382a,deterministic_text,DoS,Benign,2,IN_PKTS,4,4,True,True,True,20,0.0542505500329,0.0542505500329,logistic_regression,DoS log-odds,False,0,False
170,pilot_171,a62667929f6c382a,deterministic_text,DoS,Benign,3,TCP_FLAGS,18,18,True,True,True,7,0.273831299532,0.273831299532,logistic_regression,DoS log-odds,False,0,False
170,pilot_171,a62667929f6c382a,deterministic_text,DoS,Benign,4,MIN_TTL,254,254,True,True,True,2,1.26191100265,1.26191100265,logistic_regression,DoS log-odds,True,1.26191100265,True
170,pilot_171,a62667929f6c382a,deterministic_text,DoS,Benign,5,L4_DST_PORT,8089,8089,True,True,True,29,0.0167539469399,0.0167539469399,logistic_regression,DoS log-odds,False,0,False
170,pilot_171,a62667929f6c382a,deterministic_text,DoS,Benign,1,IN_BYTES,160,160,True,True,True,28,0.0045451438405,0.0045451438405,random_forest,DoS probability,False,0,False
170,pilot_171,a62667929f6c382a,deterministic_text,DoS,Benign,2,IN_PKTS,4,4,True,True,True,15,0.0108014191526,0.0108014191526,random_forest,DoS probability,False,0,False
170,pilot_171,a62667929f6c382a,deterministic_text,DoS,Benign,3,TCP_FLAGS,18,18,True,True,True,18,0.00949590282258,0.00949590282258,random_forest,DoS probability,False,0,False
170,pilot_171,a62667929f6c382a,deterministic_text,DoS,Benign,4,MIN_TTL,254,254,True,True,True,3,0.0491594199809,0.0491594199809,random_forest,DoS probability,True,0.0491594199809,True
170,pilot_171,a62667929f6c382a,deterministic_text,DoS,Benign,5,L4_DST_PORT,8089,8089,True,True,True,31,0.00332028809304,0.00332028809304,random_forest,DoS probability,False,0,False
170,pilot_171,a62667929f6c382a,structured,DoS,Benign,1,IN_PKTS,4,4,True,True,True,20,0.0542505500329,0.0542505500329,logistic_regression,DoS log-odds,False,0,False
170,pilot_171,a62667929f6c382a,structured,DoS,Benign,2,IN_BYTES,160,160,True,True,True,37,-0.00682315828246,0.00682315828246,logistic_regression,DoS log-odds,False,0,False
170,pilot_171,a62667929f6c382a,structured,DoS,Benign,3,TCP_FLAGS,18,18,True,True,True,7,0.273831299532,0.273831299532,logistic_regression,DoS log-odds,False,0,False
170,pilot_171,a62667929f6c382a,structured,DoS,Benign,4,FLOW_DURATION_MILLISECONDS,928,928,True,True,True,39,-0.00415392824482,0.00415392824482,logistic_regression,DoS log-odds,False,0,False
170,pilot_171,a62667929f6c382a,structured,DoS,Benign,5,SRC_TO_DST_AVG_THROUGHPUT,1377,1377,True,True,True,18,0.075745649221,0.075745649221,logistic_regression,DoS log-odds,False,0,False
170,pilot_171,a62667929f6c382a,structured,DoS,Benign,1,IN_PKTS,4,4,True,True,True,15,0.0108014191526,0.0108014191526,random_forest,DoS probability,False,0,False
170,pilot_171,a62667929f6c382a,structured,DoS,Benign,2,IN_BYTES,160,160,True,True,True,28,0.0045451438405,0.0045451438405,random_forest,DoS probability,False,0,False
170,pilot_171,a62667929f6c382a,structured,DoS,Benign,3,TCP_FLAGS,18,18,True,True,True,18,0.00949590282258,0.00949590282258,random_forest,DoS probability,False,0,False
170,pilot_171,a62667929f6c382a,structured,DoS,Benign,4,FLOW_DURATION_MILLISECONDS,928,928,True,True,True,27,0.00482381498995,0.00482381498995,random_forest,DoS probability,False,0,False
170,pilot_171,a62667929f6c382a,structured,DoS,Benign,5,SRC_TO_DST_AVG_THROUGHPUT,1377,1377,True,True,True,14,0.0114778381968,0.0114778381968,random_forest,DoS probability,False,0,False
171,pilot_172,eef7015d75c5c8ee,deterministic_text,DoS,Benign,1,TCP_FLAGS,27,27,True,True,True,17,-0.064280133966,0.064280133966,logistic_regression,DoS log-odds,False,0,False
171,pilot_172,eef7015d75c5c8ee,deterministic_text,DoS,Benign,2,IN_PKTS,10,10,True,True,True,14,0.103488706326,0.103488706326,logistic_regression,DoS log-odds,False,0,False
171,pilot_172,eef7015d75c5c8ee,deterministic_text,DoS,Benign,3,SRC_TO_DST_AVG_THROUGHPUT,26622,26622,True,True,True,28,0.0242863729741,0.0242863729741,logistic_regression,DoS log-odds,False,0,False
171,pilot_172,eef7015d75c5c8ee,deterministic_text,DoS,Benign,4,FLOW_DURATION_MILLISECONDS,240,240,True,True,True,24,-0.0381800893117,0.0381800893117,logistic_regression,DoS log-odds,False,0,False
171,pilot_172,eef7015d75c5c8ee,deterministic_text,DoS,Benign,5,L4_DST_PORT,80,80,True,True,True,2,0.62786338834,0.62786338834,logistic_regression,DoS log-odds,True,0.62786338834,True
171,pilot_172,eef7015d75c5c8ee,deterministic_text,DoS,Benign,1,TCP_FLAGS,27,27,True,True,True,29,-0.00580416871344,0.00580416871344,random_forest,DoS probability,False,0,False
171,pilot_172,eef7015d75c5c8ee,deterministic_text,DoS,Benign,2,IN_PKTS,10,10,True,True,True,12,0.0128327581061,0.0128327581061,random_forest,DoS probability,False,0,False
171,pilot_172,eef7015d75c5c8ee,deterministic_text,DoS,Benign,3,SRC_TO_DST_AVG_THROUGHPUT,26622,26622,True,True,True,27,0.00643720695311,0.00643720695311,random_forest,DoS probability,False,0,False
171,pilot_172,eef7015d75c5c8ee,deterministic_text,DoS,Benign,4,FLOW_DURATION_MILLISECONDS,240,240,True,True,True,18,0.00911368761218,0.00911368761218,random_forest,DoS probability,False,0,False
171,pilot_172,eef7015d75c5c8ee,deterministic_text,DoS,Benign,5,L4_DST_PORT,80,80,True,True,True,26,0.00669895172549,0.00669895172549,random_forest,DoS probability,False,0,False
171,pilot_172,eef7015d75c5c8ee,structured,DoS,Benign,1,TCP_FLAGS,27,27,True,True,True,17,-0.064280133966,0.064280133966,logistic_regression,DoS log-odds,False,0,False
171,pilot_172,eef7015d75c5c8ee,structured,DoS,Benign,2,IN_PKTS,10,10,True,True,True,14,0.103488706326,0.103488706326,logistic_regression,DoS log-odds,False,0,False
171,pilot_172,eef7015d75c5c8ee,structured,DoS,Benign,3,L4_DST_PORT,80,80,True,True,True,2,0.62786338834,0.62786338834,logistic_regression,DoS log-odds,True,0.62786338834,True
171,pilot_172,eef7015d75c5c8ee,structured,DoS,Benign,4,SRC_TO_DST_AVG_THROUGHPUT,26622,26622,True,True,True,28,0.0242863729741,0.0242863729741,logistic_regression,DoS log-odds,False,0,False
171,pilot_172,eef7015d75c5c8ee,structured,DoS,Benign,5,FLOW_DURATION_MILLISECONDS,240,240,True,True,True,24,-0.0381800893117,0.0381800893117,logistic_regression,DoS log-odds,False,0,False
171,pilot_172,eef7015d75c5c8ee,structured,DoS,Benign,1,TCP_FLAGS,27,27,True,True,True,29,-0.00580416871344,0.00580416871344,random_forest,DoS probability,False,0,False
171,pilot_172,eef7015d75c5c8ee,structured,DoS,Benign,2,IN_PKTS,10,10,True,True,True,12,0.0128327581061,0.0128327581061,random_forest,DoS probability,False,0,False
171,pilot_172,eef7015d75c5c8ee,structured,DoS,Benign,3,L4_DST_PORT,80,80,True,True,True,26,0.00669895172549,0.00669895172549,random_forest,DoS probability,False,0,False
171,pilot_172,eef7015d75c5c8ee,structured,DoS,Benign,4,SRC_TO_DST_AVG_THROUGHPUT,26622,26622,True,True,True,27,0.00643720695311,0.00643720695311,random_forest,DoS probability,False,0,False
171,pilot_172,eef7015d75c5c8ee,structured,DoS,Benign,5,FLOW_DURATION_MILLISECONDS,240,240,True,True,True,18,0.00911368761218,0.00911368761218,random_forest,DoS probability,False,0,False
172,pilot_173,c0bf6fec9ff92c2f,deterministic_text,DoS,Benign,1,L4_DST_PORT,80,80,True,True,True,3,0.587468955237,0.587468955237,logistic_regression,DoS log-odds,True,0.587468955237,True
172,pilot_173,c0bf6fec9ff92c2f,deterministic_text,DoS,Benign,2,IN_PKTS,10,10,True,True,True,18,0.0362255755981,0.0362255755981,logistic_regression,DoS log-odds,False,0,False
172,pilot_173,c0bf6fec9ff92c2f,deterministic_text,DoS,Benign,3,FLOW_DURATION_MILLISECONDS,232,232,True,True,True,21,-0.0196141412982,0.0196141412982,logistic_regression,DoS log-odds,False,0,False
172,pilot_173,c0bf6fec9ff92c2f,deterministic_text,DoS,Benign,4,L4_SRC_PORT,17898,17898,True,True,True,42,0,0,logistic_regression,DoS log-odds,False,0,False
172,pilot_173,c0bf6fec9ff92c2f,deterministic_text,DoS,Benign,5,IN_BYTES,774,774,True,True,True,39,-0.00224542482889,0.00224542482889,logistic_regression,DoS log-odds,False,0,False
172,pilot_173,c0bf6fec9ff92c2f,deterministic_text,DoS,Benign,1,L4_DST_PORT,80,80,True,True,True,26,0.00586313245739,0.00586313245739,random_forest,DoS probability,False,0,False
172,pilot_173,c0bf6fec9ff92c2f,deterministic_text,DoS,Benign,2,IN_PKTS,10,10,True,True,True,17,0.00962129503361,0.00962129503361,random_forest,DoS probability,False,0,False
172,pilot_173,c0bf6fec9ff92c2f,deterministic_text,DoS,Benign,3,FLOW_DURATION_MILLISECONDS,232,232,True,True,True,15,0.0103693249911,0.0103693249911,random_forest,DoS probability,False,0,False
172,pilot_173,c0bf6fec9ff92c2f,deterministic_text,DoS,Benign,4,L4_SRC_PORT,17898,17898,True,True,True,37,0.00127300666735,0.00127300666735,random_forest,DoS probability,False,0,False
172,pilot_173,c0bf6fec9ff92c2f,deterministic_text,DoS,Benign,5,IN_BYTES,774,774,True,True,True,21,0.00827683278365,0.00827683278365,random_forest,DoS probability,False,0,False
172,pilot_173,c0bf6fec9ff92c2f,structured,DoS,Benign,1,L4_DST_PORT,80,80,True,True,True,3,0.587468955237,0.587468955237,logistic_regression,DoS log-odds,True,0.587468955237,True
172,pilot_173,c0bf6fec9ff92c2f,structured,DoS,Benign,2,IN_PKTS,10,10,True,True,True,18,0.0362255755981,0.0362255755981,logistic_regression,DoS log-odds,False,0,False
172,pilot_173,c0bf6fec9ff92c2f,structured,DoS,Benign,3,TCP_FLAGS,27,27,True,True,True,41,-0.00033162181439,0.00033162181439,logistic_regression,DoS log-odds,False,0,False
172,pilot_173,c0bf6fec9ff92c2f,structured,DoS,Benign,4,FLOW_DURATION_MILLISECONDS,232,232,True,True,True,21,-0.0196141412982,0.0196141412982,logistic_regression,DoS log-odds,False,0,False
172,pilot_173,c0bf6fec9ff92c2f,structured,DoS,Benign,5,IN_BYTES,774,774,True,True,True,39,-0.00224542482889,0.00224542482889,logistic_regression,DoS log-odds,False,0,False
172,pilot_173,c0bf6fec9ff92c2f,structured,DoS,Benign,1,L4_DST_PORT,80,80,True,True,True,26,0.00586313245739,0.00586313245739,random_forest,DoS probability,False,0,False
172,pilot_173,c0bf6fec9ff92c2f,structured,DoS,Benign,2,IN_PKTS,10,10,True,True,True,17,0.00962129503361,0.00962129503361,random_forest,DoS probability,False,0,False
172,pilot_173,c0bf6fec9ff92c2f,structured,DoS,Benign,3,TCP_FLAGS,27,27,True,True,True,32,-0.00250533788933,0.00250533788933,random_forest,DoS probability,False,0,False
172,pilot_173,c0bf6fec9ff92c2f,structured,DoS,Benign,4,FLOW_DURATION_MILLISECONDS,232,232,True,True,True,15,0.0103693249911,0.0103693249911,random_forest,DoS probability,False,0,False
172,pilot_173,c0bf6fec9ff92c2f,structured,DoS,Benign,5,IN_BYTES,774,774,True,True,True,21,0.00827683278365,0.00827683278365,random_forest,DoS probability,False,0,False
173,pilot_174,cebcadcbf7588636,deterministic_text,DoS,Benign,1,L4_DST_PORT,21,21,True,True,True,4,-0.282843543924,0.282843543924,logistic_regression,DoS log-odds,True,0.282843543924,True
173,pilot_174,cebcadcbf7588636,deterministic_text,DoS,Benign,2,IN_PKTS,9,9,True,True,True,18,0.0465486085908,0.0465486085908,logistic_regression,DoS log-odds,False,0,False
173,pilot_174,cebcadcbf7588636,deterministic_text,DoS,Benign,3,FLOW_DURATION_MILLISECONDS,512,512,True,True,True,27,-0.0129070692198,0.0129070692198,logistic_regression,DoS log-odds,False,0,False
173,pilot_174,cebcadcbf7588636,deterministic_text,DoS,Benign,4,SRC_TO_DST_IAT_AVG,89,89,True,True,True,40,-0.000927866960394,0.000927866960394,logistic_regression,DoS log-odds,False,0,False
173,pilot_174,cebcadcbf7588636,deterministic_text,DoS,Benign,5,L4_SRC_PORT,29954,29954,True,True,True,42,0,0,logistic_regression,DoS log-odds,False,0,False
173,pilot_174,cebcadcbf7588636,deterministic_text,DoS,Benign,1,L4_DST_PORT,21,21,True,True,True,11,-0.0118799818875,0.0118799818875,random_forest,DoS probability,False,0,False
173,pilot_174,cebcadcbf7588636,deterministic_text,DoS,Benign,2,IN_PKTS,9,9,True,True,True,13,0.009926379002,0.009926379002,random_forest,DoS probability,False,0,False
173,pilot_174,cebcadcbf7588636,deterministic_text,DoS,Benign,3,FLOW_DURATION_MILLISECONDS,512,512,True,True,True,21,0.00637386539616,0.00637386539616,random_forest,DoS probability,False,0,False
173,pilot_174,cebcadcbf7588636,deterministic_text,DoS,Benign,4,SRC_TO_DST_IAT_AVG,89,89,True,True,True,8,0.0173130464634,0.0173130464634,random_forest,DoS probability,False,0,False
173,pilot_174,cebcadcbf7588636,deterministic_text,DoS,Benign,5,L4_SRC_PORT,29954,29954,True,True,True,35,0.00143810025479,0.00143810025479,random_forest,DoS probability,False,0,False
173,pilot_174,cebcadcbf7588636,structured,DoS,Benign,1,IN_PKTS,9,9,True,True,True,18,0.0465486085908,0.0465486085908,logistic_regression,DoS log-odds,False,0,False
173,pilot_174,cebcadcbf7588636,structured,DoS,Benign,2,SRC_TO_DST_AVG_THROUGHPUT,6721,6721,True,True,True,12,0.075235769525,0.075235769525,logistic_regression,DoS log-odds,False,0,False
173,pilot_174,cebcadcbf7588636,structured,DoS,Benign,3,FLOW_DURATION_MILLISECONDS,512,512,True,True,True,27,-0.0129070692198,0.0129070692198,logistic_regression,DoS log-odds,False,0,False
173,pilot_174,cebcadcbf7588636,structured,DoS,Benign,4,L4_DST_PORT,21,21,True,True,True,4,-0.282843543924,0.282843543924,logistic_regression,DoS log-odds,True,0.282843543924,True
173,pilot_174,cebcadcbf7588636,structured,DoS,Benign,5,RETRANSMITTED_OUT_PKTS,2,2,True,True,True,34,-0.00711447581213,0.00711447581213,logistic_regression,DoS log-odds,False,0,False
173,pilot_174,cebcadcbf7588636,structured,DoS,Benign,1,IN_PKTS,9,9,True,True,True,13,0.009926379002,0.009926379002,random_forest,DoS probability,False,0,False
173,pilot_174,cebcadcbf7588636,structured,DoS,Benign,2,SRC_TO_DST_AVG_THROUGHPUT,6721,6721,True,True,True,10,0.0123729466939,0.0123729466939,random_forest,DoS probability,False,0,False
173,pilot_174,cebcadcbf7588636,structured,DoS,Benign,3,FLOW_DURATION_MILLISECONDS,512,512,True,True,True,21,0.00637386539616,0.00637386539616,random_forest,DoS probability,False,0,False
173,pilot_174,cebcadcbf7588636,structured,DoS,Benign,4,L4_DST_PORT,21,21,True,True,True,11,-0.0118799818875,0.0118799818875,random_forest,DoS probability,False,0,False
173,pilot_174,cebcadcbf7588636,structured,DoS,Benign,5,RETRANSMITTED_OUT_PKTS,2,2,True,True,True,24,0.00466015537862,0.00466015537862,random_forest,DoS probability,False,0,False
174,pilot_175,b834ea7a769c3794,deterministic_text,Benign,Benign,1,TCP_FLAGS,27,27,True,True,True,15,-0.063417026278,0.063417026278,logistic_regression,DoS log-odds,False,0,False
174,pilot_175,b834ea7a769c3794,deterministic_text,Benign,Benign,2,IN_PKTS,46,46,True,True,True,30,-0.0110997084121,0.0110997084121,logistic_regression,DoS log-odds,False,0,False
174,pilot_175,b834ea7a769c3794,deterministic_text,Benign,Benign,3,OUT_BYTES,31538,31538,True,True,True,36,-0.00561394694734,0.00561394694734,logistic_regression,DoS log-odds,False,0,False
174,pilot_175,b834ea7a769c3794,deterministic_text,Benign,Benign,4,RETRANSMITTED_IN_PKTS,7,7,True,True,True,40,-0.00295378678972,0.00295378678972,logistic_regression,DoS log-odds,False,0,False
174,pilot_175,b834ea7a769c3794,deterministic_text,Benign,Benign,5,MIN_TTL,31,31,True,True,True,4,-0.751375024111,0.751375024111,logistic_regression,DoS log-odds,True,0.751375024111,True
174,pilot_175,b834ea7a769c3794,deterministic_text,Benign,Benign,1,TCP_FLAGS,27,27,True,True,True,12,-0.0131545618821,0.0131545618821,random_forest,DoS probability,False,0,False
174,pilot_175,b834ea7a769c3794,deterministic_text,Benign,Benign,2,IN_PKTS,46,46,True,True,True,19,-0.00859358108149,0.00859358108149,random_forest,DoS probability,False,0,False
174,pilot_175,b834ea7a769c3794,deterministic_text,Benign,Benign,3,OUT_BYTES,31538,31538,True,True,True,7,-0.0172596761509,0.0172596761509,random_forest,DoS probability,False,0,False
174,pilot_175,b834ea7a769c3794,deterministic_text,Benign,Benign,4,RETRANSMITTED_IN_PKTS,7,7,True,True,True,23,-0.00651980600076,0.00651980600076,random_forest,DoS probability,False,0,False
174,pilot_175,b834ea7a769c3794,deterministic_text,Benign,Benign,5,MIN_TTL,31,31,True,True,True,3,-0.0482235981739,0.0482235981739,random_forest,DoS probability,True,0.0482235981739,True
174,pilot_175,b834ea7a769c3794,structured,Benign,Benign,1,TCP_FLAGS,27,27,True,True,True,15,-0.063417026278,0.063417026278,logistic_regression,DoS log-odds,False,0,False
174,pilot_175,b834ea7a769c3794,structured,Benign,Benign,2,PROTOCOL,6,6,True,True,True,9,0.160254337263,0.160254337263,logistic_regression,DoS log-odds,False,0,False
174,pilot_175,b834ea7a769c3794,structured,Benign,Benign,3,OUT_BYTES,31538,31538,True,True,True,36,-0.00561394694734,0.00561394694734,logistic_regression,DoS log-odds,False,0,False
174,pilot_175,b834ea7a769c3794,structured,Benign,Benign,4,RETRANSMITTED_OUT_PKTS,16,16,True,True,True,37,-0.00453103785191,0.00453103785191,logistic_regression,DoS log-odds,False,0,False
174,pilot_175,b834ea7a769c3794,structured,Benign,Benign,5,MIN_TTL,31,31,True,True,True,4,-0.751375024111,0.751375024111,logistic_regression,DoS log-odds,True,0.751375024111,True
174,pilot_175,b834ea7a769c3794,structured,Benign,Benign,1,TCP_FLAGS,27,27,True,True,True,12,-0.0131545618821,0.0131545618821,random_forest,DoS probability,False,0,False
174,pilot_175,b834ea7a769c3794,structured,Benign,Benign,2,PROTOCOL,6,6,True,True,True,39,-0.000795138879401,0.000795138879401,random_forest,DoS probability,False,0,False
174,pilot_175,b834ea7a769c3794,structured,Benign,Benign,3,OUT_BYTES,31538,31538,True,True,True,7,-0.0172596761509,0.0172596761509,random_forest,DoS probability,False,0,False
174,pilot_175,b834ea7a769c3794,structured,Benign,Benign,4,RETRANSMITTED_OUT_PKTS,16,16,True,True,True,13,-0.0128591090912,0.0128591090912,random_forest,DoS probability,False,0,False
174,pilot_175,b834ea7a769c3794,structured,Benign,Benign,5,MIN_TTL,31,31,True,True,True,3,-0.0482235981739,0.0482235981739,random_forest,DoS probability,True,0.0482235981739,True
175,pilot_176,72aba6a4099b5d35,deterministic_text,Benign,Benign,1,IN_PKTS,4,4,True,True,True,12,0.147448510783,0.147448510783,logistic_regression,DoS log-odds,False,0,False
175,pilot_176,72aba6a4099b5d35,deterministic_text,Benign,Benign,2,OUT_PKTS,4,4,True,True,True,18,0.0651210797436,0.0651210797436,logistic_regression,DoS log-odds,False,0,False
175,pilot_176,72aba6a4099b5d35,deterministic_text,Benign,Benign,3,IN_BYTES,520,520,True,True,True,39,-0.00133175632429,0.00133175632429,logistic_regression,DoS log-odds,False,0,False
175,pilot_176,72aba6a4099b5d35,deterministic_text,Benign,Benign,4,FLOW_DURATION_MILLISECONDS,246,246,True,True,True,26,-0.037503424816,0.037503424816,logistic_regression,DoS log-odds,False,0,False
175,pilot_176,72aba6a4099b5d35,deterministic_text,Benign,Benign,5,RETRANSMITTED_IN_PKTS,0,0,True,True,True,14,0.105035729166,0.105035729166,logistic_regression,DoS log-odds,False,0,False
175,pilot_176,72aba6a4099b5d35,deterministic_text,Benign,Benign,1,IN_PKTS,4,4,True,True,True,17,0.00578621651204,0.00578621651204,random_forest,DoS probability,False,0,False
175,pilot_176,72aba6a4099b5d35,deterministic_text,Benign,Benign,2,OUT_PKTS,4,4,True,True,True,33,0.0011911859897,0.0011911859897,random_forest,DoS probability,False,0,False
175,pilot_176,72aba6a4099b5d35,deterministic_text,Benign,Benign,3,IN_BYTES,520,520,True,True,True,39,0.000551807046314,0.000551807046314,random_forest,DoS probability,False,0,False
175,pilot_176,72aba6a4099b5d35,deterministic_text,Benign,Benign,4,FLOW_DURATION_MILLISECONDS,246,246,True,True,True,25,0.00218189703926,0.00218189703926,random_forest,DoS probability,False,0,False
175,pilot_176,72aba6a4099b5d35,deterministic_text,Benign,Benign,5,RETRANSMITTED_IN_PKTS,0,0,True,True,True,15,0.00654134658587,0.00654134658587,random_forest,DoS probability,False,0,False
175,pilot_176,72aba6a4099b5d35,structured,Benign,Benign,1,OUT_PKTS,4,4,True,True,True,18,0.0651210797436,0.0651210797436,logistic_regression,DoS log-odds,False,0,False
175,pilot_176,72aba6a4099b5d35,structured,Benign,Benign,2,FLOW_DURATION_MILLISECONDS,246,246,True,True,True,26,-0.037503424816,0.037503424816,logistic_regression,DoS log-odds,False,0,False
175,pilot_176,72aba6a4099b5d35,structured,Benign,Benign,3,PROTOCOL,17,17,True,True,True,22,-0.060204594075,0.060204594075,logistic_regression,DoS log-odds,False,0,False
175,pilot_176,72aba6a4099b5d35,structured,Benign,Benign,4,RETRANSMITTED_IN_PKTS,0,0,True,True,True,14,0.105035729166,0.105035729166,logistic_regression,DoS log-odds,False,0,False
175,pilot_176,72aba6a4099b5d35,structured,Benign,Benign,5,MIN_TTL,31,31,True,True,True,2,-0.775487015134,0.775487015134,logistic_regression,DoS log-odds,True,0.775487015134,True
175,pilot_176,72aba6a4099b5d35,structured,Benign,Benign,1,OUT_PKTS,4,4,True,True,True,33,0.0011911859897,0.0011911859897,random_forest,DoS probability,False,0,False
175,pilot_176,72aba6a4099b5d35,structured,Benign,Benign,2,FLOW_DURATION_MILLISECONDS,246,246,True,True,True,25,0.00218189703926,0.00218189703926,random_forest,DoS probability,False,0,False
175,pilot_176,72aba6a4099b5d35,structured,Benign,Benign,3,PROTOCOL,17,17,True,True,True,43,0.0002353985098,0.0002353985098,random_forest,DoS probability,False,0,False
175,pilot_176,72aba6a4099b5d35,structured,Benign,Benign,4,RETRANSMITTED_IN_PKTS,0,0,True,True,True,15,0.00654134658587,0.00654134658587,random_forest,DoS probability,False,0,False
175,pilot_176,72aba6a4099b5d35,structured,Benign,Benign,5,MIN_TTL,31,31,True,True,True,1,-0.0893653385036,0.0893653385036,random_forest,DoS probability,True,0.0893653385036,True
176,pilot_177,93fe975784bdbbc2,deterministic_text,Benign,DoS,1,FLOW_DURATION_MILLISECONDS,36,36,True,True,True,21,-0.0611866821659,0.0611866821659,logistic_regression,DoS log-odds,False,0,False
176,pilot_177,93fe975784bdbbc2,deterministic_text,Benign,DoS,2,RETRANSMITTED_OUT_BYTES,23046,23046,True,True,True,37,-0.00537799744979,0.00537799744979,logistic_regression,DoS log-odds,False,0,False
176,pilot_177,93fe975784bdbbc2,deterministic_text,Benign,DoS,3,DST_TO_SRC_AVG_THROUGHPUT,10147459,10147459,True,True,True,1,-1.16155360485,1.16155360485,logistic_regression,DoS log-odds,True,1.16155360485,True
176,pilot_177,93fe975784bdbbc2,deterministic_text,Benign,DoS,4,L4_DST_PORT,50147,50147,True,True,True,44,0,0,logistic_regression,DoS log-odds,False,0,False
176,pilot_177,93fe975784bdbbc2,deterministic_text,Benign,DoS,5,RETRANSMITTED_OUT_PKTS,23,23,True,True,True,25,-0.0418672493626,0.0418672493626,logistic_regression,DoS log-odds,False,0,False
176,pilot_177,93fe975784bdbbc2,deterministic_text,Benign,DoS,1,FLOW_DURATION_MILLISECONDS,36,36,True,True,True,16,-0.00915171245553,0.00915171245553,random_forest,DoS probability,False,0,False
176,pilot_177,93fe975784bdbbc2,deterministic_text,Benign,DoS,2,RETRANSMITTED_OUT_BYTES,23046,23046,True,True,True,13,-0.0117448607372,0.0117448607372,random_forest,DoS probability,False,0,False
176,pilot_177,93fe975784bdbbc2,deterministic_text,Benign,DoS,3,DST_TO_SRC_AVG_THROUGHPUT,10147459,10147459,True,True,True,6,-0.0305564961111,0.0305564961111,random_forest,DoS probability,False,0,False
176,pilot_177,93fe975784bdbbc2,deterministic_text,Benign,DoS,4,L4_DST_PORT,50147,50147,True,True,True,31,-0.00332340589792,0.00332340589792,random_forest,DoS probability,False,0,False
176,pilot_177,93fe975784bdbbc2,deterministic_text,Benign,DoS,5,RETRANSMITTED_OUT_PKTS,23,23,True,True,True,10,-0.0154329217426,0.0154329217426,random_forest,DoS probability,False,0,False
176,pilot_177,93fe975784bdbbc2,structured,Benign,DoS,1,SRC_TO_DST_IAT_AVG,0,0,True,True,True,30,-0.0173948175044,0.0173948175044,logistic_regression,DoS log-odds,False,0,False
176,pilot_177,93fe975784bdbbc2,structured,Benign,DoS,2,RETRANSMITTED_OUT_PKTS,23,23,True,True,True,25,-0.0418672493626,0.0418672493626,logistic_regression,DoS log-odds,False,0,False
176,pilot_177,93fe975784bdbbc2,structured,Benign,DoS,3,TCP_FLAGS,27,27,True,True,True,20,-0.064280133966,0.064280133966,logistic_regression,DoS log-odds,False,0,False
176,pilot_177,93fe975784bdbbc2,structured,Benign,DoS,4,FLOW_DURATION_MILLISECONDS,36,36,True,True,True,21,-0.0611866821659,0.0611866821659,logistic_regression,DoS log-odds,False,0,False
176,pilot_177,93fe975784bdbbc2,structured,Benign,DoS,5,DST_TO_SRC_AVG_THROUGHPUT,10147459,10147459,True,True,True,1,-1.16155360485,1.16155360485,logistic_regression,DoS log-odds,True,1.16155360485,True
176,pilot_177,93fe975784bdbbc2,structured,Benign,DoS,1,SRC_TO_DST_IAT_AVG,0,0,True,True,True,14,-0.0100385379219,0.0100385379219,random_forest,DoS probability,False,0,False
176,pilot_177,93fe975784bdbbc2,structured,Benign,DoS,2,RETRANSMITTED_OUT_PKTS,23,23,True,True,True,10,-0.0154329217426,0.0154329217426,random_forest,DoS probability,False,0,False
176,pilot_177,93fe975784bdbbc2,structured,Benign,DoS,3,TCP_FLAGS,27,27,True,True,True,12,-0.0131841956596,0.0131841956596,random_forest,DoS probability,False,0,False
176,pilot_177,93fe975784bdbbc2,structured,Benign,DoS,4,FLOW_DURATION_MILLISECONDS,36,36,True,True,True,16,-0.00915171245553,0.00915171245553,random_forest,DoS probability,False,0,False
176,pilot_177,93fe975784bdbbc2,structured,Benign,DoS,5,DST_TO_SRC_AVG_THROUGHPUT,10147459,10147459,True,True,True,6,-0.0305564961111,0.0305564961111,random_forest,DoS probability,False,0,False
177,pilot_178,d2168aabdce2e27a,deterministic_text,DoS,Benign,1,L4_DST_PORT,80,80,True,True,True,6,0.587468955237,0.587468955237,logistic_regression,DoS log-odds,False,0,False
177,pilot_178,d2168aabdce2e27a,deterministic_text,DoS,Benign,2,IN_PKTS,10,10,True,True,True,18,0.0362255755981,0.0362255755981,logistic_regression,DoS log-odds,False,0,False
177,pilot_178,d2168aabdce2e27a,deterministic_text,DoS,Benign,3,TCP_FLAGS,19,19,True,True,True,11,0.11404186016,0.11404186016,logistic_regression,DoS log-odds,False,0,False
177,pilot_178,d2168aabdce2e27a,deterministic_text,DoS,Benign,4,FLOW_DURATION_MILLISECONDS,950,950,True,True,True,34,-0.00390882909555,0.00390882909555,logistic_regression,DoS log-odds,False,0,False
177,pilot_178,d2168aabdce2e27a,deterministic_text,DoS,Benign,5,IN_BYTES,968,968,True,True,True,36,-0.00218981596066,0.00218981596066,logistic_regression,DoS log-odds,False,0,False
177,pilot_178,d2168aabdce2e27a,deterministic_text,DoS,Benign,1,L4_DST_PORT,80,80,True,True,True,27,0.00464110841758,0.00464110841758,random_forest,DoS probability,False,0,False
177,pilot_178,d2168aabdce2e27a,deterministic_text,DoS,Benign,2,IN_PKTS,10,10,True,True,True,20,0.00844678078847,0.00844678078847,random_forest,DoS probability,False,0,False
177,pilot_178,d2168aabdce2e27a,deterministic_text,DoS,Benign,3,TCP_FLAGS,19,19,True,True,True,9,0.0162235889709,0.0162235889709,random_forest,DoS probability,False,0,False
177,pilot_178,d2168aabdce2e27a,deterministic_text,DoS,Benign,4,FLOW_DURATION_MILLISECONDS,950,950,True,True,True,16,0.0107869491196,0.0107869491196,random_forest,DoS probability,False,0,False
177,pilot_178,d2168aabdce2e27a,deterministic_text,DoS,Benign,5,IN_BYTES,968,968,True,True,True,24,0.00614965971677,0.00614965971677,random_forest,DoS probability,False,0,False
177,pilot_178,d2168aabdce2e27a,structured,DoS,Benign,1,IN_PKTS,10,10,True,True,True,18,0.0362255755981,0.0362255755981,logistic_regression,DoS log-odds,False,0,False
177,pilot_178,d2168aabdce2e27a,structured,DoS,Benign,2,FLOW_DURATION_MILLISECONDS,950,950,True,True,True,34,-0.00390882909555,0.00390882909555,logistic_regression,DoS log-odds,False,0,False
177,pilot_178,d2168aabdce2e27a,structured,DoS,Benign,3,L4_DST_PORT,80,80,True,True,True,6,0.587468955237,0.587468955237,logistic_regression,DoS log-odds,False,0,False
177,pilot_178,d2168aabdce2e27a,structured,DoS,Benign,4,TCP_FLAGS,19,19,True,True,True,11,0.11404186016,0.11404186016,logistic_regression,DoS log-odds,False,0,False
177,pilot_178,d2168aabdce2e27a,structured,DoS,Benign,5,DST_TO_SRC_AVG_THROUGHPUT,14586,14586,True,True,True,7,0.273846121822,0.273846121822,logistic_regression,DoS log-odds,False,0,False
177,pilot_178,d2168aabdce2e27a,structured,DoS,Benign,1,IN_PKTS,10,10,True,True,True,20,0.00844678078847,0.00844678078847,random_forest,DoS probability,False,0,False
177,pilot_178,d2168aabdce2e27a,structured,DoS,Benign,2,FLOW_DURATION_MILLISECONDS,950,950,True,True,True,16,0.0107869491196,0.0107869491196,random_forest,DoS probability,False,0,False
177,pilot_178,d2168aabdce2e27a,structured,DoS,Benign,3,L4_DST_PORT,80,80,True,True,True,27,0.00464110841758,0.00464110841758,random_forest,DoS probability,False,0,False
177,pilot_178,d2168aabdce2e27a,structured,DoS,Benign,4,TCP_FLAGS,19,19,True,True,True,9,0.0162235889709,0.0162235889709,random_forest,DoS probability,False,0,False
177,pilot_178,d2168aabdce2e27a,structured,DoS,Benign,5,DST_TO_SRC_AVG_THROUGHPUT,14586,14586,True,True,True,8,0.0203589456898,0.0203589456898,random_forest,DoS probability,False,0,False
178,pilot_179,84b863c226998275,deterministic_text,DoS,Benign,1,IN_PKTS,10,10,True,True,True,17,0.0362255755981,0.0362255755981,logistic_regression,DoS log-odds,False,0,False
178,pilot_179,84b863c226998275,deterministic_text,DoS,Benign,2,IN_BYTES,536,536,True,True,True,42,-0.00231364601774,0.00231364601774,logistic_regression,DoS log-odds,False,0,False
178,pilot_179,84b863c226998275,deterministic_text,DoS,Benign,3,FLOW_DURATION_MILLISECONDS,214,214,True,True,True,19,-0.0200078677879,0.0200078677879,logistic_regression,DoS log-odds,False,0,False
178,pilot_179,84b863c226998275,deterministic_text,DoS,Benign,4,MIN_TTL,254,254,True,True,True,2,1.33055043732,1.33055043732,logistic_regression,DoS log-odds,True,1.33055043732,True
178,pilot_179,84b863c226998275,deterministic_text,DoS,Benign,5,RETRANSMITTED_IN_PKTS,2,2,True,True,True,20,0.0198643913754,0.0198643913754,logistic_regression,DoS log-odds,False,0,False
178,pilot_179,84b863c226998275,deterministic_text,DoS,Benign,1,IN_PKTS,10,10,True,True,True,19,0.00774009684782,0.00774009684782,random_forest,DoS probability,False,0,False
178,pilot_179,84b863c226998275,deterministic_text,DoS,Benign,2,IN_BYTES,536,536,True,True,True,32,0.00271605231364,0.00271605231364,random_forest,DoS probability,False,0,False
178,pilot_179,84b863c226998275,deterministic_text,DoS,Benign,3,FLOW_DURATION_MILLISECONDS,214,214,True,True,True,21,0.00687861785511,0.00687861785511,random_forest,DoS probability,False,0,False
178,pilot_179,84b863c226998275,deterministic_text,DoS,Benign,4,MIN_TTL,254,254,True,True,True,3,0.0508248334622,0.0508248334622,random_forest,DoS probability,True,0.0508248334622,True
178,pilot_179,84b863c226998275,deterministic_text,DoS,Benign,5,RETRANSMITTED_IN_PKTS,2,2,True,True,True,26,0.00477887738185,0.00477887738185,random_forest,DoS probability,False,0,False
178,pilot_179,84b863c226998275,structured,DoS,Benign,1,IN_PKTS,10,10,True,True,True,17,0.0362255755981,0.0362255755981,logistic_regression,DoS log-odds,False,0,False
178,pilot_179,84b863c226998275,structured,DoS,Benign,2,OUT_PKTS,6,6,True,True,True,36,-0.00540256206701,0.00540256206701,logistic_regression,DoS log-odds,False,0,False
178,pilot_179,84b863c226998275,structured,DoS,Benign,3,FLOW_DURATION_MILLISECONDS,214,214,True,True,True,19,-0.0200078677879,0.0200078677879,logistic_regression,DoS log-odds,False,0,False
178,pilot_179,84b863c226998275,structured,DoS,Benign,4,MAX_IP_PKT_LEN,92,92,True,True,True,8,0.146669046295,0.146669046295,logistic_regression,DoS log-odds,False,0,False
178,pilot_179,84b863c226998275,structured,DoS,Benign,5,IN_BYTES,536,536,True,True,True,42,-0.00231364601774,0.00231364601774,logistic_regression,DoS log-odds,False,0,False
178,pilot_179,84b863c226998275,structured,DoS,Benign,1,IN_PKTS,10,10,True,True,True,19,0.00774009684782,0.00774009684782,random_forest,DoS probability,False,0,False
178,pilot_179,84b863c226998275,structured,DoS,Benign,2,OUT_PKTS,6,6,True,True,True,24,0.00611115624444,0.00611115624444,random_forest,DoS probability,False,0,False
178,pilot_179,84b863c226998275,structured,DoS,Benign,3,FLOW_DURATION_MILLISECONDS,214,214,True,True,True,21,0.00687861785511,0.00687861785511,random_forest,DoS probability,False,0,False
178,pilot_179,84b863c226998275,structured,DoS,Benign,4,MAX_IP_PKT_LEN,92,92,True,True,True,28,-0.00384007842644,0.00384007842644,random_forest,DoS probability,False,0,False
178,pilot_179,84b863c226998275,structured,DoS,Benign,5,IN_BYTES,536,536,True,True,True,32,0.00271605231364,0.00271605231364,random_forest,DoS probability,False,0,False
199,pilot_200,23ff2885f5fdf59c,deterministic_text,Benign,Benign,1,TCP_FLAGS,27,27,True,True,True,18,-0.0419704706546,0.0419704706546,logistic_regression,DoS log-odds,False,0,False
199,pilot_200,23ff2885f5fdf59c,deterministic_text,Benign,Benign,2,OUT_BYTES,24694,24694,True,True,True,31,-0.00536862816504,0.00536862816504,logistic_regression,DoS log-odds,False,0,False
199,pilot_200,23ff2885f5fdf59c,deterministic_text,Benign,Benign,3,FLOW_DURATION_MILLISECONDS,24,24,True,True,True,22,-0.0285135042942,0.0285135042942,logistic_regression,DoS log-odds,False,0,False
199,pilot_200,23ff2885f5fdf59c,deterministic_text,Benign,Benign,4,MIN_TTL,31,31,True,True,True,4,-0.722533200488,0.722533200488,logistic_regression,DoS log-odds,True,0.722533200488,True
199,pilot_200,23ff2885f5fdf59c,deterministic_text,Benign,Benign,5,RETRANSMITTED_OUT_PKTS,14,14,True,True,True,33,-0.00427927087334,0.00427927087334,logistic_regression,DoS log-odds,False,0,False
199,pilot_200,23ff2885f5fdf59c,deterministic_text,Benign,Benign,1,TCP_FLAGS,27,27,True,True,True,14,-0.0121210512375,0.0121210512375,random_forest,DoS probability,False,0,False
199,pilot_200,23ff2885f5fdf59c,deterministic_text,Benign,Benign,2,OUT_BYTES,24694,24694,True,True,True,10,-0.0145216363066,0.0145216363066,random_forest,DoS probability,False,0,False
199,pilot_200,23ff2885f5fdf59c,deterministic_text,Benign,Benign,3,FLOW_DURATION_MILLISECONDS,24,24,True,True,True,18,-0.00924598623626,0.00924598623626,random_forest,DoS probability,False,0,False
199,pilot_200,23ff2885f5fdf59c,deterministic_text,Benign,Benign,4,MIN_TTL,31,31,True,True,True,3,-0.0457108808426,0.0457108808426,random_forest,DoS probability,True,0.0457108808426,True
199,pilot_200,23ff2885f5fdf59c,deterministic_text,Benign,Benign,5,RETRANSMITTED_OUT_PKTS,14,14,True,True,True,9,-0.0146624018729,0.0146624018729,random_forest,DoS probability,False,0,False
199,pilot_200,23ff2885f5fdf59c,structured,Benign,DoS,1,RETRANSMITTED_OUT_PKTS,14,14,True,True,True,33,-0.00427927087334,0.00427927087334,logistic_regression,DoS log-odds,False,0,False
199,pilot_200,23ff2885f5fdf59c,structured,Benign,DoS,2,FLOW_DURATION_MILLISECONDS,24,24,True,True,True,22,-0.0285135042942,0.0285135042942,logistic_regression,DoS log-odds,False,0,False
199,pilot_200,23ff2885f5fdf59c,structured,Benign,DoS,3,L4_DST_PORT,55351,55351,True,True,True,44,0,0,logistic_regression,DoS log-odds,False,0,False
199,pilot_200,23ff2885f5fdf59c,structured,Benign,DoS,4,NUM_PKTS_UP_TO_128_BYTES,68,68,True,True,True,19,-0.0324733433602,0.0324733433602,logistic_regression,DoS log-odds,False,0,False
199,pilot_200,23ff2885f5fdf59c,structured,Benign,DoS,5,SRC_TO_DST_IAT_STDDEV,1,1,True,True,True,21,-0.0288092447275,0.0288092447275,logistic_regression,DoS log-odds,False,0,False
199,pilot_200,23ff2885f5fdf59c,structured,Benign,DoS,1,RETRANSMITTED_OUT_PKTS,14,14,True,True,True,9,-0.0146624018729,0.0146624018729,random_forest,DoS probability,False,0,False
199,pilot_200,23ff2885f5fdf59c,structured,Benign,DoS,2,FLOW_DURATION_MILLISECONDS,24,24,True,True,True,18,-0.00924598623626,0.00924598623626,random_forest,DoS probability,False,0,False
199,pilot_200,23ff2885f5fdf59c,structured,Benign,DoS,3,L4_DST_PORT,55351,55351,True,True,True,33,-0.0026224649042,0.0026224649042,random_forest,DoS probability,False,0,False
199,pilot_200,23ff2885f5fdf59c,structured,Benign,DoS,4,NUM_PKTS_UP_TO_128_BYTES,68,68,True,True,True,7,-0.0154946699455,0.0154946699455,random_forest,DoS probability,False,0,False
199,pilot_200,23ff2885f5fdf59c,structured,Benign,DoS,5,SRC_TO_DST_IAT_STDDEV,1,1,True,True,True,15,-0.0100860602247,0.0100860602247,random_forest,DoS probability,False,0,False
