record_index,sample_id,model_profile_id,condition,true_label,predicted_label,reference_model,attribution_scale,citation_count,distinct_cited_feature_count,top_five_overlap_count,cited_absolute_attribution_sum,mean_cited_reference_rank,best_cited_reference_rank,worst_cited_reference_rank,cited_features,reference_total_absolute_attribution,reference_top_five_absolute_attribution,reference_top_five_features,top_five_overlap_fraction,top_five_jaccard,attribution_mass_coverage,relative_to_reference_top_five_mass
0,pilot_001,29dd49612fe1b4b0,deterministic_text,DoS,Benign,logistic_regression,DoS log-odds,5,5,0,0.278713167574,22.2,8,36,"('TCP_FLAGS', 'IN_PKTS', 'OUT_PKTS', 'SRC_TO_DST_AVG_THROUGHPUT', 'FLOW_DURATION_MILLISECONDS')",6.02898653355,4.14277098294,"('MAX_TTL', 'MIN_TTL', 'SERVER_TCP_FLAGS', 'MIN_IP_PKT_LEN', 'DST_TO_SRC_AVG_THROUGHPUT')",0,0,0.0462288588675,0.0672769913474
0,pilot_001,29dd49612fe1b4b0,structured,DoS,Benign,logistic_regression,DoS log-odds,5,5,0,0.191504273816,28.6,8,43,"('IN_PKTS', 'TCP_FLAGS', 'FLOW_DURATION_MILLISECONDS', 'IN_BYTES', 'L4_SRC_PORT')",6.02898653355,4.14277098294,"('MAX_TTL', 'MIN_TTL', 'SERVER_TCP_FLAGS', 'MIN_IP_PKT_LEN', 'DST_TO_SRC_AVG_THROUGHPUT')",0,0,0.0317639246249,0.0462261309169
0,pilot_001,29dd49612fe1b4b0,deterministic_text,DoS,Benign,random_forest,DoS probability,5,5,0,0.0469662615267,17.2,9,27,"('TCP_FLAGS', 'IN_PKTS', 'OUT_PKTS', 'SRC_TO_DST_AVG_THROUGHPUT', 'FLOW_DURATION_MILLISECONDS')",0.506447555172,0.236108177955,"('MAX_TTL', 'MIN_IP_PKT_LEN', 'SHORTEST_FLOW_PKT', 'MIN_TTL', 'SERVER_TCP_FLAGS')",0,0,0.0927366734167,0.198918402291
0,pilot_001,29dd49612fe1b4b0,structured,DoS,Benign,random_forest,DoS probability,5,5,0,0.0336419005017,23.6,9,35,"('IN_PKTS', 'TCP_FLAGS', 'FLOW_DURATION_MILLISECONDS', 'IN_BYTES', 'L4_SRC_PORT')",0.506447555172,0.236108177955,"('MAX_TTL', 'MIN_IP_PKT_LEN', 'SHORTEST_FLOW_PKT', 'MIN_TTL', 'SERVER_TCP_FLAGS')",0,0,0.0664272147394,0.142485113362
1,pilot_002,d69873ea9c5c44d5,deterministic_text,Benign,Benign,logistic_regression,DoS log-odds,5,5,0,0.176293621896,31.6,11,44,"('TCP_FLAGS', 'PROTOCOL', 'L4_DST_PORT', 'RETRANSMITTED_OUT_PKTS', 'FLOW_DURATION_MILLISECONDS')",7.00743966885,4.47587747591,"('DST_TO_SRC_AVG_THROUGHPUT', 'SERVER_TCP_FLAGS', 'MIN_IP_PKT_LEN', 'MIN_TTL', 'MAX_TTL')",0,0,0.0251580648892,0.0393874995115
1,pilot_002,d69873ea9c5c44d5,structured,Benign,Benign,logistic_regression,DoS log-odds,5,5,2,1.76472986712,21.8,2,42,"('TCP_FLAGS', 'SERVER_TCP_FLAGS', 'FLOW_DURATION_MILLISECONDS', 'MIN_TTL', 'RETRANSMITTED_OUT_PKTS')",7.00743966885,4.47587747591,"('DST_TO_SRC_AVG_THROUGHPUT', 'SERVER_TCP_FLAGS', 'MIN_IP_PKT_LEN', 'MIN_TTL', 'MAX_TTL')",0.4,0.25,0.251836612303,0.394275731769
1,pilot_002,d69873ea9c5c44d5,deterministic_text,Benign,Benign,random_forest,DoS probability,5,5,0,0.0383559932397,22.6,11,43,"('TCP_FLAGS', 'PROTOCOL', 'L4_DST_PORT', 'RETRANSMITTED_OUT_PKTS', 'FLOW_DURATION_MILLISECONDS')",0.506985798285,0.22913229641,"('MIN_IP_PKT_LEN', 'MAX_TTL', 'MIN_TTL', 'SERVER_TCP_FLAGS', 'SHORTEST_FLOW_PKT')",0,0,0.0756549658186,0.167396712907
1,pilot_002,d69873ea9c5c44d5,structured,Benign,Benign,random_forest,DoS probability,5,5,2,0.124468219494,9.2,3,15,"('TCP_FLAGS', 'SERVER_TCP_FLAGS', 'FLOW_DURATION_MILLISECONDS', 'MIN_TTL', 'RETRANSMITTED_OUT_PKTS')",0.506985798285,0.22913229641,"('MIN_IP_PKT_LEN', 'MAX_TTL', 'MIN_TTL', 'SERVER_TCP_FLAGS', 'SHORTEST_FLOW_PKT')",0.4,0.25,0.245506323677,0.543215519784
2,pilot_003,f5cd86e2235ab5b3,deterministic_text,DoS,DoS,logistic_regression,DoS log-odds,5,5,0,0.0912261497484,34.8,25,44,"('TCP_FLAGS', 'L4_DST_PORT', 'OUT_PKTS', 'SHORTEST_FLOW_PKT', 'IN_PKTS')",23.786914729,19.972715781,"('SRC_TO_DST_IAT_AVG', 'MIN_IP_PKT_LEN', 'SRC_TO_DST_IAT_STDDEV', 'MAX_TTL', 'MIN_TTL')",0,0,0.00383514006704,0.00456753857355
2,pilot_003,f5cd86e2235ab5b3,structured,DoS,DoS,logistic_regression,DoS log-odds,5,5,0,0.570820433281,30.6,6,44,"('TCP_FLAGS', 'OUT_PKTS', 'IN_PKTS', 'FLOW_DURATION_MILLISECONDS', 'L4_DST_PORT')",23.786914729,19.972715781,"('SRC_TO_DST_IAT_AVG', 'MIN_IP_PKT_LEN', 'SRC_TO_DST_IAT_STDDEV', 'MAX_TTL', 'MIN_TTL')",0,0,0.0239972455354,0.0285800108277
2,pilot_003,f5cd86e2235ab5b3,deterministic_text,DoS,DoS,random_forest,DoS probability,5,5,1,0.0667490173313,18.6,4,38,"('TCP_FLAGS', 'L4_DST_PORT', 'OUT_PKTS', 'SHORTEST_FLOW_PKT', 'IN_PKTS')",0.50739964467,0.246115717634,"('MIN_IP_PKT_LEN', 'MAX_TTL', 'MIN_TTL', 'SHORTEST_FLOW_PKT', 'DST_TO_SRC_AVG_THROUGHPUT')",0.2,0.111111111111,0.131551170822,0.271209892537
2,pilot_003,f5cd86e2235ab5b3,structured,DoS,DoS,random_forest,DoS probability,5,5,0,0.0396249679746,22.4,7,38,"('TCP_FLAGS', 'OUT_PKTS', 'IN_PKTS', 'FLOW_DURATION_MILLISECONDS', 'L4_DST_PORT')",0.50739964467,0.246115717634,"('MIN_IP_PKT_LEN', 'MAX_TTL', 'MIN_TTL', 'SHORTEST_FLOW_PKT', 'DST_TO_SRC_AVG_THROUGHPUT')",0,0,0.078094197327,0.161001371044
3,pilot_004,b8ba16aed4998c8f,deterministic_text,DoS,Benign,logistic_regression,DoS log-odds,5,5,0,0.27142159718,22.2,7,41,"('IN_PKTS', 'FLOW_DURATION_MILLISECONDS', 'TCP_FLAGS', 'L4_DST_PORT', 'IN_BYTES')",4.98552698023,3.47381224346,"('MAX_TTL', 'MIN_TTL', 'DST_TO_SRC_IAT_AVG', 'DST_TO_SRC_AVG_THROUGHPUT', 'L7_PROTO')",0,0,0.0544419071959,0.0781336405534
3,pilot_004,b8ba16aed4998c8f,structured,DoS,Benign,logistic_regression,DoS log-odds,5,5,0,0.27142159718,22.2,7,41,"('IN_PKTS', 'TCP_FLAGS', 'IN_BYTES', 'FLOW_DURATION_MILLISECONDS', 'L4_DST_PORT')",4.98552698023,3.47381224346,"('MAX_TTL', 'MIN_TTL', 'DST_TO_SRC_IAT_AVG', 'DST_TO_SRC_AVG_THROUGHPUT', 'L7_PROTO')",0,0,0.0544419071959,0.0781336405534
3,pilot_004,b8ba16aed4998c8f,deterministic_text,DoS,Benign,random_forest,DoS probability,5,5,0,0.0371974822873,17.8,10,28,"('IN_PKTS', 'FLOW_DURATION_MILLISECONDS', 'TCP_FLAGS', 'L4_DST_PORT', 'IN_BYTES')",0.458566311039,0.228376768622,"('MIN_IP_PKT_LEN', 'MAX_TTL', 'MIN_TTL', 'SHORTEST_FLOW_PKT', 'DST_TO_SRC_AVG_THROUGHPUT')",0,0,0.0811169102307,0.162877697726
3,pilot_004,b8ba16aed4998c8f,structured,DoS,Benign,random_forest,DoS probability,5,5,0,0.0371974822873,17.8,10,28,"('IN_PKTS', 'TCP_FLAGS', 'IN_BYTES', 'FLOW_DURATION_MILLISECONDS', 'L4_DST_PORT')",0.458566311039,0.228376768622,"('MIN_IP_PKT_LEN', 'MAX_TTL', 'MIN_TTL', 'SHORTEST_FLOW_PKT', 'DST_TO_SRC_AVG_THROUGHPUT')",0,0,0.0811169102307,0.162877697726
4,pilot_005,63c8049f8fe1fdd8,deterministic_text,Benign,DoS,logistic_regression,DoS log-odds,5,5,2,1.53993837349,16.4,3,31,"('RETRANSMITTED_IN_PKTS', 'L7_PROTO', 'FLOW_DURATION_MILLISECONDS', 'SRC_TO_DST_AVG_THROUGHPUT', 'MIN_TTL')",6.7949303845,4.20289582663,"('SERVER_TCP_FLAGS', 'MIN_IP_PKT_LEN', 'MIN_TTL', 'MAX_TTL', 'L7_PROTO')",0.4,0.25,0.226630485723,0.366399367726
4,pilot_005,63c8049f8fe1fdd8,structured,Benign,Benign,logistic_regression,DoS log-odds,5,5,1,0.86106647386,21.8,3,41,"('IN_PKTS', 'IN_BYTES', 'SRC_TO_DST_AVG_THROUGHPUT', 'FLOW_DURATION_MILLISECONDS', 'MIN_TTL')",6.7949303845,4.20289582663,"('SERVER_TCP_FLAGS', 'MIN_IP_PKT_LEN', 'MIN_TTL', 'MAX_TTL', 'L7_PROTO')",0.2,0.111111111111,0.126721897817,0.204874569673
4,pilot_005,63c8049f8fe1fdd8,deterministic_text,Benign,DoS,random_forest,DoS probability,5,5,1,0.115632071549,16.8,3,34,"('RETRANSMITTED_IN_PKTS', 'L7_PROTO', 'FLOW_DURATION_MILLISECONDS', 'SRC_TO_DST_AVG_THROUGHPUT', 'MIN_TTL')",0.616642413178,0.31923687903,"('MIN_IP_PKT_LEN', 'MAX_TTL', 'MIN_TTL', 'SHORTEST_FLOW_PKT', 'SERVER_TCP_FLAGS')",0.2,0.111111111111,0.187518842489,0.36221401456
4,pilot_005,63c8049f8fe1fdd8,structured,Benign,Benign,random_forest,DoS probability,5,5,1,0.0988939178941,17.8,3,34,"('IN_PKTS', 'IN_BYTES', 'SRC_TO_DST_AVG_THROUGHPUT', 'FLOW_DURATION_MILLISECONDS', 'MIN_TTL')",0.616642413178,0.31923687903,"('MIN_IP_PKT_LEN', 'MAX_TTL', 'MIN_TTL', 'SHORTEST_FLOW_PKT', 'SERVER_TCP_FLAGS')",0.2,0.111111111111,0.160374823043,0.309782247573
5,pilot_006,bd45078ab8480f70,deterministic_text,Benign,Benign,logistic_regression,DoS log-odds,5,5,0,0.146606165728,25,20,28,"('L4_DST_PORT', 'L7_PROTO', 'IN_PKTS', 'FLOW_DURATION_MILLISECONDS', 'DNS_QUERY_TYPE')",8.24524335402,5.63365900016,"('MIN_IP_PKT_LEN', 'MAX_TTL', 'MIN_TTL', 'DNS_TTL_ANSWER', 'TCP_WIN_MAX_IN')",0,0,0.0177806960248,0.0260232587248
5,pilot_006,bd45078ab8480f70,structured,Benign,Benign,logistic_regression,DoS log-odds,5,5,0,0.132512988138,27,20,37,"('L4_DST_PORT', 'OUT_BYTES', 'IN_PKTS', 'DNS_QUERY_TYPE', 'FLOW_DURATION_MILLISECONDS')",8.24524335402,5.63365900016,"('MIN_IP_PKT_LEN', 'MAX_TTL', 'MIN_TTL', 'DNS_TTL_ANSWER', 'TCP_WIN_MAX_IN')",0,0,0.0160714465842,0.0235216558428
5,pilot_006,bd45078ab8480f70,deterministic_text,Benign,Benign,random_forest,DoS probability,5,5,0,0.0836593463183,10.6,6,16,"('L4_DST_PORT', 'L7_PROTO', 'IN_PKTS', 'FLOW_DURATION_MILLISECONDS', 'DNS_QUERY_TYPE')",0.566589279857,0.311874994974,"('MAX_TTL', 'MIN_IP_PKT_LEN', 'MIN_TTL', 'DST_TO_SRC_AVG_THROUGHPUT', 'SHORTEST_FLOW_PKT')",0,0,0.147654304966,0.268246405344
5,pilot_006,bd45078ab8480f70,structured,Benign,Benign,random_forest,DoS probability,5,5,0,0.0698947325833,13,6,19,"('L4_DST_PORT', 'OUT_BYTES', 'IN_PKTS', 'DNS_QUERY_TYPE', 'FLOW_DURATION_MILLISECONDS')",0.566589279857,0.311874994974,"('MAX_TTL', 'MIN_IP_PKT_LEN', 'MIN_TTL', 'DST_TO_SRC_AVG_THROUGHPUT', 'SHORTEST_FLOW_PKT')",0,0,0.123360492456,0.224111370612
7,pilot_008,3c9513c21b4c3ee0,deterministic_text,DoS,Benign,logistic_regression,DoS log-odds,5,5,1,0.998654879169,12.6,5,23,"('IN_PKTS', 'PROTOCOL', 'L4_DST_PORT', 'TCP_FLAGS', 'FLOW_DURATION_MILLISECONDS')",6.79026837096,4.76956485163,"('MAX_TTL', 'MIN_TTL', 'SERVER_TCP_FLAGS', 'L7_PROTO', 'L4_DST_PORT')",0.2,0.111111111111,0.147071488874,0.209380710869
7,pilot_008,3c9513c21b4c3ee0,structured,DoS,Benign,logistic_regression,DoS log-odds,5,5,1,0.907120435045,13.2,5,23,"('L4_DST_PORT', 'IN_PKTS', 'FLOW_DURATION_MILLISECONDS', 'TCP_FLAGS', 'SRC_TO_DST_AVG_THROUGHPUT')",6.79026837096,4.76956485163,"('MAX_TTL', 'MIN_TTL', 'SERVER_TCP_FLAGS', 'L7_PROTO', 'L4_DST_PORT')",0.2,0.111111111111,0.133591249342,0.190189349189
7,pilot_008,3c9513c21b4c3ee0,deterministic_text,DoS,Benign,random_forest,DoS probability,5,5,0,0.0389115621139,20.8,7,36,"('IN_PKTS', 'PROTOCOL', 'L4_DST_PORT', 'TCP_FLAGS', 'FLOW_DURATION_MILLISECONDS')",0.476631869627,0.255447830678,"('MIN_IP_PKT_LEN', 'MAX_TTL', 'MIN_TTL', 'SHORTEST_FLOW_PKT', 'SERVER_TCP_FLAGS')",0,0,0.0816386074737,0.152326845018
7,pilot_008,3c9513c21b4c3ee0,structured,DoS,Benign,random_forest,DoS probability,5,5,0,0.0425876458608,17.8,7,27,"('L4_DST_PORT', 'IN_PKTS', 'FLOW_DURATION_MILLISECONDS', 'TCP_FLAGS', 'SRC_TO_DST_AVG_THROUGHPUT')",0.476631869627,0.255447830678,"('MIN_IP_PKT_LEN', 'MAX_TTL', 'MIN_TTL', 'SHORTEST_FLOW_PKT', 'SERVER_TCP_FLAGS')",0,0,0.0893512343061,0.166717586709
8,pilot_009,f6433b14fa74884b,deterministic_text,DoS,Benign,logistic_regression,DoS log-odds,5,5,2,1.13236155513,10.6,3,22,"('FTP_COMMAND_RET_CODE', 'IN_PKTS', 'L4_DST_PORT', 'TCP_FLAGS', 'MAX_TTL')",4.58354992795,2.01817317406,"('DST_TO_SRC_IAT_AVG', 'MIN_TTL', 'MAX_TTL', 'MIN_IP_PKT_LEN', 'L4_DST_PORT')",0.4,0.25,0.247049028139,0.561082453023
8,pilot_009,f6433b14fa74884b,structured,DoS,Benign,logistic_regression,DoS log-odds,5,5,2,0.974400913188,13.6,2,28,"('IN_PKTS', 'FLOW_DURATION_MILLISECONDS', 'L4_DST_PORT', 'FTP_COMMAND_RET_CODE', 'MIN_TTL')",4.58354992795,2.01817317406,"('DST_TO_SRC_IAT_AVG', 'MIN_TTL', 'MAX_TTL', 'MIN_IP_PKT_LEN', 'L4_DST_PORT')",0.4,0.25,0.212586516675,0.48281333124
8,pilot_009,f6433b14fa74884b,deterministic_text,DoS,Benign,random_forest,DoS probability,5,5,1,0.0843715578887,18.4,4,29,"('FTP_COMMAND_RET_CODE', 'IN_PKTS', 'L4_DST_PORT', 'TCP_FLAGS', 'MAX_TTL')",0.538371801076,0.251159671909,"('MIN_IP_PKT_LEN', 'SHORTEST_FLOW_PKT', 'MIN_TTL', 'MAX_TTL', 'SRC_TO_DST_IAT_AVG')",0.2,0.111111111111,0.156716153632,0.33592796665
8,pilot_009,f6433b14fa74884b,structured,DoS,Benign,random_forest,DoS probability,5,5,1,0.0865388135102,17.2,3,29,"('IN_PKTS', 'FLOW_DURATION_MILLISECONDS', 'L4_DST_PORT', 'FTP_COMMAND_RET_CODE', 'MIN_TTL')",0.538371801076,0.251159671909,"('MIN_IP_PKT_LEN', 'SHORTEST_FLOW_PKT', 'MIN_TTL', 'MAX_TTL', 'SRC_TO_DST_IAT_AVG')",0.2,0.111111111111,0.160741727812,0.344556961922
9,pilot_010,b5b1608211cefb33,deterministic_text,Benign,Benign,logistic_regression,DoS log-odds,5,5,0,0.149963054547,28.6,14,42,"('IN_PKTS', 'OUT_PKTS', 'IN_BYTES', 'PROTOCOL', 'FLOW_DURATION_MILLISECONDS')",5.5214796675,3.43033068083,"('MIN_IP_PKT_LEN', 'MIN_TTL', 'MAX_TTL', 'TCP_WIN_MAX_OUT', 'TCP_WIN_MAX_IN')",0,0,0.0271599396499,0.0437167924904
9,pilot_010,b5b1608211cefb33,structured,Benign,DoS,logistic_regression,DoS log-odds,5,5,0,0.174226012512,26,14,44,"('FLOW_DURATION_MILLISECONDS', 'PROTOCOL', 'IN_PKTS', 'L4_DST_PORT', 'RETRANSMITTED_IN_PKTS')",5.5214796675,3.43033068083,"('MIN_IP_PKT_LEN', 'MIN_TTL', 'MAX_TTL', 'TCP_WIN_MAX_OUT', 'TCP_WIN_MAX_IN')",0,0,0.031554225136,0.0507898592651
9,pilot_010,b5b1608211cefb33,deterministic_text,Benign,Benign,random_forest,DoS probability,5,5,0,0.0318864348901,23,9,32,"('IN_PKTS', 'OUT_PKTS', 'IN_BYTES', 'PROTOCOL', 'FLOW_DURATION_MILLISECONDS')",0.532661321745,0.286641197411,"('MIN_IP_PKT_LEN', 'MAX_TTL', 'MIN_TTL', 'DST_TO_SRC_AVG_THROUGHPUT', 'SHORTEST_FLOW_PKT')",0,0,0.0598624934615,0.111241633018
9,pilot_010,b5b1608211cefb33,structured,Benign,DoS,random_forest,DoS probability,5,5,0,0.0308151170211,23.6,9,34,"('FLOW_DURATION_MILLISECONDS', 'PROTOCOL', 'IN_PKTS', 'L4_DST_PORT', 'RETRANSMITTED_IN_PKTS')",0.532661321745,0.286641197411,"('MIN_IP_PKT_LEN', 'MAX_TTL', 'MIN_TTL', 'DST_TO_SRC_AVG_THROUGHPUT', 'SHORTEST_FLOW_PKT')",0,0,0.0578512382317,0.107504145599
10,pilot_011,20b41cc8abc1eb96,deterministic_text,DoS,DoS,logistic_regression,DoS log-odds,5,5,0,0.243576272365,21.4,11,30,"('TCP_FLAGS', 'L4_DST_PORT', 'RETRANSMITTED_IN_PKTS', 'L7_PROTO', 'IN_PKTS')",7.06974328305,4.9792746443,"('MAX_TTL', 'MIN_TTL', 'SERVER_TCP_FLAGS', 'DST_TO_SRC_IAT_AVG', 'DST_TO_SRC_IAT_STDDEV')",0,0,0.0344533404697,0.048918023159
10,pilot_011,20b41cc8abc1eb96,structured,DoS,Benign,logistic_regression,DoS log-odds,5,5,0,0.250064843154,20.4,11,25,"('TCP_FLAGS', 'L4_DST_PORT', 'IN_PKTS', 'FLOW_DURATION_MILLISECONDS', 'RETRANSMITTED_IN_PKTS')",7.06974328305,4.9792746443,"('MAX_TTL', 'MIN_TTL', 'SERVER_TCP_FLAGS', 'DST_TO_SRC_IAT_AVG', 'DST_TO_SRC_IAT_STDDEV')",0,0,0.035371134869,0.0502211388239
10,pilot_011,20b41cc8abc1eb96,deterministic_text,DoS,DoS,random_forest,DoS probability,5,5,0,0.0391143812028,23.2,8,35,"('TCP_FLAGS', 'L4_DST_PORT', 'RETRANSMITTED_IN_PKTS', 'L7_PROTO', 'IN_PKTS')",0.503804917816,0.241391262229,"('MIN_IP_PKT_LEN', 'MIN_TTL', 'MAX_TTL', 'SERVER_TCP_FLAGS', 'SHORTEST_FLOW_PKT')",0,0,0.0776379503646,0.162037270287
10,pilot_011,20b41cc8abc1eb96,structured,DoS,Benign,random_forest,DoS probability,5,5,0,0.0368763221173,24.2,8,35,"('TCP_FLAGS', 'L4_DST_PORT', 'IN_PKTS', 'FLOW_DURATION_MILLISECONDS', 'RETRANSMITTED_IN_PKTS')",0.503804917816,0.241391262229,"('MIN_IP_PKT_LEN', 'MIN_TTL', 'MAX_TTL', 'SERVER_TCP_FLAGS', 'SHORTEST_FLOW_PKT')",0,0,0.0731956374645,0.152765770297
11,pilot_012,bc9146b4609c210b,deterministic_text,DoS,DoS,logistic_regression,DoS log-odds,5,5,1,20.7541533013,21,5,43,"('RETRANSMITTED_OUT_PKTS', 'OUT_BYTES', 'DST_TO_SRC_AVG_THROUGHPUT', 'L4_DST_PORT', 'NUM_PKTS_1024_TO_1514_BYTES')",194.560284868,155.967292055,"('NUM_PKTS_256_TO_512_BYTES', 'OUT_PKTS', 'NUM_PKTS_UP_TO_128_BYTES', 'DURATION_OUT', 'RETRANSMITTED_OUT_PKTS')",0.2,0.111111111111,0.106672095569,0.133067343979
11,pilot_012,bc9146b4609c210b,structured,DoS,Benign,logistic_regression,DoS log-odds,5,5,0,12.1737533559,30.2,6,43,"('L4_DST_PORT', 'PROTOCOL', 'L4_SRC_PORT', 'IN_PKTS', 'DST_TO_SRC_AVG_THROUGHPUT')",194.560284868,155.967292055,"('NUM_PKTS_256_TO_512_BYTES', 'OUT_PKTS', 'NUM_PKTS_UP_TO_128_BYTES', 'DURATION_OUT', 'RETRANSMITTED_OUT_PKTS')",0,0,0.0625705979209,0.0780532456226
11,pilot_012,bc9146b4609c210b,deterministic_text,DoS,DoS,random_forest,DoS probability,5,5,0,0.078138243612,18,6,33,"('RETRANSMITTED_OUT_PKTS', 'OUT_BYTES', 'DST_TO_SRC_AVG_THROUGHPUT', 'L4_DST_PORT', 'NUM_PKTS_1024_TO_1514_BYTES')",0.611034037449,0.280770744336,"('MIN_TTL', 'SHORTEST_FLOW_PKT', 'MIN_IP_PKT_LEN', 'MAX_TTL', 'SERVER_TCP_FLAGS')",0,0,0.127878708588,0.278299093436
11,pilot_012,bc9146b4609c210b,structured,DoS,Benign,random_forest,DoS probability,5,5,0,0.0528262913946,27.2,6,44,"('L4_DST_PORT', 'PROTOCOL', 'L4_SRC_PORT', 'IN_PKTS', 'DST_TO_SRC_AVG_THROUGHPUT')",0.611034037449,0.280770744336,"('MIN_TTL', 'SHORTEST_FLOW_PKT', 'MIN_IP_PKT_LEN', 'MAX_TTL', 'SERVER_TCP_FLAGS')",0,0,0.0864539258978,0.188147420842
12,pilot_013,002f43355f1edaf4,deterministic_text,Benign,Benign,logistic_regression,DoS log-odds,5,5,0,0.600179562349,19.8,6,41,"('L4_DST_PORT', 'IN_PKTS', 'FLOW_DURATION_MILLISECONDS', 'TCP_FLAGS', 'FTP_COMMAND_RET_CODE')",6.25028856903,3.51708393244,"('MIN_IP_PKT_LEN', 'MIN_TTL', 'MAX_TTL', 'L7_PROTO', 'SERVER_TCP_FLAGS')",0,0,0.0960242964337,0.170646926226
12,pilot_013,002f43355f1edaf4,structured,Benign,Benign,logistic_regression,DoS log-odds,5,5,1,1.12423967897,18.4,2,37,"('L4_DST_PORT', 'IN_BYTES', 'NUM_PKTS_UP_TO_128_BYTES', 'FLOW_DURATION_MILLISECONDS', 'MIN_TTL')",6.25028856903,3.51708393244,"('MIN_IP_PKT_LEN', 'MIN_TTL', 'MAX_TTL', 'L7_PROTO', 'SERVER_TCP_FLAGS')",0.2,0.111111111111,0.179870043847,0.319651080431
12,pilot_013,002f43355f1edaf4,deterministic_text,Benign,Benign,random_forest,DoS probability,5,5,0,0.066748375479,15.4,7,24,"('L4_DST_PORT', 'IN_PKTS', 'FLOW_DURATION_MILLISECONDS', 'TCP_FLAGS', 'FTP_COMMAND_RET_CODE')",0.59554524216,0.281075180656,"('MIN_IP_PKT_LEN', 'MAX_TTL', 'MIN_TTL', 'SHORTEST_FLOW_PKT', 'L7_PROTO')",0,0,0.11207943705,0.237475167046
12,pilot_013,002f43355f1edaf4,structured,Benign,Benign,random_forest,DoS probability,5,5,1,0.120329770766,13.6,3,24,"('L4_DST_PORT', 'IN_BYTES', 'NUM_PKTS_UP_TO_128_BYTES', 'FLOW_DURATION_MILLISECONDS', 'MIN_TTL')",0.59554524216,0.281075180656,"('MIN_IP_PKT_LEN', 'MAX_TTL', 'MIN_TTL', 'SHORTEST_FLOW_PKT', 'L7_PROTO')",0.2,0.111111111111,0.202049755833,0.428105286581
13,pilot_014,1cc7dca9ffa68287,deterministic_text,Benign,DoS,logistic_regression,DoS log-odds,5,5,0,0.0745682347387,32.4,18,45,"('TCP_FLAGS', 'CLIENT_TCP_FLAGS', 'ICMP_TYPE', 'RETRANSMITTED_IN_PKTS', 'SRC_TO_DST_IAT_MIN')",5.32159736137,3.65358205392,"('MIN_IP_PKT_LEN', 'SERVER_TCP_FLAGS', 'MIN_TTL', 'MAX_TTL', 'DST_TO_SRC_AVG_THROUGHPUT')",0,0,0.014012378178,0.020409623662
13,pilot_014,1cc7dca9ffa68287,structured,Benign,Benign,logistic_regression,DoS log-odds,5,5,0,0.276830793792,21.2,7,36,"('TCP_FLAGS', 'IN_PKTS', 'FLOW_DURATION_MILLISECONDS', 'PROTOCOL', 'RETRANSMITTED_IN_PKTS')",5.32159736137,3.65358205392,"('MIN_IP_PKT_LEN', 'SERVER_TCP_FLAGS', 'MIN_TTL', 'MAX_TTL', 'DST_TO_SRC_AVG_THROUGHPUT')",0,0,0.0520202441097,0.0757696938804
13,pilot_014,1cc7dca9ffa68287,deterministic_text,Benign,DoS,random_forest,DoS probability,5,5,0,0.0311493290231,25.6,10,45,"('TCP_FLAGS', 'CLIENT_TCP_FLAGS', 'ICMP_TYPE', 'RETRANSMITTED_IN_PKTS', 'SRC_TO_DST_IAT_MIN')",0.494040242016,0.271716790349,"('MIN_IP_PKT_LEN', 'MAX_TTL', 'MIN_TTL', 'SERVER_TCP_FLAGS', 'SHORTEST_FLOW_PKT')",0,0,0.0630501857419,0.114638955447
13,pilot_014,1cc7dca9ffa68287,structured,Benign,Benign,random_forest,DoS probability,5,5,0,0.0449500953628,19.4,7,44,"('TCP_FLAGS', 'IN_PKTS', 'FLOW_DURATION_MILLISECONDS', 'PROTOCOL', 'RETRANSMITTED_IN_PKTS')",0.494040242016,0.271716790349,"('MIN_IP_PKT_LEN', 'MAX_TTL', 'MIN_TTL', 'SERVER_TCP_FLAGS', 'SHORTEST_FLOW_PKT')",0,0,0.0909846841209,0.165429951182
14,pilot_015,a67a0af8f3def092,deterministic_text,Benign,Benign,logistic_regression,DoS log-odds,5,5,0,0.349329673419,17.4,8,25,"('L4_DST_PORT', 'FTP_COMMAND_RET_CODE', 'IN_PKTS', 'FLOW_DURATION_MILLISECONDS', 'TCP_WIN_MAX_IN')",5.46356969373,3.56864439187,"('MIN_IP_PKT_LEN', 'L7_PROTO', 'MIN_TTL', 'MAX_TTL', 'SERVER_TCP_FLAGS')",0,0,0.0639379916432,0.0978886196156
14,pilot_015,a67a0af8f3def092,structured,Benign,Benign,logistic_regression,DoS log-odds,5,5,0,0.296267359634,21.4,8,37,"('TCP_FLAGS', 'L4_DST_PORT', 'IN_PKTS', 'FLOW_DURATION_MILLISECONDS', 'RETRANSMITTED_IN_PKTS')",5.46356969373,3.56864439187,"('MIN_IP_PKT_LEN', 'L7_PROTO', 'MIN_TTL', 'MAX_TTL', 'SERVER_TCP_FLAGS')",0,0,0.0542259687789,0.0830195802946
14,pilot_015,a67a0af8f3def092,deterministic_text,Benign,Benign,random_forest,DoS probability,5,5,0,0.0309750520996,22.4,12,30,"('L4_DST_PORT', 'FTP_COMMAND_RET_CODE', 'IN_PKTS', 'FLOW_DURATION_MILLISECONDS', 'TCP_WIN_MAX_IN')",0.485358099738,0.237244349186,"('MIN_IP_PKT_LEN', 'MIN_TTL', 'MAX_TTL', 'SHORTEST_FLOW_PKT', 'L7_PROTO')",0,0,0.0638189660714,0.130561811929
14,pilot_015,a67a0af8f3def092,structured,Benign,Benign,random_forest,DoS probability,5,5,0,0.0427833399611,19,12,30,"('TCP_FLAGS', 'L4_DST_PORT', 'IN_PKTS', 'FLOW_DURATION_MILLISECONDS', 'RETRANSMITTED_IN_PKTS')",0.485358099738,0.237244349186,"('MIN_IP_PKT_LEN', 'MIN_TTL', 'MAX_TTL', 'SHORTEST_FLOW_PKT', 'L7_PROTO')",0,0,0.08814798802,0.180334495249
15,pilot_016,553bcc9c6d95c3ee,deterministic_text,DoS,DoS,logistic_regression,DoS log-odds,5,5,3,15.7436657768,7.2,1,18,"('RETRANSMITTED_IN_PKTS', 'IN_PKTS', 'RETRANSMITTED_IN_BYTES', 'L4_DST_PORT', 'OUT_PKTS')",31.0521625092,20.7700723309,"('RETRANSMITTED_IN_PKTS', 'IN_PKTS', 'RETRANSMITTED_IN_BYTES', 'NUM_PKTS_256_TO_512_BYTES', 'DURATION_OUT')",0.6,0.428571428571,0.507007065035,0.757997638425
15,pilot_016,553bcc9c6d95c3ee,structured,DoS,DoS,logistic_regression,DoS log-odds,5,5,3,15.5877376041,9.2,1,28,"('RETRANSMITTED_IN_PKTS', 'RETRANSMITTED_IN_BYTES', 'NUM_PKTS_1024_TO_1514_BYTES', 'IN_PKTS', 'L4_DST_PORT')",31.0521625092,20.7700723309,"('RETRANSMITTED_IN_PKTS', 'IN_PKTS', 'RETRANSMITTED_IN_BYTES', 'NUM_PKTS_256_TO_512_BYTES', 'DURATION_OUT')",0.6,0.428571428571,0.501985573451,0.750490289861
15,pilot_016,553bcc9c6d95c3ee,deterministic_text,DoS,DoS,random_forest,DoS probability,5,5,0,0.0530955087883,20.2,9,29,"('RETRANSMITTED_IN_PKTS', 'IN_PKTS', 'RETRANSMITTED_IN_BYTES', 'L4_DST_PORT', 'OUT_PKTS')",0.607981201684,0.270584304801,"('MIN_TTL', 'MAX_TTL', 'SHORTEST_FLOW_PKT', 'MIN_IP_PKT_LEN', 'SERVER_TCP_FLAGS')",0,0,0.0873308395741,0.196225382797
15,pilot_016,553bcc9c6d95c3ee,structured,DoS,DoS,random_forest,DoS probability,5,5,0,0.0298903982747,25.4,14,35,"('RETRANSMITTED_IN_PKTS', 'RETRANSMITTED_IN_BYTES', 'NUM_PKTS_1024_TO_1514_BYTES', 'IN_PKTS', 'L4_DST_PORT')",0.607981201684,0.270584304801,"('MIN_TTL', 'MAX_TTL', 'SHORTEST_FLOW_PKT', 'MIN_IP_PKT_LEN', 'SERVER_TCP_FLAGS')",0,0,0.0491633593142,0.110466119965
16,pilot_017,ad28cc668aafb180,deterministic_text,Benign,Benign,logistic_regression,DoS log-odds,5,5,0,0.446190124878,19.2,8,43,"('FTP_COMMAND_RET_CODE', 'L4_DST_PORT', 'PROTOCOL', 'FLOW_DURATION_MILLISECONDS', 'IN_BYTES')",5.60003482252,3.57851621823,"('MIN_IP_PKT_LEN', 'MIN_TTL', 'MAX_TTL', 'L7_PROTO', 'SERVER_TCP_FLAGS')",0,0,0.0796763125622,0.124685790889
16,pilot_017,ad28cc668aafb180,structured,Benign,Benign,logistic_regression,DoS log-odds,5,5,0,0.354364592537,18,8,27,"('FTP_COMMAND_RET_CODE', 'L4_DST_PORT', 'TCP_FLAGS', 'IN_PKTS', 'FLOW_DURATION_MILLISECONDS')",5.60003482252,3.57851621823,"('MIN_IP_PKT_LEN', 'MIN_TTL', 'MAX_TTL', 'L7_PROTO', 'SERVER_TCP_FLAGS')",0,0,0.0632789980362,0.0990255656049
16,pilot_017,ad28cc668aafb180,deterministic_text,Benign,Benign,random_forest,DoS probability,5,5,0,0.0234217161393,27.6,15,41,"('FTP_COMMAND_RET_CODE', 'L4_DST_PORT', 'PROTOCOL', 'FLOW_DURATION_MILLISECONDS', 'IN_BYTES')",0.500017921375,0.233292397407,"('MIN_IP_PKT_LEN', 'MAX_TTL', 'MIN_TTL', 'SHORTEST_FLOW_PKT', 'DST_TO_SRC_AVG_THROUGHPUT')",0,0,0.0468417533413,0.100396396967
16,pilot_017,ad28cc668aafb180,structured,Benign,Benign,random_forest,DoS probability,5,5,0,0.0389410757209,19.2,15,27,"('FTP_COMMAND_RET_CODE', 'L4_DST_PORT', 'TCP_FLAGS', 'IN_PKTS', 'FLOW_DURATION_MILLISECONDS')",0.500017921375,0.233292397407,"('MIN_IP_PKT_LEN', 'MAX_TTL', 'MIN_TTL', 'SHORTEST_FLOW_PKT', 'DST_TO_SRC_AVG_THROUGHPUT')",0,0,0.0778793600313,0.166919608842
17,pilot_018,5c2b6c56dce5729e,deterministic_text,Benign,Benign,logistic_regression,DoS log-odds,5,5,0,0.390866611589,21.6,10,40,"('FTP_COMMAND_RET_CODE', 'L4_DST_PORT', 'IN_BYTES', 'FLOW_DURATION_MILLISECONDS', 'TCP_FLAGS')",6.2321870324,3.64834067327,"('MIN_IP_PKT_LEN', 'MIN_TTL', 'MAX_TTL', 'L7_PROTO', 'NUM_PKTS_UP_TO_128_BYTES')",0,0,0.0627174071568,0.107135447754
17,pilot_018,5c2b6c56dce5729e,structured,Benign,Benign,logistic_regression,DoS log-odds,5,5,0,0.454986759949,17.8,10,27,"('FTP_COMMAND_RET_CODE', 'L4_DST_PORT', 'IN_PKTS', 'TCP_FLAGS', 'FLOW_DURATION_MILLISECONDS')",6.2321870324,3.64834067327,"('MIN_IP_PKT_LEN', 'MIN_TTL', 'MAX_TTL', 'L7_PROTO', 'NUM_PKTS_UP_TO_128_BYTES')",0,0,0.0730059540228,0.12471060153
17,pilot_018,5c2b6c56dce5729e,deterministic_text,Benign,Benign,random_forest,DoS probability,5,5,0,0.0442789432681,18.6,13,29,"('FTP_COMMAND_RET_CODE', 'L4_DST_PORT', 'IN_BYTES', 'FLOW_DURATION_MILLISECONDS', 'TCP_FLAGS')",0.543740911562,0.272671879921,"('MIN_TTL', 'MIN_IP_PKT_LEN', 'MAX_TTL', 'SHORTEST_FLOW_PKT', 'NUM_PKTS_UP_TO_128_BYTES')",0,0,0.0814339004599,0.162389107674
17,pilot_018,5c2b6c56dce5729e,structured,Benign,Benign,random_forest,DoS probability,5,5,0,0.0514827867012,17.2,11,29,"('FTP_COMMAND_RET_CODE', 'L4_DST_PORT', 'IN_PKTS', 'TCP_FLAGS', 'FLOW_DURATION_MILLISECONDS')",0.543740911562,0.272671879921,"('MIN_TTL', 'MIN_IP_PKT_LEN', 'MAX_TTL', 'SHORTEST_FLOW_PKT', 'NUM_PKTS_UP_TO_128_BYTES')",0,0,0.094682569596,0.188808566238
18,pilot_019,b53eccbe1844e13e,deterministic_text,DoS,Benign,logistic_regression,DoS log-odds,5,5,0,0.216915952236,23.8,9,36,"('IN_PKTS', 'IN_BYTES', 'TCP_FLAGS', 'L4_DST_PORT', 'FLOW_DURATION_MILLISECONDS')",5.90018607607,4.23543734176,"('MAX_TTL', 'MIN_TTL', 'SERVER_TCP_FLAGS', 'LONGEST_FLOW_PKT', 'MAX_IP_PKT_LEN')",0,0,0.0367642561505,0.0512145345883
18,pilot_019,b53eccbe1844e13e,structured,DoS,Benign,logistic_regression,DoS log-odds,5,5,0,0.216915952236,23.8,9,36,"('IN_PKTS', 'IN_BYTES', 'L4_DST_PORT', 'TCP_FLAGS', 'FLOW_DURATION_MILLISECONDS')",5.90018607607,4.23543734176,"('MAX_TTL', 'MIN_TTL', 'SERVER_TCP_FLAGS', 'LONGEST_FLOW_PKT', 'MAX_IP_PKT_LEN')",0,0,0.0367642561505,0.0512145345883
18,pilot_019,b53eccbe1844e13e,deterministic_text,DoS,Benign,random_forest,DoS probability,5,5,0,0.0323756275723,27.2,6,36,"('IN_PKTS', 'IN_BYTES', 'TCP_FLAGS', 'L4_DST_PORT', 'FLOW_DURATION_MILLISECONDS')",0.487759577826,0.23893293295,"('MIN_IP_PKT_LEN', 'MAX_TTL', 'MIN_TTL', 'SERVER_TCP_FLAGS', 'SHORTEST_FLOW_PKT')",0,0,0.0663762005793,0.135500900494
18,pilot_019,b53eccbe1844e13e,structured,DoS,Benign,random_forest,DoS probability,5,5,0,0.0323756275723,27.2,6,36,"('IN_PKTS', 'IN_BYTES', 'L4_DST_PORT', 'TCP_FLAGS', 'FLOW_DURATION_MILLISECONDS')",0.487759577826,0.23893293295,"('MIN_IP_PKT_LEN', 'MAX_TTL', 'MIN_TTL', 'SERVER_TCP_FLAGS', 'SHORTEST_FLOW_PKT')",0,0,0.0663762005793,0.135500900494
19,pilot_020,ee719fdfbf19c4dd,deterministic_text,Benign,Benign,logistic_regression,DoS log-odds,5,5,0,0.0702941151828,30,20,41,"('IN_PKTS', 'IN_BYTES', 'FLOW_DURATION_MILLISECONDS', 'TCP_FLAGS', 'RETRANSMITTED_IN_PKTS')",6.16649714406,4.15954590131,"('SERVER_TCP_FLAGS', 'MIN_IP_PKT_LEN', 'L7_PROTO', 'MIN_TTL', 'MAX_TTL')",0,0,0.0113993590754,0.01689946856
19,pilot_020,ee719fdfbf19c4dd,structured,Benign,Benign,logistic_regression,DoS log-odds,5,5,0,0.227614321912,29,8,41,"('OUT_PKTS', 'FLOW_DURATION_MILLISECONDS', 'IN_BYTES', 'TCP_FLAGS', 'TCP_WIN_MAX_IN')",6.16649714406,4.15954590131,"('SERVER_TCP_FLAGS', 'MIN_IP_PKT_LEN', 'L7_PROTO', 'MIN_TTL', 'MAX_TTL')",0,0,0.0369114452816,0.0547209544775
19,pilot_020,ee719fdfbf19c4dd,deterministic_text,Benign,Benign,random_forest,DoS probability,5,5,0,0.0342421975897,24,10,40,"('IN_PKTS', 'IN_BYTES', 'FLOW_DURATION_MILLISECONDS', 'TCP_FLAGS', 'RETRANSMITTED_IN_PKTS')",0.508804894105,0.242317277074,"('MIN_IP_PKT_LEN', 'MAX_TTL', 'MIN_TTL', 'SERVER_TCP_FLAGS', 'SHORTEST_FLOW_PKT')",0,0,0.0672992693004,0.141311416186
19,pilot_020,ee719fdfbf19c4dd,structured,Benign,Benign,random_forest,DoS probability,5,5,0,0.0526080843494,18.8,10,40,"('OUT_PKTS', 'FLOW_DURATION_MILLISECONDS', 'IN_BYTES', 'TCP_FLAGS', 'TCP_WIN_MAX_IN')",0.508804894105,0.242317277074,"('MIN_IP_PKT_LEN', 'MAX_TTL', 'MIN_TTL', 'SERVER_TCP_FLAGS', 'SHORTEST_FLOW_PKT')",0,0,0.103395397644,0.217104141251
20,pilot_021,d5dd40cd630299c0,deterministic_text,DoS,Benign,logistic_regression,DoS log-odds,5,5,0,0.149227868501,29.2,14,43,"('IN_PKTS', 'IN_BYTES', 'L4_DST_PORT', 'PROTOCOL', 'FLOW_DURATION_MILLISECONDS')",10.8892171131,8.05089368785,"('MIN_IP_PKT_LEN', 'MIN_TTL', 'MAX_TTL', 'SHORTEST_FLOW_PKT', 'SRC_TO_DST_AVG_THROUGHPUT')",0,0,0.0137041870826,0.018535565651
20,pilot_021,d5dd40cd630299c0,structured,DoS,Benign,logistic_regression,DoS log-odds,5,5,0,0.0703900720968,35.2,23,44,"('IN_PKTS', 'FLOW_DURATION_MILLISECONDS', 'IN_BYTES', 'L4_SRC_PORT', 'L4_DST_PORT')",10.8892171131,8.05089368785,"('MIN_IP_PKT_LEN', 'MIN_TTL', 'MAX_TTL', 'SHORTEST_FLOW_PKT', 'SRC_TO_DST_AVG_THROUGHPUT')",0,0,0.00646419952562,0.008743137697
20,pilot_021,d5dd40cd630299c0,deterministic_text,DoS,Benign,random_forest,DoS probability,5,5,0,0.0394918389422,20,9,30,"('IN_PKTS', 'IN_BYTES', 'L4_DST_PORT', 'PROTOCOL', 'FLOW_DURATION_MILLISECONDS')",0.580766496876,0.299766999465,"('MIN_IP_PKT_LEN', 'MAX_TTL', 'MIN_TTL', 'DST_TO_SRC_AVG_THROUGHPUT', 'OUT_PKTS')",0,0,0.0679995129793,0.131741782827
20,pilot_021,d5dd40cd630299c0,structured,DoS,Benign,random_forest,DoS probability,5,5,0,0.0383801838911,20.8,9,34,"('IN_PKTS', 'FLOW_DURATION_MILLISECONDS', 'IN_BYTES', 'L4_SRC_PORT', 'L4_DST_PORT')",0.580766496876,0.299766999465,"('MIN_IP_PKT_LEN', 'MAX_TTL', 'MIN_TTL', 'DST_TO_SRC_AVG_THROUGHPUT', 'OUT_PKTS')",0,0,0.0660853959337,0.128033385795
21,pilot_022,3db8cb1f1c9b57d4,deterministic_text,DoS,Benign,logistic_regression,DoS log-odds,5,5,0,0.148964041369,29.2,14,43,"('IN_PKTS', 'L4_DST_PORT', 'PROTOCOL', 'IN_BYTES', 'FLOW_DURATION_MILLISECONDS')",10.743667316,7.95997979987,"('MIN_IP_PKT_LEN', 'MIN_TTL', 'MAX_TTL', 'TCP_WIN_MAX_OUT', 'TCP_WIN_MAX_IN')",0,0,0.0138652879866,0.0187141230398
21,pilot_022,3db8cb1f1c9b57d4,structured,DoS,Benign,logistic_regression,DoS log-odds,5,5,0,0.12063396722,33,14,44,"('IN_PKTS', 'IN_BYTES', 'L4_DST_PORT', 'PROTOCOL', 'L4_SRC_PORT')",10.743667316,7.95997979987,"('MIN_IP_PKT_LEN', 'MIN_TTL', 'MAX_TTL', 'TCP_WIN_MAX_OUT', 'TCP_WIN_MAX_IN')",0,0,0.0112283788832,0.0151550594666
21,pilot_022,3db8cb1f1c9b57d4,deterministic_text,DoS,Benign,random_forest,DoS probability,5,5,0,0.039422371459,19.8,9,30,"('IN_PKTS', 'L4_DST_PORT', 'PROTOCOL', 'IN_BYTES', 'FLOW_DURATION_MILLISECONDS')",0.581871292395,0.298981148495,"('MIN_IP_PKT_LEN', 'MAX_TTL', 'MIN_TTL', 'DST_TO_SRC_AVG_THROUGHPUT', 'OUT_PKTS')",0,0,0.0677510163747,0.13185570949
21,pilot_022,3db8cb1f1c9b57d4,structured,DoS,Benign,random_forest,DoS probability,5,5,0,0.0312178092076,24,9,35,"('IN_PKTS', 'IN_BYTES', 'L4_DST_PORT', 'PROTOCOL', 'L4_SRC_PORT')",0.581871292395,0.298981148495,"('MIN_IP_PKT_LEN', 'MAX_TTL', 'MIN_TTL', 'DST_TO_SRC_AVG_THROUGHPUT', 'OUT_PKTS')",0,0,0.0536507121345,0.1044139718
22,pilot_023,507c297aa7f16801,deterministic_text,DoS,Benign,logistic_regression,DoS log-odds,5,5,0,0.183294952482,22,13,35,"('IN_PKTS', 'IN_BYTES', 'SRC_TO_DST_AVG_THROUGHPUT', 'FLOW_DURATION_MILLISECONDS', 'L4_DST_PORT')",5.93402794973,4.16423073398,"('MAX_TTL', 'MIN_TTL', 'SERVER_TCP_FLAGS', 'DST_TO_SRC_AVG_THROUGHPUT', 'LONGEST_FLOW_PKT')",0,0,0.0308887915652,0.0440165217037
22,pilot_023,507c297aa7f16801,structured,DoS,Benign,logistic_regression,DoS log-odds,5,5,0,0.318863758365,16.8,9,25,"('IN_PKTS', 'SRC_TO_DST_AVG_THROUGHPUT', 'FLOW_DURATION_MILLISECONDS', 'TCP_FLAGS', 'L4_DST_PORT')",5.93402794973,4.16423073398,"('MAX_TTL', 'MIN_TTL', 'SERVER_TCP_FLAGS', 'DST_TO_SRC_AVG_THROUGHPUT', 'LONGEST_FLOW_PKT')",0,0,0.0537347921287,0.0765720678643
22,pilot_023,507c297aa7f16801,deterministic_text,DoS,Benign,random_forest,DoS probability,5,5,0,0.0273667836755,24.8,18,30,"('IN_PKTS', 'IN_BYTES', 'SRC_TO_DST_AVG_THROUGHPUT', 'FLOW_DURATION_MILLISECONDS', 'L4_DST_PORT')",0.499534302874,0.236774205011,"('MIN_IP_PKT_LEN', 'MIN_TTL', 'MAX_TTL', 'SERVER_TCP_FLAGS', 'SHORTEST_FLOW_PKT')",0,0,0.0547845934064,0.11558177832
22,pilot_023,507c297aa7f16801,structured,DoS,Benign,random_forest,DoS probability,5,5,0,0.0422546552275,20.6,8,30,"('IN_PKTS', 'SRC_TO_DST_AVG_THROUGHPUT', 'FLOW_DURATION_MILLISECONDS', 'TCP_FLAGS', 'L4_DST_PORT')",0.499534302874,0.236774205011,"('MIN_IP_PKT_LEN', 'MIN_TTL', 'MAX_TTL', 'SERVER_TCP_FLAGS', 'SHORTEST_FLOW_PKT')",0,0,0.0845880953208,0.178459706899
23,pilot_024,ab417b6f53007161,deterministic_text,DoS,Benign,logistic_regression,DoS log-odds,5,5,1,1.65638265949,18.6,4,39,"('IN_BYTES', 'NUM_PKTS_UP_TO_128_BYTES', 'FLOW_DURATION_MILLISECONDS', 'MAX_IP_PKT_LEN', 'MIN_TTL')",9.40432656289,6.73895144268,"('DST_TO_SRC_IAT_AVG', 'DST_TO_SRC_IAT_STDDEV', 'MAX_TTL', 'MIN_TTL', 'SERVER_TCP_FLAGS')",0.2,0.111111111111,0.176129853468,0.245792342262
23,pilot_024,ab417b6f53007161,structured,DoS,Benign,logistic_regression,DoS log-odds,5,5,1,1.55964684741,16,3,26,"('IN_PKTS', 'SRC_TO_DST_AVG_THROUGHPUT', 'TCP_FLAGS', 'FLOW_DURATION_MILLISECONDS', 'MAX_TTL')",9.40432656289,6.73895144268,"('DST_TO_SRC_IAT_AVG', 'DST_TO_SRC_IAT_STDDEV', 'MAX_TTL', 'MIN_TTL', 'SERVER_TCP_FLAGS')",0.2,0.111111111111,0.165843544137,0.231437614691
23,pilot_024,ab417b6f53007161,deterministic_text,DoS,Benign,random_forest,DoS probability,5,5,1,0.0686193130901,21.8,2,33,"('IN_BYTES', 'NUM_PKTS_UP_TO_128_BYTES', 'FLOW_DURATION_MILLISECONDS', 'MAX_IP_PKT_LEN', 'MIN_TTL')",0.497796755004,0.225631561932,"('MIN_IP_PKT_LEN', 'MIN_TTL', 'MAX_TTL', 'SERVER_TCP_FLAGS', 'SHORTEST_FLOW_PKT')",0.2,0.111111111111,0.137846043391,0.304121074652
23,pilot_024,ab417b6f53007161,structured,DoS,Benign,random_forest,DoS probability,5,5,1,0.088616688897,14,3,23,"('IN_PKTS', 'SRC_TO_DST_AVG_THROUGHPUT', 'TCP_FLAGS', 'FLOW_DURATION_MILLISECONDS', 'MAX_TTL')",0.497796755004,0.225631561932,"('MIN_IP_PKT_LEN', 'MIN_TTL', 'MAX_TTL', 'SERVER_TCP_FLAGS', 'SHORTEST_FLOW_PKT')",0.2,0.111111111111,0.178017811499,0.392749525546
24,pilot_025,aa06cee0c43b57ed,deterministic_text,Benign,Benign,logistic_regression,DoS log-odds,5,5,0,0.673167691747,25.2,6,40,"('OUT_PKTS', 'IN_PKTS', 'FLOW_DURATION_MILLISECONDS', 'L4_DST_PORT', 'TCP_FLAGS')",7.30933235822,4.01565199382,"('MIN_IP_PKT_LEN', 'SERVER_TCP_FLAGS', 'MIN_TTL', 'MAX_TTL', 'L7_PROTO')",0,0,0.0920970149881,0.16763596367
24,pilot_025,aa06cee0c43b57ed,structured,Benign,Benign,logistic_regression,DoS log-odds,5,5,1,1.2784440609,22.4,5,40,"('L4_DST_PORT', 'L7_PROTO', 'FLOW_DURATION_MILLISECONDS', 'TCP_FLAGS', 'IN_BYTES')",7.30933235822,4.01565199382,"('MIN_IP_PKT_LEN', 'SERVER_TCP_FLAGS', 'MIN_TTL', 'MAX_TTL', 'L7_PROTO')",0.2,0.111111111111,0.174905723018,0.318365252483
24,pilot_025,aa06cee0c43b57ed,deterministic_text,Benign,Benign,random_forest,DoS probability,5,5,0,0.05209417709,18.4,10,33,"('OUT_PKTS', 'IN_PKTS', 'FLOW_DURATION_MILLISECONDS', 'L4_DST_PORT', 'TCP_FLAGS')",0.602871539794,0.312726590043,"('MIN_IP_PKT_LEN', 'MAX_TTL', 'MIN_TTL', 'SHORTEST_FLOW_PKT', 'SERVER_TCP_FLAGS')",0,0,0.0864100785182,0.166580581085
24,pilot_025,aa06cee0c43b57ed,structured,Benign,Benign,random_forest,DoS probability,5,5,0,0.0394249284105,22.2,14,33,"('L4_DST_PORT', 'L7_PROTO', 'FLOW_DURATION_MILLISECONDS', 'TCP_FLAGS', 'IN_BYTES')",0.602871539794,0.312726590043,"('MIN_IP_PKT_LEN', 'MAX_TTL', 'MIN_TTL', 'SHORTEST_FLOW_PKT', 'SERVER_TCP_FLAGS')",0,0,0.0653952389657,0.126068360241
25,pilot_026,352660a53c3a2eff,deterministic_text,DoS,Benign,logistic_regression,DoS log-odds,5,5,0,0.183677122382,27.2,11,41,"('IN_PKTS', 'IN_BYTES', 'OUT_PKTS', 'FLOW_DURATION_MILLISECONDS', 'PROTOCOL')",10.0488897211,7.68577316152,"('MIN_IP_PKT_LEN', 'MIN_TTL', 'MAX_TTL', 'TCP_WIN_MAX_OUT', 'TCP_WIN_MAX_IN')",0,0,0.0182783498953,0.0238983272759
25,pilot_026,352660a53c3a2eff,structured,DoS,DoS,logistic_regression,DoS log-odds,5,5,1,1.49688112027,19.8,2,38,"('L4_DST_PORT', 'OUT_PKTS', 'PROTOCOL', 'FLOW_DURATION_MILLISECONDS', 'MIN_TTL')",10.0488897211,7.68577316152,"('MIN_IP_PKT_LEN', 'MIN_TTL', 'MAX_TTL', 'TCP_WIN_MAX_OUT', 'TCP_WIN_MAX_IN')",0.2,0.111111111111,0.148959851468,0.194759992107
25,pilot_026,352660a53c3a2eff,deterministic_text,DoS,Benign,random_forest,DoS probability,5,5,1,0.070689137909,19,5,44,"('IN_PKTS', 'IN_BYTES', 'OUT_PKTS', 'FLOW_DURATION_MILLISECONDS', 'PROTOCOL')",0.601684863782,0.282488446949,"('MIN_IP_PKT_LEN', 'MAX_TTL', 'MIN_TTL', 'DST_TO_SRC_AVG_THROUGHPUT', 'OUT_PKTS')",0.2,0.111111111111,0.117485318585,0.250237270489
25,pilot_026,352660a53c3a2eff,structured,DoS,DoS,random_forest,DoS probability,5,5,2,0.116047289026,17,3,44,"('L4_DST_PORT', 'OUT_PKTS', 'PROTOCOL', 'FLOW_DURATION_MILLISECONDS', 'MIN_TTL')",0.601684863782,0.282488446949,"('MIN_IP_PKT_LEN', 'MAX_TTL', 'MIN_TTL', 'DST_TO_SRC_AVG_THROUGHPUT', 'OUT_PKTS')",0.4,0.25,0.192870547377,0.410803663935
26,pilot_027,d0726e592333cfab,deterministic_text,Benign,Benign,logistic_regression,DoS log-odds,5,5,0,0.115252413503,25.2,16,40,"('IN_PKTS', 'TCP_FLAGS', 'L4_DST_PORT', 'FLOW_DURATION_MILLISECONDS', 'RETRANSMITTED_IN_PKTS')",5.09862167792,3.61625199698,"('MIN_IP_PKT_LEN', 'SERVER_TCP_FLAGS', 'MIN_TTL', 'MAX_TTL', 'DST_TO_SRC_AVG_THROUGHPUT')",0,0,0.0226046215593,0.0318706809148
26,pilot_027,d0726e592333cfab,structured,Benign,Benign,logistic_regression,DoS log-odds,5,5,0,0.0732819428488,30.8,17,44,"('FLOW_DURATION_MILLISECONDS', 'L4_DST_PORT', 'L4_SRC_PORT', 'IN_PKTS', 'RETRANSMITTED_IN_PKTS')",5.09862167792,3.61625199698,"('MIN_IP_PKT_LEN', 'SERVER_TCP_FLAGS', 'MIN_TTL', 'MAX_TTL', 'DST_TO_SRC_AVG_THROUGHPUT')",0,0,0.0143728928087,0.0202646117887
26,pilot_027,d0726e592333cfab,deterministic_text,Benign,Benign,random_forest,DoS probability,5,5,0,0.0446879383946,18.8,11,30,"('IN_PKTS', 'TCP_FLAGS', 'L4_DST_PORT', 'FLOW_DURATION_MILLISECONDS', 'RETRANSMITTED_IN_PKTS')",0.498112821232,0.242734826799,"('MIN_IP_PKT_LEN', 'MAX_TTL', 'MIN_TTL', 'SERVER_TCP_FLAGS', 'SHORTEST_FLOW_PKT')",0,0,0.0897144913557,0.18410188181
26,pilot_027,d0726e592333cfab,structured,Benign,Benign,random_forest,DoS probability,5,5,0,0.0336347808484,23.2,11,35,"('FLOW_DURATION_MILLISECONDS', 'L4_DST_PORT', 'L4_SRC_PORT', 'IN_PKTS', 'RETRANSMITTED_IN_PKTS')",0.498112821232,0.242734826799,"('MIN_IP_PKT_LEN', 'MAX_TTL', 'MIN_TTL', 'SERVER_TCP_FLAGS', 'SHORTEST_FLOW_PKT')",0,0,0.0675244230117,0.138565945777
27,pilot_028,f0208631046ca05e,deterministic_text,Benign,DoS,logistic_regression,DoS log-odds,5,5,1,1.9398606857,28,1,44,"('FLOW_DURATION_MILLISECONDS', 'DST_TO_SRC_AVG_THROUGHPUT', 'SRC_TO_DST_IAT_MAX', 'RETRANSMITTED_OUT_PKTS', 'L4_DST_PORT')",7.20005890538,5.27429432444,"('DST_TO_SRC_AVG_THROUGHPUT', 'MIN_IP_PKT_LEN', 'SERVER_TCP_FLAGS', 'MIN_TTL', 'MAX_TTL')",0.2,0.111111111111,0.269422891006,0.367795304239
27,pilot_028,f0208631046ca05e,structured,Benign,DoS,logistic_regression,DoS log-odds,5,5,1,1.98183115636,22.6,1,39,"('TCP_FLAGS', 'RETRANSMITTED_OUT_PKTS', 'FLOW_DURATION_MILLISECONDS', 'DST_TO_SRC_AVG_THROUGHPUT', 'SRC_TO_DST_IAT_MAX')",7.20005890538,5.27429432444,"('DST_TO_SRC_AVG_THROUGHPUT', 'MIN_IP_PKT_LEN', 'SERVER_TCP_FLAGS', 'MIN_TTL', 'MAX_TTL')",0.2,0.111111111111,0.275252075351,0.375752856107
27,pilot_028,f0208631046ca05e,deterministic_text,Benign,DoS,random_forest,DoS probability,5,5,0,0.0661513005899,15.8,6,32,"('FLOW_DURATION_MILLISECONDS', 'DST_TO_SRC_AVG_THROUGHPUT', 'SRC_TO_DST_IAT_MAX', 'RETRANSMITTED_OUT_PKTS', 'L4_DST_PORT')",0.501317902739,0.232294726036,"('MIN_IP_PKT_LEN', 'MAX_TTL', 'MIN_TTL', 'SERVER_TCP_FLAGS', 'SHORTEST_FLOW_PKT')",0,0,0.131954794011,0.28477314883
27,pilot_028,f0208631046ca05e,structured,Benign,DoS,random_forest,DoS probability,5,5,0,0.0755174783489,12.2,6,18,"('TCP_FLAGS', 'RETRANSMITTED_OUT_PKTS', 'FLOW_DURATION_MILLISECONDS', 'DST_TO_SRC_AVG_THROUGHPUT', 'SRC_TO_DST_IAT_MAX')",0.501317902739,0.232294726036,"('MIN_IP_PKT_LEN', 'MAX_TTL', 'MIN_TTL', 'SERVER_TCP_FLAGS', 'SHORTEST_FLOW_PKT')",0,0,0.150637904484,0.325093383038
28,pilot_029,39a2e8b52f6639c6,deterministic_text,DoS,Benign,logistic_regression,DoS log-odds,5,5,1,0.770425614546,14.8,3,23,"('L4_DST_PORT', 'IN_PKTS', 'FLOW_DURATION_MILLISECONDS', 'TCP_FLAGS', 'NUM_PKTS_UP_TO_128_BYTES')",5.03588391182,3.15337914606,"('SERVER_TCP_FLAGS', 'L7_PROTO', 'L4_DST_PORT', 'MIN_TTL', 'MAX_TTL')",0.2,0.111111111111,0.152987167305,0.244317469883
28,pilot_029,39a2e8b52f6639c6,structured,DoS,Benign,logistic_regression,DoS log-odds,5,5,1,0.847603966942,17.8,3,39,"('L4_DST_PORT', 'IN_PKTS', 'IN_BYTES', 'PROTOCOL', 'FLOW_DURATION_MILLISECONDS')",5.03588391182,3.15337914606,"('SERVER_TCP_FLAGS', 'L7_PROTO', 'L4_DST_PORT', 'MIN_TTL', 'MAX_TTL')",0.2,0.111111111111,0.168312848704,0.268792278912
28,pilot_029,39a2e8b52f6639c6,deterministic_text,DoS,Benign,random_forest,DoS probability,5,5,0,0.0413601455727,20.4,14,27,"('L4_DST_PORT', 'IN_PKTS', 'FLOW_DURATION_MILLISECONDS', 'TCP_FLAGS', 'NUM_PKTS_UP_TO_128_BYTES')",0.511458969445,0.242425467529,"('MIN_IP_PKT_LEN', 'MAX_TTL', 'SHORTEST_FLOW_PKT', 'MIN_TTL', 'SERVER_TCP_FLAGS')",0,0,0.0808669864907,0.170609738301
28,pilot_029,39a2e8b52f6639c6,structured,DoS,Benign,random_forest,DoS probability,5,5,0,0.0356903688823,23.6,14,39,"('L4_DST_PORT', 'IN_PKTS', 'IN_BYTES', 'PROTOCOL', 'FLOW_DURATION_MILLISECONDS')",0.511458969445,0.242425467529,"('MIN_IP_PKT_LEN', 'MAX_TTL', 'SHORTEST_FLOW_PKT', 'MIN_TTL', 'SERVER_TCP_FLAGS')",0,0,0.0697814898446,0.147222027644
29,pilot_030,682bcb642cf7d0a3,deterministic_text,Benign,Benign,logistic_regression,DoS log-odds,5,5,0,0.255872009641,19.6,12,23,"('TCP_FLAGS', 'RETRANSMITTED_IN_PKTS', 'IN_PKTS', 'FLOW_DURATION_MILLISECONDS', 'SRC_TO_DST_AVG_THROUGHPUT')",5.73309008233,3.61524639519,"('MIN_IP_PKT_LEN', 'SERVER_TCP_FLAGS', 'MIN_TTL', 'MAX_TTL', 'DST_TO_SRC_AVG_THROUGHPUT')",0,0,0.0446307324613,0.0707758148883
29,pilot_030,682bcb642cf7d0a3,structured,Benign,Benign,logistic_regression,DoS log-odds,5,5,0,0.198732103333,24,17,39,"('IN_PKTS', 'TCP_FLAGS', 'FLOW_DURATION_MILLISECONDS', 'IN_BYTES', 'CLIENT_TCP_FLAGS')",5.73309008233,3.61524639519,"('MIN_IP_PKT_LEN', 'SERVER_TCP_FLAGS', 'MIN_TTL', 'MAX_TTL', 'DST_TO_SRC_AVG_THROUGHPUT')",0,0,0.0346640468715,0.0549705556991
29,pilot_030,682bcb642cf7d0a3,deterministic_text,Benign,Benign,random_forest,DoS probability,5,5,0,0.0456222613975,19.6,7,31,"('TCP_FLAGS', 'RETRANSMITTED_IN_PKTS', 'IN_PKTS', 'FLOW_DURATION_MILLISECONDS', 'SRC_TO_DST_AVG_THROUGHPUT')",0.543702181973,0.269088668104,"('MIN_IP_PKT_LEN', 'MAX_TTL', 'MIN_TTL', 'SHORTEST_FLOW_PKT', 'SERVER_TCP_FLAGS')",0,0,0.0839103886469,0.169543599584
29,pilot_030,682bcb642cf7d0a3,structured,Benign,Benign,random_forest,DoS probability,5,5,0,0.0385937929545,24.4,7,44,"('IN_PKTS', 'TCP_FLAGS', 'FLOW_DURATION_MILLISECONDS', 'IN_BYTES', 'CLIENT_TCP_FLAGS')",0.543702181973,0.269088668104,"('MIN_IP_PKT_LEN', 'MAX_TTL', 'MIN_TTL', 'SHORTEST_FLOW_PKT', 'SERVER_TCP_FLAGS')",0,0,0.0709833328505,0.143424073657
30,pilot_031,0bf8eab5ef529c63,deterministic_text,Benign,DoS,logistic_regression,DoS log-odds,5,5,1,0.759079048818,27.6,3,40,"('RETRANSMITTED_OUT_PKTS', 'RETRANSMITTED_IN_PKTS', 'FLOW_DURATION_MILLISECONDS', 'SRC_TO_DST_IAT_MAX', 'MIN_TTL')",5.8889829574,4.07851584453,"('MIN_IP_PKT_LEN', 'SERVER_TCP_FLAGS', 'MIN_TTL', 'MAX_TTL', 'DST_TO_SRC_AVG_THROUGHPUT')",0.2,0.111111111111,0.128898156831,0.186116488878
30,pilot_031,0bf8eab5ef529c63,structured,Benign,DoS,logistic_regression,DoS log-odds,5,5,1,0.786736418684,23.6,5,39,"('TCP_FLAGS', 'FLOW_DURATION_MILLISECONDS', 'RETRANSMITTED_OUT_PKTS', 'RETRANSMITTED_IN_PKTS', 'DST_TO_SRC_AVG_THROUGHPUT')",5.8889829574,4.07851584453,"('MIN_IP_PKT_LEN', 'SERVER_TCP_FLAGS', 'MIN_TTL', 'MAX_TTL', 'DST_TO_SRC_AVG_THROUGHPUT')",0.2,0.111111111111,0.133594616316,0.192897722768
30,pilot_031,0bf8eab5ef529c63,deterministic_text,Benign,DoS,random_forest,DoS probability,5,5,1,0.0918484640207,12.6,3,19,"('RETRANSMITTED_OUT_PKTS', 'RETRANSMITTED_IN_PKTS', 'FLOW_DURATION_MILLISECONDS', 'SRC_TO_DST_IAT_MAX', 'MIN_TTL')",0.501740099254,0.231246263777,"('MIN_IP_PKT_LEN', 'MAX_TTL', 'MIN_TTL', 'SERVER_TCP_FLAGS', 'SHORTEST_FLOW_PKT')",0.2,0.111111111111,0.183059843447,0.397188964355
30,pilot_031,0bf8eab5ef529c63,structured,Benign,DoS,random_forest,DoS probability,5,5,0,0.0705259494806,13.4,6,19,"('TCP_FLAGS', 'FLOW_DURATION_MILLISECONDS', 'RETRANSMITTED_OUT_PKTS', 'RETRANSMITTED_IN_PKTS', 'DST_TO_SRC_AVG_THROUGHPUT')",0.501740099254,0.231246263777,"('MIN_IP_PKT_LEN', 'MAX_TTL', 'MIN_TTL', 'SERVER_TCP_FLAGS', 'SHORTEST_FLOW_PKT')",0,0,0.140562712818,0.304982006319
31,pilot_032,6447abe07ed932aa,deterministic_text,DoS,Benign,logistic_regression,DoS log-odds,5,5,1,0.690165059026,22,3,35,"('IN_PKTS', 'IN_BYTES', 'L4_DST_PORT', 'FLOW_DURATION_MILLISECONDS', 'SRC_TO_DST_IAT_AVG')",5.21355307865,3.37221166733,"('SERVER_TCP_FLAGS', 'L7_PROTO', 'L4_DST_PORT', 'MIN_TTL', 'MAX_TTL')",0.2,0.111111111111,0.132379022255,0.204662437329
31,pilot_032,6447abe07ed932aa,structured,DoS,Benign,logistic_regression,DoS log-odds,5,5,1,0.757197286701,18.6,3,34,"('IN_PKTS', 'SRC_TO_DST_AVG_THROUGHPUT', 'L4_DST_PORT', 'TCP_FLAGS', 'FLOW_DURATION_MILLISECONDS')",5.21355307865,3.37221166733,"('SERVER_TCP_FLAGS', 'L7_PROTO', 'L4_DST_PORT', 'MIN_TTL', 'MAX_TTL')",0.2,0.111111111111,0.145236324495,0.224540260636
31,pilot_032,6447abe07ed932aa,deterministic_text,DoS,Benign,random_forest,DoS probability,5,5,0,0.0506508853335,18.2,9,25,"('IN_PKTS', 'IN_BYTES', 'L4_DST_PORT', 'FLOW_DURATION_MILLISECONDS', 'SRC_TO_DST_IAT_AVG')",0.512472245734,0.238568814696,"('MIN_IP_PKT_LEN', 'SERVER_TCP_FLAGS', 'MIN_TTL', 'SHORTEST_FLOW_PKT', 'MAX_TTL')",0,0,0.0988363482219,0.212311426361
31,pilot_032,6447abe07ed932aa,structured,DoS,Benign,random_forest,DoS probability,5,5,0,0.0400335676084,21,11,29,"('IN_PKTS', 'SRC_TO_DST_AVG_THROUGHPUT', 'L4_DST_PORT', 'TCP_FLAGS', 'FLOW_DURATION_MILLISECONDS')",0.512472245734,0.238568814696,"('MIN_IP_PKT_LEN', 'SERVER_TCP_FLAGS', 'MIN_TTL', 'SHORTEST_FLOW_PKT', 'MAX_TTL')",0,0,0.0781185087418,0.167807211765
32,pilot_033,e2a559a2a074a291,deterministic_text,DoS,Benign,logistic_regression,DoS log-odds,5,5,1,1.21946286244,14.6,3,24,"('L4_DST_PORT', 'TCP_FLAGS', 'OUT_PKTS', 'FLOW_DURATION_MILLISECONDS', 'IN_PKTS')",6.99863775581,3.46714143399,"('SERVER_TCP_FLAGS', 'NUM_PKTS_256_TO_512_BYTES', 'L4_DST_PORT', 'L7_PROTO', 'MIN_TTL')",0.2,0.111111111111,0.174242889115,0.351719964604
32,pilot_033,e2a559a2a074a291,structured,DoS,Benign,logistic_regression,DoS log-odds,5,5,1,1.03896005382,15.2,3,24,"('L4_DST_PORT', 'IN_PKTS', 'FLOW_DURATION_MILLISECONDS', 'TCP_FLAGS', 'RETRANSMITTED_OUT_PKTS')",6.99863775581,3.46714143399,"('SERVER_TCP_FLAGS', 'NUM_PKTS_256_TO_512_BYTES', 'L4_DST_PORT', 'L7_PROTO', 'MIN_TTL')",0.2,0.111111111111,0.14845175448,0.299658976596
32,pilot_033,e2a559a2a074a291,deterministic_text,DoS,Benign,random_forest,DoS probability,5,5,0,0.0643149394782,18.8,7,30,"('L4_DST_PORT', 'TCP_FLAGS', 'OUT_PKTS', 'FLOW_DURATION_MILLISECONDS', 'IN_PKTS')",0.620233841576,0.281783036891,"('SHORTEST_FLOW_PKT', 'MIN_TTL', 'SERVER_TCP_FLAGS', 'MIN_IP_PKT_LEN', 'MAX_TTL')",0,0,0.103694663475,0.228242765029
32,pilot_033,e2a559a2a074a291,structured,DoS,Benign,random_forest,DoS probability,5,5,0,0.0628897008074,19,8,30,"('L4_DST_PORT', 'IN_PKTS', 'FLOW_DURATION_MILLISECONDS', 'TCP_FLAGS', 'RETRANSMITTED_OUT_PKTS')",0.620233841576,0.281783036891,"('SHORTEST_FLOW_PKT', 'MIN_TTL', 'SERVER_TCP_FLAGS', 'MIN_IP_PKT_LEN', 'MAX_TTL')",0,0,0.101396758112,0.223184835756
33,pilot_034,9ba7e1171a5176c4,deterministic_text,Benign,Benign,logistic_regression,DoS log-odds,5,5,1,1.15276172174,17.2,4,35,"('TCP_FLAGS', 'MAX_IP_PKT_LEN', 'FLOW_DURATION_MILLISECONDS', 'RETRANSMITTED_OUT_PKTS', 'MIN_TTL')",6.75468024346,4.12680898577,"('DST_TO_SRC_AVG_THROUGHPUT', 'MIN_IP_PKT_LEN', 'SERVER_TCP_FLAGS', 'MIN_TTL', 'MAX_TTL')",0.2,0.111111111111,0.17066118309,0.279334887007
33,pilot_034,9ba7e1171a5176c4,structured,Benign,DoS,logistic_regression,DoS log-odds,5,5,1,1.0607242099,23.8,1,44,"('TCP_FLAGS', 'FLOW_DURATION_MILLISECONDS', 'DST_TO_SRC_AVG_THROUGHPUT', 'RETRANSMITTED_OUT_PKTS', 'L4_DST_PORT')",6.75468024346,4.12680898577,"('DST_TO_SRC_AVG_THROUGHPUT', 'MIN_IP_PKT_LEN', 'SERVER_TCP_FLAGS', 'MIN_TTL', 'MAX_TTL')",0.2,0.111111111111,0.157035443821,0.25703254344
33,pilot_034,9ba7e1171a5176c4,deterministic_text,Benign,Benign,random_forest,DoS probability,5,5,1,0.100318461447,13.2,1,27,"('TCP_FLAGS', 'MAX_IP_PKT_LEN', 'FLOW_DURATION_MILLISECONDS', 'RETRANSMITTED_OUT_PKTS', 'MIN_TTL')",0.510763990654,0.229725034419,"('MIN_TTL', 'MAX_TTL', 'MIN_IP_PKT_LEN', 'SHORTEST_FLOW_PKT', 'SERVER_TCP_FLAGS')",0.2,0.111111111111,0.196408641335,0.436689286829
33,pilot_034,9ba7e1171a5176c4,structured,Benign,DoS,random_forest,DoS probability,5,5,0,0.071796766434,15,6,31,"('TCP_FLAGS', 'FLOW_DURATION_MILLISECONDS', 'DST_TO_SRC_AVG_THROUGHPUT', 'RETRANSMITTED_OUT_PKTS', 'L4_DST_PORT')",0.510763990654,0.229725034419,"('MIN_TTL', 'MAX_TTL', 'MIN_IP_PKT_LEN', 'SHORTEST_FLOW_PKT', 'SERVER_TCP_FLAGS')",0,0,0.140567400498,0.312533488636
34,pilot_035,6b7e4f5e45965491,deterministic_text,DoS,Benign,logistic_regression,DoS log-odds,5,5,1,0.695644815176,22.2,5,39,"('IN_PKTS', 'IN_BYTES', 'L4_DST_PORT', 'FLOW_DURATION_MILLISECONDS', 'RETRANSMITTED_IN_PKTS')",8.06028121936,4.96548980649,"('MAX_TTL', 'MIN_TTL', 'TCP_WIN_MAX_OUT', 'L7_PROTO', 'L4_DST_PORT')",0.2,0.111111111111,0.0863052784691,0.140095910431
34,pilot_035,6b7e4f5e45965491,structured,DoS,Benign,logistic_regression,DoS log-odds,5,5,1,0.806880193577,19.8,5,39,"('IN_PKTS', 'IN_BYTES', 'SRC_TO_DST_AVG_THROUGHPUT', 'SRC_TO_DST_IAT_AVG', 'L4_DST_PORT')",8.06028121936,4.96548980649,"('MAX_TTL', 'MIN_TTL', 'TCP_WIN_MAX_OUT', 'L7_PROTO', 'L4_DST_PORT')",0.2,0.111111111111,0.100105712396,0.162497603464
34,pilot_035,6b7e4f5e45965491,deterministic_text,DoS,Benign,random_forest,DoS probability,5,5,0,0.0376077374262,21.4,18,24,"('IN_PKTS', 'IN_BYTES', 'L4_DST_PORT', 'FLOW_DURATION_MILLISECONDS', 'RETRANSMITTED_IN_PKTS')",0.504855576939,0.241669962575,"('MIN_IP_PKT_LEN', 'MAX_TTL', 'MIN_TTL', 'SHORTEST_FLOW_PKT', 'DST_TO_SRC_AVG_THROUGHPUT')",0,0,0.0744920708892,0.155616101502
34,pilot_035,6b7e4f5e45965491,structured,DoS,Benign,random_forest,DoS probability,5,5,0,0.0451333523863,18,11,24,"('IN_PKTS', 'IN_BYTES', 'SRC_TO_DST_AVG_THROUGHPUT', 'SRC_TO_DST_IAT_AVG', 'L4_DST_PORT')",0.504855576939,0.241669962575,"('MIN_IP_PKT_LEN', 'MAX_TTL', 'MIN_TTL', 'SHORTEST_FLOW_PKT', 'DST_TO_SRC_AVG_THROUGHPUT')",0,0,0.0893985417769,0.186756152504
35,pilot_036,ab7f02e08f0e1fef,deterministic_text,DoS,DoS,logistic_regression,DoS log-odds,5,5,0,0.126200226511,26.4,15,44,"('ICMP_IPV4_TYPE', 'RETRANSMITTED_IN_PKTS', 'L4_DST_PORT', 'SRC_TO_DST_AVG_THROUGHPUT', 'SRC_TO_DST_IAT_STDDEV')",5.86228388943,4.14266119253,"('MAX_TTL', 'MIN_TTL', 'SERVER_TCP_FLAGS', 'MIN_IP_PKT_LEN', 'DST_TO_SRC_AVG_THROUGHPUT')",0,0,0.0215274846615,0.0304635645172
35,pilot_036,ab7f02e08f0e1fef,structured,DoS,DoS,logistic_regression,DoS log-odds,5,5,0,0.223178111499,23.4,10,36,"('RETRANSMITTED_IN_PKTS', 'RETRANSMITTED_IN_BYTES', 'TCP_FLAGS', 'IN_PKTS', 'L4_DST_PORT')",5.86228388943,4.14266119253,"('MAX_TTL', 'MIN_TTL', 'SERVER_TCP_FLAGS', 'MIN_IP_PKT_LEN', 'DST_TO_SRC_AVG_THROUGHPUT')",0,0,0.0380701644118,0.053873126748
35,pilot_036,ab7f02e08f0e1fef,deterministic_text,DoS,DoS,random_forest,DoS probability,5,5,0,0.0307812590176,25,12,36,"('ICMP_IPV4_TYPE', 'RETRANSMITTED_IN_PKTS', 'L4_DST_PORT', 'SRC_TO_DST_AVG_THROUGHPUT', 'SRC_TO_DST_IAT_STDDEV')",0.555893107008,0.262442423524,"('MAX_TTL', 'MIN_IP_PKT_LEN', 'SHORTEST_FLOW_PKT', 'SERVER_TCP_FLAGS', 'MIN_TTL')",0,0,0.0553726222354,0.117287664869
35,pilot_036,ab7f02e08f0e1fef,structured,DoS,DoS,random_forest,DoS probability,5,5,0,0.0420528897597,23.2,8,30,"('RETRANSMITTED_IN_PKTS', 'RETRANSMITTED_IN_BYTES', 'TCP_FLAGS', 'IN_PKTS', 'L4_DST_PORT')",0.555893107008,0.262442423524,"('MAX_TTL', 'MIN_IP_PKT_LEN', 'SHORTEST_FLOW_PKT', 'SERVER_TCP_FLAGS', 'MIN_TTL')",0,0,0.0756492376495,0.160236630934
36,pilot_037,d2478c799b931d0e,deterministic_text,DoS,Benign,logistic_regression,DoS log-odds,5,5,0,0.349130751162,25.2,11,39,"('IN_PKTS', 'IN_BYTES', 'SRC_TO_DST_AVG_THROUGHPUT', 'L4_DST_PORT', 'TCP_FLAGS')",6.46479368895,3.64560092365,"('MAX_TTL', 'MIN_TTL', 'TCP_WIN_MAX_OUT', 'NUM_PKTS_UP_TO_128_BYTES', 'DST_TO_SRC_AVG_THROUGHPUT')",0,0,0.054004933175,0.0957676823312
36,pilot_037,d2478c799b931d0e,structured,DoS,Benign,logistic_regression,DoS log-odds,5,5,0,0.429494481006,22,11,39,"('IN_PKTS', 'IN_BYTES', 'TCP_FLAGS', 'FLOW_DURATION_MILLISECONDS', 'RETRANSMITTED_IN_PKTS')",6.46479368895,3.64560092365,"('MAX_TTL', 'MIN_TTL', 'TCP_WIN_MAX_OUT', 'NUM_PKTS_UP_TO_128_BYTES', 'DST_TO_SRC_AVG_THROUGHPUT')",0,0,0.066435914535,0.117811710607
36,pilot_037,d2478c799b931d0e,deterministic_text,DoS,Benign,random_forest,DoS probability,5,5,0,0.0400534810758,22,11,37,"('IN_PKTS', 'IN_BYTES', 'SRC_TO_DST_AVG_THROUGHPUT', 'L4_DST_PORT', 'TCP_FLAGS')",0.515053218261,0.235786113044,"('MIN_TTL', 'MAX_TTL', 'MIN_IP_PKT_LEN', 'SHORTEST_FLOW_PKT', 'DST_TO_SRC_AVG_THROUGHPUT')",0,0,0.0777657136307,0.169872095344
36,pilot_037,d2478c799b931d0e,structured,DoS,Benign,random_forest,DoS probability,5,5,0,0.0390008694276,22.2,16,27,"('IN_PKTS', 'IN_BYTES', 'TCP_FLAGS', 'FLOW_DURATION_MILLISECONDS', 'RETRANSMITTED_IN_PKTS')",0.515053218261,0.235786113044,"('MIN_TTL', 'MAX_TTL', 'MIN_IP_PKT_LEN', 'SHORTEST_FLOW_PKT', 'DST_TO_SRC_AVG_THROUGHPUT')",0,0,0.0757220187057,0.16540783053
37,pilot_038,fec36fabde9788ba,deterministic_text,Benign,Benign,logistic_regression,DoS log-odds,5,5,1,0.814319056887,25.4,2,40,"('OUT_PKTS', 'IN_PKTS', 'FLOW_DURATION_MILLISECONDS', 'MIN_TTL', 'IN_BYTES')",5.57079173774,3.15707961198,"('MIN_IP_PKT_LEN', 'MIN_TTL', 'MAX_TTL', 'TCP_WIN_MAX_IN', 'TCP_WIN_MAX_OUT')",0.2,0.111111111111,0.146176539211,0.257934280085
37,pilot_038,fec36fabde9788ba,structured,Benign,Benign,logistic_regression,DoS log-odds,5,5,0,0.204025251249,28.2,16,40,"('IN_PKTS', 'OUT_PKTS', 'PROTOCOL', 'IN_BYTES', 'FLOW_DURATION_MILLISECONDS')",5.57079173774,3.15707961198,"('MIN_IP_PKT_LEN', 'MIN_TTL', 'MAX_TTL', 'TCP_WIN_MAX_IN', 'TCP_WIN_MAX_OUT')",0,0,0.0366241031534,0.0646246773363
37,pilot_038,fec36fabde9788ba,deterministic_text,Benign,Benign,random_forest,DoS probability,5,5,1,0.0834292979045,23.2,3,43,"('OUT_PKTS', 'IN_PKTS', 'FLOW_DURATION_MILLISECONDS', 'MIN_TTL', 'IN_BYTES')",0.537033874242,0.30049522855,"('MIN_IP_PKT_LEN', 'MAX_TTL', 'MIN_TTL', 'DST_TO_SRC_AVG_THROUGHPUT', 'SHORTEST_FLOW_PKT')",0.2,0.111111111111,0.155352021364,0.277639343251
37,pilot_038,fec36fabde9788ba,structured,Benign,Benign,random_forest,DoS probability,5,5,0,0.0242279068832,28,10,43,"('IN_PKTS', 'OUT_PKTS', 'PROTOCOL', 'IN_BYTES', 'FLOW_DURATION_MILLISECONDS')",0.537033874242,0.30049522855,"('MIN_IP_PKT_LEN', 'MAX_TTL', 'MIN_TTL', 'DST_TO_SRC_AVG_THROUGHPUT', 'SHORTEST_FLOW_PKT')",0,0,0.0451142992001,0.080626594306
38,pilot_039,b606865f45086232,deterministic_text,DoS,Benign,logistic_regression,DoS log-odds,5,5,2,1.13432500374,20.6,3,40,"('IN_PKTS', 'OUT_PKTS', 'FLOW_DURATION_MILLISECONDS', 'MIN_TTL', 'L4_DST_PORT')",6.16688833767,3.37221166733,"('SERVER_TCP_FLAGS', 'L7_PROTO', 'L4_DST_PORT', 'MIN_TTL', 'MAX_TTL')",0.4,0.25,0.183937983247,0.336374200567
38,pilot_039,b606865f45086232,structured,DoS,Benign,logistic_regression,DoS log-odds,5,5,1,0.675692330609,26.6,3,40,"('L4_DST_PORT', 'TCP_FLAGS', 'IN_PKTS', 'FLOW_DURATION_MILLISECONDS', 'SRC_TO_DST_IAT_AVG')",6.16688833767,3.37221166733,"('SERVER_TCP_FLAGS', 'L7_PROTO', 'L4_DST_PORT', 'MIN_TTL', 'MAX_TTL')",0.2,0.111111111111,0.109567790693,0.200370675766
38,pilot_039,b606865f45086232,deterministic_text,DoS,Benign,random_forest,DoS probability,5,5,1,0.0823678806679,18.6,5,27,"('IN_PKTS', 'OUT_PKTS', 'FLOW_DURATION_MILLISECONDS', 'MIN_TTL', 'L4_DST_PORT')",0.5567065952,0.259956382064,"('MIN_IP_PKT_LEN', 'SERVER_TCP_FLAGS', 'SHORTEST_FLOW_PKT', 'MAX_TTL', 'MIN_TTL')",0.2,0.111111111111,0.147955640149,0.316852696649
38,pilot_039,b606865f45086232,structured,DoS,Benign,random_forest,DoS probability,5,5,0,0.0523031894717,20.8,7,29,"('L4_DST_PORT', 'TCP_FLAGS', 'IN_PKTS', 'FLOW_DURATION_MILLISECONDS', 'SRC_TO_DST_IAT_AVG')",0.5567065952,0.259956382064,"('MIN_IP_PKT_LEN', 'SERVER_TCP_FLAGS', 'SHORTEST_FLOW_PKT', 'MAX_TTL', 'MIN_TTL')",0,0,0.0939510864838,0.201199866903
39,pilot_040,3b0b8b866bea6faa,deterministic_text,Benign,DoS,logistic_regression,DoS log-odds,5,5,0,1.11847813008,18,6,26,"('RETRANSMITTED_OUT_PKTS', 'RETRANSMITTED_OUT_BYTES', 'L7_PROTO', 'RETRANSMITTED_IN_PKTS', 'DST_TO_SRC_AVG_THROUGHPUT')",11.5623692463,5.80773383192,"('TCP_WIN_MAX_OUT', 'TCP_WIN_MAX_IN', 'SERVER_TCP_FLAGS', 'NUM_PKTS_UP_TO_128_BYTES', 'MIN_IP_PKT_LEN')",0,0,0.0967343375965,0.192584261341
39,pilot_040,3b0b8b866bea6faa,structured,Benign,DoS,logistic_regression,DoS log-odds,5,5,0,0.606231126636,20.8,12,26,"('RETRANSMITTED_OUT_BYTES', 'RETRANSMITTED_OUT_PKTS', 'DST_TO_SRC_AVG_THROUGHPUT', 'OUT_BYTES', 'DST_TO_SRC_IAT_AVG')",11.5623692463,5.80773383192,"('TCP_WIN_MAX_OUT', 'TCP_WIN_MAX_IN', 'SERVER_TCP_FLAGS', 'NUM_PKTS_UP_TO_128_BYTES', 'MIN_IP_PKT_LEN')",0,0,0.0524313930583,0.104383421173
39,pilot_040,3b0b8b866bea6faa,deterministic_text,Benign,DoS,random_forest,DoS probability,5,5,0,0.075717561133,13.8,6,25,"('RETRANSMITTED_OUT_PKTS', 'RETRANSMITTED_OUT_BYTES', 'L7_PROTO', 'RETRANSMITTED_IN_PKTS', 'DST_TO_SRC_AVG_THROUGHPUT')",0.539796337418,0.267773531827,"('MIN_IP_PKT_LEN', 'MIN_TTL', 'MAX_TTL', 'SERVER_TCP_FLAGS', 'SHORTEST_FLOW_PKT')",0,0,0.140270609273,0.282767160057
39,pilot_040,3b0b8b866bea6faa,structured,Benign,DoS,random_forest,DoS probability,5,5,0,0.0542046161493,17.4,7,26,"('RETRANSMITTED_OUT_BYTES', 'RETRANSMITTED_OUT_PKTS', 'DST_TO_SRC_AVG_THROUGHPUT', 'OUT_BYTES', 'DST_TO_SRC_IAT_AVG')",0.539796337418,0.267773531827,"('MIN_IP_PKT_LEN', 'MIN_TTL', 'MAX_TTL', 'SERVER_TCP_FLAGS', 'SHORTEST_FLOW_PKT')",0,0,0.100416791282,0.20242708747
40,pilot_041,08cfc98d7bc3aa35,deterministic_text,Benign,Benign,logistic_regression,DoS log-odds,5,5,0,0.117834684763,29.2,21,40,"('TCP_FLAGS', 'OUT_PKTS', 'IN_BYTES', 'FLOW_DURATION_MILLISECONDS', 'SRC_TO_DST_IAT_AVG')",5.84666934357,3.61387788941,"('MIN_IP_PKT_LEN', 'SERVER_TCP_FLAGS', 'MIN_TTL', 'MAX_TTL', 'DST_TO_SRC_AVG_THROUGHPUT')",0,0,0.0201541557832,0.0326061611292
40,pilot_041,08cfc98d7bc3aa35,structured,Benign,Benign,logistic_regression,DoS log-odds,5,5,1,0.797817495299,26.4,3,44,"('L4_DST_PORT', 'IN_PKTS', 'IN_BYTES', 'FLOW_DURATION_MILLISECONDS', 'MIN_TTL')",5.84666934357,3.61387788941,"('MIN_IP_PKT_LEN', 'SERVER_TCP_FLAGS', 'MIN_TTL', 'MAX_TTL', 'DST_TO_SRC_AVG_THROUGHPUT')",0.2,0.111111111111,0.136456749718,0.220764928898
40,pilot_041,08cfc98d7bc3aa35,deterministic_text,Benign,Benign,random_forest,DoS probability,5,5,0,0.0472540212641,19.8,8,32,"('TCP_FLAGS', 'OUT_PKTS', 'IN_BYTES', 'FLOW_DURATION_MILLISECONDS', 'SRC_TO_DST_IAT_AVG')",0.567141854065,0.299886215941,"('MIN_IP_PKT_LEN', 'MAX_TTL', 'MIN_TTL', 'SHORTEST_FLOW_PKT', 'SERVER_TCP_FLAGS')",0,0,0.0833195803228,0.157573168596
40,pilot_041,08cfc98d7bc3aa35,structured,Benign,Benign,random_forest,DoS probability,5,5,1,0.076159891227,23.2,3,34,"('L4_DST_PORT', 'IN_PKTS', 'IN_BYTES', 'FLOW_DURATION_MILLISECONDS', 'MIN_TTL')",0.567141854065,0.299886215941,"('MIN_IP_PKT_LEN', 'MAX_TTL', 'MIN_TTL', 'SHORTEST_FLOW_PKT', 'SERVER_TCP_FLAGS')",0.2,0.111111111111,0.134287199368,0.253962627085
41,pilot_042,ecb89d30fa0b1765,deterministic_text,Benign,Benign,logistic_regression,DoS log-odds,5,5,2,1.8924154978,14,2,38,"('TCP_FLAGS', 'SERVER_TCP_FLAGS', 'PROTOCOL', 'OUT_PKTS', 'MIN_TTL')",6.02687546592,4.18379867407,"('MIN_IP_PKT_LEN', 'SERVER_TCP_FLAGS', 'L7_PROTO', 'MIN_TTL', 'MAX_TTL')",0.4,0.25,0.313996117641,0.452319923884
41,pilot_042,ecb89d30fa0b1765,structured,Benign,Benign,logistic_regression,DoS log-odds,5,5,1,0.777743695983,27.2,4,40,"('TCP_FLAGS', 'OUT_PKTS', 'OUT_BYTES', 'IN_BYTES', 'MIN_TTL')",6.02687546592,4.18379867407,"('MIN_IP_PKT_LEN', 'SERVER_TCP_FLAGS', 'L7_PROTO', 'MIN_TTL', 'MAX_TTL')",0.2,0.111111111111,0.129045921121,0.185894149449
41,pilot_042,ecb89d30fa0b1765,deterministic_text,Benign,Benign,random_forest,DoS probability,5,5,2,0.105390193776,16.6,3,40,"('TCP_FLAGS', 'SERVER_TCP_FLAGS', 'PROTOCOL', 'OUT_PKTS', 'MIN_TTL')",0.511348092147,0.246864045492,"('MIN_IP_PKT_LEN', 'MAX_TTL', 'MIN_TTL', 'SHORTEST_FLOW_PKT', 'SERVER_TCP_FLAGS')",0.4,0.25,0.206102643962,0.426915930857
41,pilot_042,ecb89d30fa0b1765,structured,Benign,Benign,random_forest,DoS probability,5,5,1,0.0851129094467,17.6,3,43,"('TCP_FLAGS', 'OUT_PKTS', 'OUT_BYTES', 'IN_BYTES', 'MIN_TTL')",0.511348092147,0.246864045492,"('MIN_IP_PKT_LEN', 'MAX_TTL', 'MIN_TTL', 'SHORTEST_FLOW_PKT', 'SERVER_TCP_FLAGS')",0.2,0.111111111111,0.166448082537,0.344776450848
42,pilot_043,ba105aead8d968a9,deterministic_text,DoS,Benign,logistic_regression,DoS log-odds,5,5,1,0.705557432472,19,3,32,"('IN_PKTS', 'L4_DST_PORT', 'FLOW_DURATION_MILLISECONDS', 'TCP_FLAGS', 'TCP_WIN_MAX_IN')",5.57046389338,3.25741498587,"('SERVER_TCP_FLAGS', 'L7_PROTO', 'L4_DST_PORT', 'MIN_TTL', 'MAX_TTL')",0.2,0.111111111111,0.12666044444,0.216600413375
42,pilot_043,ba105aead8d968a9,structured,DoS,Benign,logistic_regression,DoS log-odds,5,5,2,1.16055425113,14.8,3,32,"('IN_PKTS', 'L4_DST_PORT', 'FLOW_DURATION_MILLISECONDS', 'TCP_FLAGS', 'MIN_TTL')",5.57046389338,3.25741498587,"('SERVER_TCP_FLAGS', 'L7_PROTO', 'L4_DST_PORT', 'MIN_TTL', 'MAX_TTL')",0.4,0.25,0.208340682812,0.356280749048
42,pilot_043,ba105aead8d968a9,deterministic_text,DoS,Benign,random_forest,DoS probability,5,5,0,0.0444063609916,19.4,9,26,"('IN_PKTS', 'L4_DST_PORT', 'FLOW_DURATION_MILLISECONDS', 'TCP_FLAGS', 'TCP_WIN_MAX_IN')",0.510539354369,0.242121486252,"('MIN_IP_PKT_LEN', 'SHORTEST_FLOW_PKT', 'MAX_TTL', 'SERVER_TCP_FLAGS', 'MIN_TTL')",0,0,0.0869793104323,0.183405288308
42,pilot_043,ba105aead8d968a9,structured,DoS,Benign,random_forest,DoS probability,5,5,1,0.0696573413927,18.6,5,26,"('IN_PKTS', 'L4_DST_PORT', 'FLOW_DURATION_MILLISECONDS', 'TCP_FLAGS', 'MIN_TTL')",0.510539354369,0.242121486252,"('MIN_IP_PKT_LEN', 'SHORTEST_FLOW_PKT', 'MAX_TTL', 'SERVER_TCP_FLAGS', 'MIN_TTL')",0.2,0.111111111111,0.136438730524,0.287695827706
43,pilot_044,fcd86fcb67189f0d,deterministic_text,Benign,Benign,logistic_regression,DoS log-odds,5,5,1,0.821451305703,24.8,3,40,"('TCP_FLAGS', 'IN_PKTS', 'OUT_PKTS', 'FLOW_DURATION_MILLISECONDS', 'MIN_TTL')",5.64219294904,3.70555102664,"('SERVER_TCP_FLAGS', 'MIN_IP_PKT_LEN', 'MIN_TTL', 'MAX_TTL', 'DST_TO_SRC_AVG_THROUGHPUT')",0.2,0.111111111111,0.145590785909,0.221681282972
43,pilot_044,fcd86fcb67189f0d,structured,Benign,Benign,logistic_regression,DoS log-odds,5,5,0,0.0784720050496,32.8,20,44,"('TCP_FLAGS', 'IN_PKTS', 'IN_BYTES', 'FLOW_DURATION_MILLISECONDS', 'L4_SRC_PORT')",5.64219294904,3.70555102664,"('SERVER_TCP_FLAGS', 'MIN_IP_PKT_LEN', 'MIN_TTL', 'MAX_TTL', 'DST_TO_SRC_AVG_THROUGHPUT')",0,0,0.013908068327,0.0211768788192
43,pilot_044,fcd86fcb67189f0d,deterministic_text,Benign,Benign,random_forest,DoS probability,5,5,1,0.0848647647839,17,3,31,"('TCP_FLAGS', 'IN_PKTS', 'OUT_PKTS', 'FLOW_DURATION_MILLISECONDS', 'MIN_TTL')",0.517281284559,0.246353879039,"('MIN_IP_PKT_LEN', 'MAX_TTL', 'MIN_TTL', 'SERVER_TCP_FLAGS', 'SHORTEST_FLOW_PKT')",0.2,0.111111111111,0.164059221389,0.344483168339
43,pilot_044,fcd86fcb67189f0d,structured,Benign,Benign,random_forest,DoS probability,5,5,0,0.0268004365735,27.6,13,42,"('TCP_FLAGS', 'IN_PKTS', 'IN_BYTES', 'FLOW_DURATION_MILLISECONDS', 'L4_SRC_PORT')",0.517281284559,0.246353879039,"('MIN_IP_PKT_LEN', 'MAX_TTL', 'MIN_TTL', 'SERVER_TCP_FLAGS', 'SHORTEST_FLOW_PKT')",0,0,0.0518101802124,0.108788368497
44,pilot_045,e5a700996a6997e4,deterministic_text,Benign,DoS,logistic_regression,DoS log-odds,5,5,0,0.0592411749477,32.6,22,44,"('RETRANSMITTED_OUT_PKTS', 'FLOW_DURATION_MILLISECONDS', 'RETRANSMITTED_IN_PKTS', 'NUM_PKTS_UP_TO_128_BYTES', 'L4_DST_PORT')",6.66155283595,4.74226005095,"('DST_TO_SRC_AVG_THROUGHPUT', 'MIN_IP_PKT_LEN', 'SERVER_TCP_FLAGS', 'MIN_TTL', 'MAX_TTL')",0,0,0.00889299783499,0.0124921818524
44,pilot_045,e5a700996a6997e4,structured,Benign,DoS,logistic_regression,DoS log-odds,5,5,1,1.47274426696,20,1,34,"('TCP_FLAGS', 'FLOW_DURATION_MILLISECONDS', 'RETRANSMITTED_OUT_PKTS', 'DST_TO_SRC_AVG_THROUGHPUT', 'NUM_PKTS_UP_TO_128_BYTES')",6.66155283595,4.74226005095,"('DST_TO_SRC_AVG_THROUGHPUT', 'MIN_IP_PKT_LEN', 'SERVER_TCP_FLAGS', 'MIN_TTL', 'MAX_TTL')",0.2,0.111111111111,0.221081225839,0.310557466511
44,pilot_045,e5a700996a6997e4,deterministic_text,Benign,DoS,random_forest,DoS probability,5,5,0,0.0510846078611,17.2,7,33,"('RETRANSMITTED_OUT_PKTS', 'FLOW_DURATION_MILLISECONDS', 'RETRANSMITTED_IN_PKTS', 'NUM_PKTS_UP_TO_128_BYTES', 'L4_DST_PORT')",0.502769165857,0.231451101203,"('MIN_IP_PKT_LEN', 'MAX_TTL', 'MIN_TTL', 'SERVER_TCP_FLAGS', 'SHORTEST_FLOW_PKT')",0,0,0.101606485302,0.220714473146
44,pilot_045,e5a700996a6997e4,structured,Benign,DoS,random_forest,DoS probability,5,5,0,0.0771970250229,10.8,6,18,"('TCP_FLAGS', 'FLOW_DURATION_MILLISECONDS', 'RETRANSMITTED_OUT_PKTS', 'DST_TO_SRC_AVG_THROUGHPUT', 'NUM_PKTS_UP_TO_128_BYTES')",0.502769165857,0.231451101203,"('MIN_IP_PKT_LEN', 'MAX_TTL', 'MIN_TTL', 'SERVER_TCP_FLAGS', 'SHORTEST_FLOW_PKT')",0,0,0.153543674245,0.333534922157
45,pilot_046,189234587ba1112c,deterministic_text,Benign,DoS,logistic_regression,DoS log-odds,5,5,1,0.842151877364,27,4,44,"('TCP_FLAGS', 'RETRANSMITTED_IN_PKTS', 'MIN_TTL', 'SRC_TO_DST_AVG_THROUGHPUT', 'L4_DST_PORT')",6.79694526007,4.26000591776,"('SERVER_TCP_FLAGS', 'MIN_IP_PKT_LEN', 'L7_PROTO', 'MIN_TTL', 'MAX_TTL')",0.2,0.111111111111,0.123901524161,0.197687959506
45,pilot_046,189234587ba1112c,structured,Benign,Benign,logistic_regression,DoS log-odds,5,5,1,0.880293436256,21,4,41,"('TCP_FLAGS', 'FLOW_DURATION_MILLISECONDS', 'IN_PKTS', 'SRC_TO_DST_AVG_THROUGHPUT', 'MIN_TTL')",6.79694526007,4.26000591776,"('SERVER_TCP_FLAGS', 'MIN_IP_PKT_LEN', 'L7_PROTO', 'MIN_TTL', 'MAX_TTL')",0.2,0.111111111111,0.129513097807,0.206641364649
45,pilot_046,189234587ba1112c,deterministic_text,Benign,DoS,random_forest,DoS probability,5,5,1,0.0974200780033,18.4,2,37,"('TCP_FLAGS', 'RETRANSMITTED_IN_PKTS', 'MIN_TTL', 'SRC_TO_DST_AVG_THROUGHPUT', 'L4_DST_PORT')",0.599883843476,0.301367944979,"('MIN_IP_PKT_LEN', 'MIN_TTL', 'MAX_TTL', 'SHORTEST_FLOW_PKT', 'SERVER_TCP_FLAGS')",0.2,0.111111111111,0.16239823603,0.323259588906
45,pilot_046,189234587ba1112c,structured,Benign,Benign,random_forest,DoS probability,5,5,1,0.111378561205,13.6,2,26,"('TCP_FLAGS', 'FLOW_DURATION_MILLISECONDS', 'IN_PKTS', 'SRC_TO_DST_AVG_THROUGHPUT', 'MIN_TTL')",0.599883843476,0.301367944979,"('MIN_IP_PKT_LEN', 'MIN_TTL', 'MAX_TTL', 'SHORTEST_FLOW_PKT', 'SERVER_TCP_FLAGS')",0.2,0.111111111111,0.185666879373,0.369576668854
46,pilot_047,e4be7b2d3c2a7234,deterministic_text,DoS,Benign,logistic_regression,DoS log-odds,5,5,1,0.68049469896,23.4,2,40,"('IN_PKTS', 'FLOW_DURATION_MILLISECONDS', 'IN_BYTES', 'MIN_TTL', 'SRC_TO_DST_AVG_THROUGHPUT')",6.29275458012,3.30605039849,"('TCP_WIN_MAX_IN', 'MIN_TTL', 'MAX_TTL', 'NUM_PKTS_UP_TO_128_BYTES', 'TCP_WIN_MAX_OUT')",0.2,0.111111111111,0.108139399097,0.205833129244
46,pilot_047,e4be7b2d3c2a7234,structured,DoS,Benign,logistic_regression,DoS log-odds,5,5,1,0.713566067018,19.4,4,40,"('IN_PKTS', 'IN_BYTES', 'FLOW_DURATION_MILLISECONDS', 'TCP_FLAGS', 'NUM_PKTS_UP_TO_128_BYTES')",6.29275458012,3.30605039849,"('TCP_WIN_MAX_IN', 'MIN_TTL', 'MAX_TTL', 'NUM_PKTS_UP_TO_128_BYTES', 'TCP_WIN_MAX_OUT')",0.2,0.111111111111,0.113394866737,0.215836415362
46,pilot_047,e4be7b2d3c2a7234,deterministic_text,DoS,Benign,random_forest,DoS probability,5,5,1,0.0841499328257,17,1,25,"('IN_PKTS', 'FLOW_DURATION_MILLISECONDS', 'IN_BYTES', 'MIN_TTL', 'SRC_TO_DST_AVG_THROUGHPUT')",0.52534870752,0.236644297325,"('MIN_TTL', 'MAX_TTL', 'MIN_IP_PKT_LEN', 'SHORTEST_FLOW_PKT', 'DST_TO_SRC_AVG_THROUGHPUT')",0.2,0.111111111111,0.160179194545,0.355596706859
46,pilot_047,e4be7b2d3c2a7234,structured,DoS,Benign,random_forest,DoS probability,5,5,0,0.0466976379829,18.8,14,23,"('IN_PKTS', 'IN_BYTES', 'FLOW_DURATION_MILLISECONDS', 'TCP_FLAGS', 'NUM_PKTS_UP_TO_128_BYTES')",0.52534870752,0.236644297325,"('MIN_TTL', 'MAX_TTL', 'MIN_IP_PKT_LEN', 'SHORTEST_FLOW_PKT', 'DST_TO_SRC_AVG_THROUGHPUT')",0,0,0.088888841477,0.19733261486
47,pilot_048,264959af858d834f,deterministic_text,Benign,DoS,logistic_regression,DoS log-odds,5,5,1,1.04054304251,17.8,2,37,"('RETRANSMITTED_OUT_PKTS', 'NUM_PKTS_UP_TO_128_BYTES', 'L4_DST_PORT', 'SRC_TO_DST_IAT_AVG', 'MIN_TTL')",5.88425115899,3.39603439054,"('MIN_IP_PKT_LEN', 'MIN_TTL', 'MAX_TTL', 'L7_PROTO', 'DST_TO_SRC_AVG_THROUGHPUT')",0.2,0.111111111111,0.176835253016,0.306399442069
47,pilot_048,264959af858d834f,structured,Benign,Benign,logistic_regression,DoS log-odds,5,5,0,0.477419661665,19.4,8,36,"('TCP_FLAGS', 'L4_DST_PORT', 'PROTOCOL', 'OUT_BYTES', 'FLOW_DURATION_MILLISECONDS')",5.88425115899,3.39603439054,"('MIN_IP_PKT_LEN', 'MIN_TTL', 'MAX_TTL', 'L7_PROTO', 'DST_TO_SRC_AVG_THROUGHPUT')",0,0,0.081135160408,0.140581515604
47,pilot_048,264959af858d834f,deterministic_text,Benign,DoS,random_forest,DoS probability,5,5,1,0.124913671487,14.4,3,40,"('RETRANSMITTED_OUT_PKTS', 'NUM_PKTS_UP_TO_128_BYTES', 'L4_DST_PORT', 'SRC_TO_DST_IAT_AVG', 'MIN_TTL')",0.574078627373,0.290180571082,"('MIN_IP_PKT_LEN', 'MAX_TTL', 'MIN_TTL', 'SHORTEST_FLOW_PKT', 'L7_PROTO')",0.2,0.111111111111,0.217589830958,0.430468763021
47,pilot_048,264959af858d834f,structured,Benign,Benign,random_forest,DoS probability,5,5,0,0.043581885623,23.6,8,43,"('TCP_FLAGS', 'L4_DST_PORT', 'PROTOCOL', 'OUT_BYTES', 'FLOW_DURATION_MILLISECONDS')",0.574078627373,0.290180571082,"('MIN_IP_PKT_LEN', 'MAX_TTL', 'MIN_TTL', 'SHORTEST_FLOW_PKT', 'L7_PROTO')",0,0,0.0759162308872,0.150188847794
48,pilot_049,e7f8ceef45a9ad5c,deterministic_text,Benign,DoS,logistic_regression,DoS log-odds,5,5,0,0.492723228799,20.2,7,29,"('RETRANSMITTED_OUT_PKTS', 'TCP_FLAGS', 'DST_TO_SRC_AVG_THROUGHPUT', 'ICMP_TYPE', 'FLOW_DURATION_MILLISECONDS')",6.81151484624,3.81627683837,"('MIN_IP_PKT_LEN', 'SERVER_TCP_FLAGS', 'MIN_TTL', 'MAX_TTL', 'TCP_WIN_MAX_IN')",0,0,0.0723368061176,0.129110976396
48,pilot_049,e7f8ceef45a9ad5c,structured,Benign,DoS,logistic_regression,DoS log-odds,5,5,0,0.87962465442,21.4,6,44,"('RETRANSMITTED_OUT_PKTS', 'FLOW_DURATION_MILLISECONDS', 'DST_TO_SRC_AVG_THROUGHPUT', 'NUM_PKTS_UP_TO_128_BYTES', 'L4_DST_PORT')",6.81151484624,3.81627683837,"('MIN_IP_PKT_LEN', 'SERVER_TCP_FLAGS', 'MIN_TTL', 'MAX_TTL', 'TCP_WIN_MAX_IN')",0,0,0.129137889923,0.230492883948
48,pilot_049,e7f8ceef45a9ad5c,deterministic_text,Benign,DoS,random_forest,DoS probability,5,5,0,0.0704240927147,15.6,6,34,"('RETRANSMITTED_OUT_PKTS', 'TCP_FLAGS', 'DST_TO_SRC_AVG_THROUGHPUT', 'ICMP_TYPE', 'FLOW_DURATION_MILLISECONDS')",0.512407527232,0.228419804572,"('MIN_TTL', 'MIN_IP_PKT_LEN', 'MAX_TTL', 'SHORTEST_FLOW_PKT', 'SERVER_TCP_FLAGS')",0,0,0.137437662353,0.308309924556
48,pilot_049,e7f8ceef45a9ad5c,structured,Benign,DoS,random_forest,DoS probability,5,5,0,0.0758424300487,14.4,6,31,"('RETRANSMITTED_OUT_PKTS', 'FLOW_DURATION_MILLISECONDS', 'DST_TO_SRC_AVG_THROUGHPUT', 'NUM_PKTS_UP_TO_128_BYTES', 'L4_DST_PORT')",0.512407527232,0.228419804572,"('MIN_TTL', 'MIN_IP_PKT_LEN', 'MAX_TTL', 'SHORTEST_FLOW_PKT', 'SERVER_TCP_FLAGS')",0,0,0.148011935848,0.33203088581
49,pilot_050,9b79215b036a2f1b,deterministic_text,DoS,Benign,logistic_regression,DoS log-odds,5,5,2,0.891030487205,9.2,4,22,"('FTP_COMMAND_RET_CODE', 'L4_DST_PORT', 'TCP_FLAGS', 'IN_PKTS', 'DST_TO_SRC_AVG_THROUGHPUT')",3.7387300597,1.73543194601,"('MIN_TTL', 'MAX_TTL', 'DST_TO_SRC_IAT_AVG', 'L4_DST_PORT', 'DST_TO_SRC_AVG_THROUGHPUT')",0.4,0.25,0.238324370302,0.513434415711
49,pilot_050,9b79215b036a2f1b,structured,DoS,Benign,logistic_regression,DoS log-odds,5,5,1,0.658964762894,15,4,33,"('FTP_COMMAND_RET_CODE', 'L4_DST_PORT', 'CLIENT_TCP_FLAGS', 'IN_PKTS', 'OUT_BYTES')",3.7387300597,1.73543194601,"('MIN_TTL', 'MAX_TTL', 'DST_TO_SRC_IAT_AVG', 'L4_DST_PORT', 'DST_TO_SRC_AVG_THROUGHPUT')",0.2,0.111111111111,0.17625363489,0.379712246516
49,pilot_050,9b79215b036a2f1b,deterministic_text,DoS,Benign,random_forest,DoS probability,5,5,0,0.0608319370533,17.8,6,30,"('FTP_COMMAND_RET_CODE', 'L4_DST_PORT', 'TCP_FLAGS', 'IN_PKTS', 'DST_TO_SRC_AVG_THROUGHPUT')",0.562379152907,0.258038138436,"('MIN_IP_PKT_LEN', 'SHORTEST_FLOW_PKT', 'MAX_TTL', 'MIN_TTL', 'TCP_WIN_MAX_OUT')",0,0,0.108168904802,0.235747852709
49,pilot_050,9b79215b036a2f1b,structured,DoS,Benign,random_forest,DoS probability,5,5,0,0.0549536656543,18.2,12,30,"('FTP_COMMAND_RET_CODE', 'L4_DST_PORT', 'CLIENT_TCP_FLAGS', 'IN_PKTS', 'OUT_BYTES')",0.562379152907,0.258038138436,"('MIN_IP_PKT_LEN', 'SHORTEST_FLOW_PKT', 'MAX_TTL', 'MIN_TTL', 'TCP_WIN_MAX_OUT')",0,0,0.0977163989281,0.212967222549
50,pilot_051,1eed73191d797e52,deterministic_text,DoS,Benign,logistic_regression,DoS log-odds,5,5,1,0.797553225302,22.2,5,39,"('TCP_FLAGS', 'L4_DST_PORT', 'IN_PKTS', 'OUT_PKTS', 'RETRANSMITTED_IN_PKTS')",7.17780742289,4.76956485163,"('MAX_TTL', 'MIN_TTL', 'SERVER_TCP_FLAGS', 'L7_PROTO', 'L4_DST_PORT')",0.2,0.111111111111,0.111113767522,0.167217188593
50,pilot_051,1eed73191d797e52,structured,DoS,DoS,logistic_regression,DoS log-odds,5,5,2,2.01070247519,13,2,24,"('RETRANSMITTED_IN_PKTS', 'MIN_TTL', 'SRC_TO_DST_IAT_AVG', 'L4_DST_PORT', 'RETRANSMITTED_IN_BYTES')",7.17780742289,4.76956485163,"('MAX_TTL', 'MIN_TTL', 'SERVER_TCP_FLAGS', 'L7_PROTO', 'L4_DST_PORT')",0.4,0.25,0.280127670851,0.42156937535
50,pilot_051,1eed73191d797e52,deterministic_text,DoS,Benign,random_forest,DoS probability,5,5,0,0.0616277806234,15,7,22,"('TCP_FLAGS', 'L4_DST_PORT', 'IN_PKTS', 'OUT_PKTS', 'RETRANSMITTED_IN_PKTS')",0.552109992602,0.284047593775,"('MIN_IP_PKT_LEN', 'MAX_TTL', 'MIN_TTL', 'SHORTEST_FLOW_PKT', 'SERVER_TCP_FLAGS')",0,0,0.111622288039,0.216962868104
50,pilot_051,1eed73191d797e52,structured,DoS,DoS,random_forest,DoS probability,5,5,1,0.0981047621689,14.4,3,26,"('RETRANSMITTED_IN_PKTS', 'MIN_TTL', 'SRC_TO_DST_IAT_AVG', 'L4_DST_PORT', 'RETRANSMITTED_IN_BYTES')",0.552109992602,0.284047593775,"('MIN_IP_PKT_LEN', 'MAX_TTL', 'MIN_TTL', 'SHORTEST_FLOW_PKT', 'SERVER_TCP_FLAGS')",0.2,0.111111111111,0.177690611442,0.34538142311
51,pilot_052,b4b440d30884d645,deterministic_text,Benign,Benign,logistic_regression,DoS log-odds,5,5,0,0.439414534977,15.6,7,28,"('FTP_COMMAND_RET_CODE', 'L4_DST_PORT', 'IN_PKTS', 'FLOW_DURATION_MILLISECONDS', 'SRC_TO_DST_AVG_THROUGHPUT')",5.38867100803,3.56864439187,"('MIN_IP_PKT_LEN', 'L7_PROTO', 'MIN_TTL', 'MAX_TTL', 'SERVER_TCP_FLAGS')",0,0,0.0815441384938,0.123132059887
51,pilot_052,b4b440d30884d645,structured,Benign,Benign,logistic_regression,DoS log-odds,5,5,0,0.381079275045,17,7,28,"('L4_DST_PORT', 'FTP_COMMAND_RET_CODE', 'IN_PKTS', 'FLOW_DURATION_MILLISECONDS', 'TCP_FLAGS')",5.38867100803,3.56864439187,"('MIN_IP_PKT_LEN', 'L7_PROTO', 'MIN_TTL', 'MAX_TTL', 'SERVER_TCP_FLAGS')",0,0,0.0707186010199,0.10678544377
51,pilot_052,b4b440d30884d645,deterministic_text,Benign,Benign,random_forest,DoS probability,5,5,0,0.047202395509,19.8,10,28,"('FTP_COMMAND_RET_CODE', 'L4_DST_PORT', 'IN_PKTS', 'FLOW_DURATION_MILLISECONDS', 'SRC_TO_DST_AVG_THROUGHPUT')",0.554485980917,0.263142645381,"('MIN_IP_PKT_LEN', 'MIN_TTL', 'MAX_TTL', 'SHORTEST_FLOW_PKT', 'L7_PROTO')",0,0,0.0851282036581,0.179379497537
51,pilot_052,b4b440d30884d645,structured,Benign,Benign,random_forest,DoS probability,5,5,0,0.0594295476389,16.4,10,25,"('L4_DST_PORT', 'FTP_COMMAND_RET_CODE', 'IN_PKTS', 'FLOW_DURATION_MILLISECONDS', 'TCP_FLAGS')",0.554485980917,0.263142645381,"('MIN_IP_PKT_LEN', 'MIN_TTL', 'MAX_TTL', 'SHORTEST_FLOW_PKT', 'L7_PROTO')",0,0,0.107179531466,0.225845368214
52,pilot_053,8606b57fcf6c2a47,deterministic_text,Benign,DoS,logistic_regression,DoS log-odds,5,5,0,0.433572417795,24.4,6,43,"('RETRANSMITTED_IN_PKTS', 'TCP_FLAGS', 'L4_DST_PORT', 'DST_TO_SRC_IAT_AVG', 'NUM_PKTS_UP_TO_128_BYTES')",6.00424632124,4.15954590131,"('SERVER_TCP_FLAGS', 'MIN_IP_PKT_LEN', 'L7_PROTO', 'MIN_TTL', 'MAX_TTL')",0,0,0.0722109644738,0.104235517069
52,pilot_053,8606b57fcf6c2a47,structured,Benign,Benign,logistic_regression,DoS log-odds,5,5,0,0.0469339596893,33.8,21,43,"('IN_BYTES', 'FLOW_DURATION_MILLISECONDS', 'OUT_PKTS', 'TCP_FLAGS', 'L4_DST_PORT')",6.00424632124,4.15954590131,"('SERVER_TCP_FLAGS', 'MIN_IP_PKT_LEN', 'L7_PROTO', 'MIN_TTL', 'MAX_TTL')",0,0,0.00781679451146,0.0112834335293
52,pilot_053,8606b57fcf6c2a47,deterministic_text,Benign,DoS,random_forest,DoS probability,5,5,0,0.027396314483,24.8,17,31,"('RETRANSMITTED_IN_PKTS', 'TCP_FLAGS', 'L4_DST_PORT', 'DST_TO_SRC_IAT_AVG', 'NUM_PKTS_UP_TO_128_BYTES')",0.505370041404,0.235877418159,"('MIN_IP_PKT_LEN', 'MAX_TTL', 'MIN_TTL', 'SERVER_TCP_FLAGS', 'SHORTEST_FLOW_PKT')",0,0,0.0542104047303,0.116146406455
52,pilot_053,8606b57fcf6c2a47,structured,Benign,Benign,random_forest,DoS probability,5,5,0,0.0484023825866,18.2,9,29,"('IN_BYTES', 'FLOW_DURATION_MILLISECONDS', 'OUT_PKTS', 'TCP_FLAGS', 'L4_DST_PORT')",0.505370041404,0.235877418159,"('MIN_IP_PKT_LEN', 'MAX_TTL', 'MIN_TTL', 'SERVER_TCP_FLAGS', 'SHORTEST_FLOW_PKT')",0,0,0.0957761216952,0.205201426081
53,pilot_054,5734ae686986eafe,deterministic_text,Benign,Benign,logistic_regression,DoS log-odds,5,5,1,0.513827181739,20.2,5,33,"('TCP_FLAGS', 'SRC_TO_DST_AVG_THROUGHPUT', 'L4_DST_PORT', 'FLOW_DURATION_MILLISECONDS', 'IN_PKTS')",6.19658620395,3.45827150945,"('MIN_IP_PKT_LEN', 'MIN_TTL', 'MAX_TTL', 'L7_PROTO', 'L4_DST_PORT')",0.2,0.111111111111,0.0829210092181,0.148579190597
53,pilot_054,5734ae686986eafe,structured,Benign,Benign,logistic_regression,DoS log-odds,5,5,1,0.449941261875,22.4,5,33,"('FLOW_DURATION_MILLISECONDS', 'IN_PKTS', 'L4_DST_PORT', 'TCP_FLAGS', 'SRC_TO_DST_IAT_AVG')",6.19658620395,3.45827150945,"('MIN_IP_PKT_LEN', 'MIN_TTL', 'MAX_TTL', 'L7_PROTO', 'L4_DST_PORT')",0.2,0.111111111111,0.0726111518611,0.130105823284
53,pilot_054,5734ae686986eafe,deterministic_text,Benign,Benign,random_forest,DoS probability,5,5,0,0.0600280803381,17.2,7,25,"('TCP_FLAGS', 'SRC_TO_DST_AVG_THROUGHPUT', 'L4_DST_PORT', 'FLOW_DURATION_MILLISECONDS', 'IN_PKTS')",0.590535086156,0.28416354571,"('MIN_IP_PKT_LEN', 'MAX_TTL', 'MIN_TTL', 'SHORTEST_FLOW_PKT', 'L7_PROTO')",0,0,0.101650319762,0.211244831522
53,pilot_054,5734ae686986eafe,structured,Benign,Benign,random_forest,DoS probability,5,5,0,0.0655175738826,15.4,7,25,"('FLOW_DURATION_MILLISECONDS', 'IN_PKTS', 'L4_DST_PORT', 'TCP_FLAGS', 'SRC_TO_DST_IAT_AVG')",0.590535086156,0.28416354571,"('MIN_IP_PKT_LEN', 'MAX_TTL', 'MIN_TTL', 'SHORTEST_FLOW_PKT', 'L7_PROTO')",0,0,0.110946115512,0.230562909535
54,pilot_055,836a1ed878c14926,deterministic_text,Benign,Benign,logistic_regression,DoS log-odds,5,5,1,0.621762073653,21.8,4,31,"('IN_PKTS', 'L4_DST_PORT', 'DNS_QUERY_TYPE', 'DNS_TTL_ANSWER', 'FLOW_DURATION_MILLISECONDS')",8.14366429574,5.65938690987,"('MIN_IP_PKT_LEN', 'MAX_TTL', 'MIN_TTL', 'DNS_TTL_ANSWER', 'TCP_WIN_MAX_IN')",0.2,0.111111111111,0.0763491778484,0.109863856908
54,pilot_055,836a1ed878c14926,structured,Benign,Benign,logistic_regression,DoS log-odds,5,5,0,0.197407485721,28.2,16,44,"('L4_DST_PORT', 'PROTOCOL', 'DNS_QUERY_TYPE', 'IN_PKTS', 'L4_SRC_PORT')",8.14366429574,5.65938690987,"('MIN_IP_PKT_LEN', 'MAX_TTL', 'MIN_TTL', 'DNS_TTL_ANSWER', 'TCP_WIN_MAX_IN')",0,0,0.0242406217339,0.0348814260034
54,pilot_055,836a1ed878c14926,deterministic_text,Benign,Benign,random_forest,DoS probability,5,5,0,0.0698374692292,11.4,6,17,"('IN_PKTS', 'L4_DST_PORT', 'DNS_QUERY_TYPE', 'DNS_TTL_ANSWER', 'FLOW_DURATION_MILLISECONDS')",0.539979320156,0.301416069882,"('MIN_IP_PKT_LEN', 'MAX_TTL', 'MIN_TTL', 'DST_TO_SRC_AVG_THROUGHPUT', 'SHORTEST_FLOW_PKT')",0,0,0.129333599681,0.231697896056
54,pilot_055,836a1ed878c14926,structured,Benign,Benign,random_forest,DoS probability,5,5,0,0.0502960787784,18.8,6,33,"('L4_DST_PORT', 'PROTOCOL', 'DNS_QUERY_TYPE', 'IN_PKTS', 'L4_SRC_PORT')",0.539979320156,0.301416069882,"('MIN_IP_PKT_LEN', 'MAX_TTL', 'MIN_TTL', 'DST_TO_SRC_AVG_THROUGHPUT', 'SHORTEST_FLOW_PKT')",0,0,0.0931444536874,0.166865949775
55,pilot_056,c8576a5a55bd1284,deterministic_text,Benign,Benign,logistic_regression,DoS log-odds,5,5,0,0.0469339596893,33.8,21,43,"('L4_DST_PORT', 'IN_BYTES', 'FLOW_DURATION_MILLISECONDS', 'TCP_FLAGS', 'OUT_PKTS')",6.00426191354,4.15954590131,"('SERVER_TCP_FLAGS', 'MIN_IP_PKT_LEN', 'L7_PROTO', 'MIN_TTL', 'MAX_TTL')",0,0,0.00781677421223,0.0112834335293
55,pilot_056,c8576a5a55bd1284,structured,Benign,Benign,logistic_regression,DoS log-odds,5,5,0,0.0777583565371,27.8,19,43,"('L4_DST_PORT', 'TCP_FLAGS', 'FLOW_DURATION_MILLISECONDS', 'IN_PKTS', 'RETRANSMITTED_IN_PKTS')",6.00426191354,4.15954590131,"('SERVER_TCP_FLAGS', 'MIN_IP_PKT_LEN', 'L7_PROTO', 'MIN_TTL', 'MAX_TTL')",0,0,0.012950527085,0.01869395323
55,pilot_056,c8576a5a55bd1284,deterministic_text,Benign,Benign,random_forest,DoS probability,5,5,0,0.0484023825866,18.2,9,29,"('L4_DST_PORT', 'IN_BYTES', 'FLOW_DURATION_MILLISECONDS', 'TCP_FLAGS', 'OUT_PKTS')",0.505370041404,0.235877418159,"('MIN_IP_PKT_LEN', 'MAX_TTL', 'MIN_TTL', 'SERVER_TCP_FLAGS', 'SHORTEST_FLOW_PKT')",0,0,0.0957761216952,0.205201426081
55,pilot_056,c8576a5a55bd1284,structured,Benign,Benign,random_forest,DoS probability,5,5,0,0.04209154548,19.8,12,29,"('L4_DST_PORT', 'TCP_FLAGS', 'FLOW_DURATION_MILLISECONDS', 'IN_PKTS', 'RETRANSMITTED_IN_PKTS')",0.505370041404,0.235877418159,"('MIN_IP_PKT_LEN', 'MAX_TTL', 'MIN_TTL', 'SERVER_TCP_FLAGS', 'SHORTEST_FLOW_PKT')",0,0,0.0832885648764,0.178446694086
56,pilot_057,59b894c28cbc69f0,deterministic_text,DoS,Benign,logistic_regression,DoS log-odds,5,5,1,0.562665439337,23.6,5,39,"('IN_PKTS', 'IN_BYTES', 'L4_DST_PORT', 'FLOW_DURATION_MILLISECONDS', 'NUM_PKTS_UP_TO_128_BYTES')",8.16759402488,5.34140921573,"('TCP_WIN_MAX_IN', 'MAX_TTL', 'MIN_TTL', 'TCP_WIN_MAX_OUT', 'NUM_PKTS_UP_TO_128_BYTES')",0.2,0.111111111111,0.0688899861603,0.105340260709
56,pilot_057,59b894c28cbc69f0,structured,DoS,Benign,logistic_regression,DoS log-odds,5,5,0,0.373392096637,23.4,11,39,"('IN_PKTS', 'IN_BYTES', 'FLOW_DURATION_MILLISECONDS', 'TCP_FLAGS', 'SRC_TO_DST_AVG_THROUGHPUT')",8.16759402488,5.34140921573,"('TCP_WIN_MAX_IN', 'MAX_TTL', 'MIN_TTL', 'TCP_WIN_MAX_OUT', 'NUM_PKTS_UP_TO_128_BYTES')",0,0,0.0457162899502,0.0699051657637
56,pilot_057,59b894c28cbc69f0,deterministic_text,DoS,Benign,random_forest,DoS probability,5,5,0,0.0338888914873,24.8,16,37,"('IN_PKTS', 'IN_BYTES', 'L4_DST_PORT', 'FLOW_DURATION_MILLISECONDS', 'NUM_PKTS_UP_TO_128_BYTES')",0.514983201221,0.235875171436,"('MIN_TTL', 'MAX_TTL', 'MIN_IP_PKT_LEN', 'SHORTEST_FLOW_PKT', 'DST_TO_SRC_AVG_THROUGHPUT')",0,0,0.0658058193101,0.143672991443
56,pilot_057,59b894c28cbc69f0,structured,DoS,Benign,random_forest,DoS probability,5,5,0,0.0448113645155,19.4,11,26,"('IN_PKTS', 'IN_BYTES', 'FLOW_DURATION_MILLISECONDS', 'TCP_FLAGS', 'SRC_TO_DST_AVG_THROUGHPUT')",0.514983201221,0.235875171436,"('MIN_TTL', 'MAX_TTL', 'MIN_IP_PKT_LEN', 'SHORTEST_FLOW_PKT', 'DST_TO_SRC_AVG_THROUGHPUT')",0,0,0.0870151966303,0.189979149746
57,pilot_058,b5549dc7ffe834ac,deterministic_text,Benign,DoS,logistic_regression,DoS log-odds,5,5,1,0.779845698893,28.2,3,42,"('TCP_FLAGS', 'RETRANSMITTED_IN_PKTS', 'FLOW_DURATION_MILLISECONDS', 'ICMP_TYPE', 'MIN_TTL')",6.00023853691,3.97814261151,"('SERVER_TCP_FLAGS', 'MIN_IP_PKT_LEN', 'MIN_TTL', 'MAX_TTL', 'SRC_TO_DST_AVG_THROUGHPUT')",0.2,0.111111111111,0.129969116077,0.196032614979
57,pilot_058,b5549dc7ffe834ac,structured,Benign,Benign,logistic_regression,DoS log-odds,5,5,0,0.107880248046,30.4,15,42,"('TCP_FLAGS', 'TCP_WIN_MAX_IN', 'IN_BYTES', 'FLOW_DURATION_MILLISECONDS', 'RETRANSMITTED_IN_PKTS')",6.00023853691,3.97814261151,"('SERVER_TCP_FLAGS', 'MIN_IP_PKT_LEN', 'MIN_TTL', 'MAX_TTL', 'SRC_TO_DST_AVG_THROUGHPUT')",0,0,0.0179793265522,0.0271182455184
57,pilot_058,b5549dc7ffe834ac,deterministic_text,Benign,DoS,random_forest,DoS probability,5,5,1,0.0809352775826,18.4,3,38,"('TCP_FLAGS', 'RETRANSMITTED_IN_PKTS', 'FLOW_DURATION_MILLISECONDS', 'ICMP_TYPE', 'MIN_TTL')",0.506058696724,0.237227269545,"('MIN_IP_PKT_LEN', 'MAX_TTL', 'MIN_TTL', 'SERVER_TCP_FLAGS', 'SHORTEST_FLOW_PKT')",0.2,0.111111111111,0.159932589059,0.34117189705
57,pilot_058,b5549dc7ffe834ac,structured,Benign,Benign,random_forest,DoS probability,5,5,0,0.0432821863037,19.8,10,28,"('TCP_FLAGS', 'TCP_WIN_MAX_IN', 'IN_BYTES', 'FLOW_DURATION_MILLISECONDS', 'RETRANSMITTED_IN_PKTS')",0.506058696724,0.237227269545,"('MIN_IP_PKT_LEN', 'MAX_TTL', 'MIN_TTL', 'SERVER_TCP_FLAGS', 'SHORTEST_FLOW_PKT')",0,0,0.0855279962263,0.182450299187
58,pilot_059,86bc8fb636d387a6,deterministic_text,DoS,Benign,logistic_regression,DoS log-odds,5,5,1,0.760910641561,18.4,3,35,"('L4_DST_PORT', 'TCP_FLAGS', 'IN_PKTS', 'SRC_TO_DST_AVG_THROUGHPUT', 'FLOW_DURATION_MILLISECONDS')",5.16393500912,3.37221166733,"('SERVER_TCP_FLAGS', 'L7_PROTO', 'L4_DST_PORT', 'MIN_TTL', 'MAX_TTL')",0.2,0.111111111111,0.147350933003,0.225641423679
58,pilot_059,86bc8fb636d387a6,structured,DoS,Benign,logistic_regression,DoS log-odds,5,5,1,0.752763197684,24.8,2,44,"('IN_PKTS', 'FLOW_DURATION_MILLISECONDS', 'L4_SRC_PORT', 'IN_BYTES', 'L7_PROTO')",5.16393500912,3.37221166733,"('SERVER_TCP_FLAGS', 'L7_PROTO', 'L4_DST_PORT', 'MIN_TTL', 'MAX_TTL')",0.2,0.111111111111,0.145773174208,0.223225370156
58,pilot_059,86bc8fb636d387a6,deterministic_text,DoS,Benign,random_forest,DoS probability,5,5,0,0.0386192927056,21.2,14,29,"('L4_DST_PORT', 'TCP_FLAGS', 'IN_PKTS', 'SRC_TO_DST_AVG_THROUGHPUT', 'FLOW_DURATION_MILLISECONDS')",0.510930897697,0.239296100852,"('MIN_IP_PKT_LEN', 'SERVER_TCP_FLAGS', 'MIN_TTL', 'MAX_TTL', 'SHORTEST_FLOW_PKT')",0,0,0.0755861367548,0.161387053814
58,pilot_059,86bc8fb636d387a6,structured,DoS,Benign,random_forest,DoS probability,5,5,0,0.0427887438396,20.6,9,35,"('IN_PKTS', 'FLOW_DURATION_MILLISECONDS', 'L4_SRC_PORT', 'IN_BYTES', 'L7_PROTO')",0.510930897697,0.239296100852,"('MIN_IP_PKT_LEN', 'SERVER_TCP_FLAGS', 'MIN_TTL', 'MAX_TTL', 'SHORTEST_FLOW_PKT')",0,0,0.0837466358611,0.178810869409
59,pilot_060,ceb5f40cddd2e791,deterministic_text,Benign,DoS,logistic_regression,DoS log-odds,5,5,2,1.63888435687,19,3,36,"('TCP_FLAGS', 'RETRANSMITTED_OUT_PKTS', 'FLOW_DURATION_MILLISECONDS', 'MIN_TTL', 'DST_TO_SRC_AVG_THROUGHPUT')",6.55978972998,4.32544498599,"('SERVER_TCP_FLAGS', 'MIN_IP_PKT_LEN', 'DST_TO_SRC_AVG_THROUGHPUT', 'MIN_TTL', 'MAX_TTL')",0.4,0.25,0.249837940594,0.378893816052
59,pilot_060,ceb5f40cddd2e791,structured,Benign,DoS,logistic_regression,DoS log-odds,5,5,1,0.955241072268,21,3,36,"('TCP_FLAGS', 'FLOW_DURATION_MILLISECONDS', 'RETRANSMITTED_OUT_PKTS', 'ICMP_TYPE', 'DST_TO_SRC_AVG_THROUGHPUT')",6.55978972998,4.32544498599,"('SERVER_TCP_FLAGS', 'MIN_IP_PKT_LEN', 'DST_TO_SRC_AVG_THROUGHPUT', 'MIN_TTL', 'MAX_TTL')",0.2,0.111111111111,0.145620684746,0.220842266024
59,pilot_060,ceb5f40cddd2e791,deterministic_text,Benign,DoS,random_forest,DoS probability,5,5,1,0.113669042728,11,3,25,"('TCP_FLAGS', 'RETRANSMITTED_OUT_PKTS', 'FLOW_DURATION_MILLISECONDS', 'MIN_TTL', 'DST_TO_SRC_AVG_THROUGHPUT')",0.508940374117,0.22728451747,"('MIN_IP_PKT_LEN', 'MAX_TTL', 'MIN_TTL', 'SERVER_TCP_FLAGS', 'SHORTEST_FLOW_PKT')",0.2,0.111111111111,0.223344518354,0.500117843457
59,pilot_060,ceb5f40cddd2e791,structured,Benign,DoS,random_forest,DoS probability,5,5,0,0.0668264020191,17.4,6,35,"('TCP_FLAGS', 'FLOW_DURATION_MILLISECONDS', 'RETRANSMITTED_OUT_PKTS', 'ICMP_TYPE', 'DST_TO_SRC_AVG_THROUGHPUT')",0.508940374117,0.22728451747,"('MIN_IP_PKT_LEN', 'MAX_TTL', 'MIN_TTL', 'SERVER_TCP_FLAGS', 'SHORTEST_FLOW_PKT')",0,0,0.131304972876,0.294020916
60,pilot_061,a50c863efb5ab9e6,deterministic_text,Benign,Benign,logistic_regression,DoS log-odds,5,5,0,0.181694485428,23.8,13,34,"('L4_DST_PORT', 'TCP_FLAGS', 'FLOW_DURATION_MILLISECONDS', 'IN_PKTS', 'OUT_BYTES')",6.49387631294,4.18379867407,"('MIN_IP_PKT_LEN', 'SERVER_TCP_FLAGS', 'L7_PROTO', 'MIN_TTL', 'MAX_TTL')",0,0,0.0279793572701,0.043428113918
60,pilot_061,a50c863efb5ab9e6,structured,Benign,Benign,logistic_regression,DoS log-odds,5,5,0,0.220213674301,22.6,13,39,"('L4_DST_PORT', 'IN_PKTS', 'OUT_PKTS', 'TCP_FLAGS', 'RETRANSMITTED_IN_PKTS')",6.49387631294,4.18379867407,"('MIN_IP_PKT_LEN', 'SERVER_TCP_FLAGS', 'L7_PROTO', 'MIN_TTL', 'MAX_TTL')",0,0,0.033910974538,0.0526348640209
60,pilot_061,a50c863efb5ab9e6,deterministic_text,Benign,Benign,random_forest,DoS probability,5,5,0,0.0532929842861,18,7,30,"('L4_DST_PORT', 'TCP_FLAGS', 'FLOW_DURATION_MILLISECONDS', 'IN_PKTS', 'OUT_BYTES')",0.515763809025,0.262062143496,"('MIN_IP_PKT_LEN', 'MAX_TTL', 'MIN_TTL', 'SHORTEST_FLOW_PKT', 'SERVER_TCP_FLAGS')",0,0,0.103328274209,0.203360102208
60,pilot_061,a50c863efb5ab9e6,structured,Benign,Benign,random_forest,DoS probability,5,5,0,0.064127868799,14.8,7,30,"('L4_DST_PORT', 'IN_PKTS', 'OUT_PKTS', 'TCP_FLAGS', 'RETRANSMITTED_IN_PKTS')",0.515763809025,0.262062143496,"('MIN_IP_PKT_LEN', 'MAX_TTL', 'MIN_TTL', 'SHORTEST_FLOW_PKT', 'SERVER_TCP_FLAGS')",0,0,0.124335728248,0.244704816741
61,pilot_062,fdef72496f09cd66,deterministic_text,Benign,Benign,logistic_regression,DoS log-odds,5,5,0,0.119240345247,28,16,38,"('TCP_FLAGS', 'OUT_PKTS', 'IN_PKTS', 'FLOW_DURATION_MILLISECONDS', 'RETRANSMITTED_IN_PKTS')",5.88913802331,4.12454714822,"('SERVER_TCP_FLAGS', 'MIN_IP_PKT_LEN', 'MIN_TTL', 'MAX_TTL', 'L7_PROTO')",0,0,0.0202475039259,0.0289099241594
61,pilot_062,fdef72496f09cd66,structured,Benign,DoS,logistic_regression,DoS log-odds,5,5,0,0.139114688152,25,15,37,"('RETRANSMITTED_IN_PKTS', 'FLOW_DURATION_MILLISECONDS', 'SRC_TO_DST_IAT_STDDEV', 'L4_DST_PORT', 'NUM_PKTS_UP_TO_128_BYTES')",5.88913802331,4.12454714822,"('SERVER_TCP_FLAGS', 'MIN_IP_PKT_LEN', 'MIN_TTL', 'MAX_TTL', 'L7_PROTO')",0,0,0.0236222495723,0.0337284756733
61,pilot_062,fdef72496f09cd66,deterministic_text,Benign,Benign,random_forest,DoS probability,5,5,0,0.0529215523239,16,9,24,"('TCP_FLAGS', 'OUT_PKTS', 'IN_PKTS', 'FLOW_DURATION_MILLISECONDS', 'RETRANSMITTED_IN_PKTS')",0.502325863468,0.237396433045,"('MIN_IP_PKT_LEN', 'MAX_TTL', 'MIN_TTL', 'SERVER_TCP_FLAGS', 'SHORTEST_FLOW_PKT')",0,0,0.105353031115,0.222924799859
61,pilot_062,fdef72496f09cd66,structured,Benign,DoS,random_forest,DoS probability,5,5,0,0.0379247794657,20.8,14,28,"('RETRANSMITTED_IN_PKTS', 'FLOW_DURATION_MILLISECONDS', 'SRC_TO_DST_IAT_STDDEV', 'L4_DST_PORT', 'NUM_PKTS_UP_TO_128_BYTES')",0.502325863468,0.237396433045,"('MIN_IP_PKT_LEN', 'MAX_TTL', 'MIN_TTL', 'SERVER_TCP_FLAGS', 'SHORTEST_FLOW_PKT')",0,0,0.075498361171,0.159752945649
62,pilot_063,160188c64f55a12d,deterministic_text,DoS,DoS,logistic_regression,DoS log-odds,5,5,2,1.8023692995,11.6,1,23,"('L4_DST_PORT', 'TCP_FLAGS', 'FTP_COMMAND_RET_CODE', 'RETRANSMITTED_IN_PKTS', 'MAX_TTL')",5.57373281717,3.61623568279,"('MAX_TTL', 'MIN_TTL', 'DST_TO_SRC_IAT_AVG', 'L4_DST_PORT', 'DST_TO_SRC_IAT_STDDEV')",0.4,0.25,0.323368442411,0.498410351981
62,pilot_063,160188c64f55a12d,structured,DoS,Benign,logistic_regression,DoS log-odds,5,5,1,0.353201904766,23.8,4,40,"('L4_DST_PORT', 'TCP_FLAGS', 'FLOW_DURATION_MILLISECONDS', 'IN_PKTS', 'SRC_TO_DST_IAT_AVG')",5.57373281717,3.61623568279,"('MAX_TTL', 'MIN_TTL', 'DST_TO_SRC_IAT_AVG', 'L4_DST_PORT', 'DST_TO_SRC_IAT_STDDEV')",0.2,0.111111111111,0.06336900536,0.097671151924
62,pilot_063,160188c64f55a12d,deterministic_text,DoS,DoS,random_forest,DoS probability,5,5,1,0.0750248416298,18.8,3,32,"('L4_DST_PORT', 'TCP_FLAGS', 'FTP_COMMAND_RET_CODE', 'RETRANSMITTED_IN_PKTS', 'MAX_TTL')",0.469727717469,0.229859819073,"('MIN_IP_PKT_LEN', 'MIN_TTL', 'MAX_TTL', 'SHORTEST_FLOW_PKT', 'DST_TO_SRC_AVG_THROUGHPUT')",0.2,0.111111111111,0.159719852245,0.326393894907
62,pilot_063,160188c64f55a12d,structured,DoS,Benign,random_forest,DoS probability,5,5,0,0.0496470459253,16.2,7,30,"('L4_DST_PORT', 'TCP_FLAGS', 'FLOW_DURATION_MILLISECONDS', 'IN_PKTS', 'SRC_TO_DST_IAT_AVG')",0.469727717469,0.229859819073,"('MIN_IP_PKT_LEN', 'MIN_TTL', 'MAX_TTL', 'SHORTEST_FLOW_PKT', 'DST_TO_SRC_AVG_THROUGHPUT')",0,0,0.105693243296,0.215988362497
63,pilot_064,3a1ba0964a7f5b81,deterministic_text,DoS,Benign,logistic_regression,DoS log-odds,5,5,0,0.133310389185,29.4,22,41,"('IN_PKTS', 'IN_BYTES', 'FLOW_DURATION_MILLISECONDS', 'L4_DST_PORT', 'RETRANSMITTED_IN_PKTS')",10.5680246068,8.00470987677,"('MIN_IP_PKT_LEN', 'MIN_TTL', 'MAX_TTL', 'TCP_WIN_MAX_IN', 'TCP_WIN_MAX_OUT')",0,0,0.0126145040483,0.0166539938658
63,pilot_064,3a1ba0964a7f5b81,structured,DoS,Benign,logistic_regression,DoS log-odds,5,5,0,0.103607569345,32.2,22,41,"('IN_PKTS', 'IN_BYTES', 'FLOW_DURATION_MILLISECONDS', 'OUT_PKTS', 'L4_DST_PORT')",10.5680246068,8.00470987677,"('MIN_IP_PKT_LEN', 'MIN_TTL', 'MAX_TTL', 'TCP_WIN_MAX_IN', 'TCP_WIN_MAX_OUT')",0,0,0.00980387283341,0.0129433259844
63,pilot_064,3a1ba0964a7f5b81,deterministic_text,DoS,Benign,random_forest,DoS probability,5,5,0,0.044978096421,18.6,10,30,"('IN_PKTS', 'IN_BYTES', 'FLOW_DURATION_MILLISECONDS', 'L4_DST_PORT', 'RETRANSMITTED_IN_PKTS')",0.565651577356,0.274987825542,"('MIN_IP_PKT_LEN', 'MAX_TTL', 'MIN_TTL', 'DST_TO_SRC_AVG_THROUGHPUT', 'OUT_BYTES')",0,0,0.0795155502461,0.163563955358
63,pilot_064,3a1ba0964a7f5b81,structured,DoS,Benign,random_forest,DoS probability,5,5,0,0.0602619479094,16.8,7,30,"('IN_PKTS', 'IN_BYTES', 'FLOW_DURATION_MILLISECONDS', 'OUT_PKTS', 'L4_DST_PORT')",0.565651577356,0.274987825542,"('MIN_IP_PKT_LEN', 'MAX_TTL', 'MIN_TTL', 'DST_TO_SRC_AVG_THROUGHPUT', 'OUT_BYTES')",0,0,0.106535454548,0.219144057707
64,pilot_065,0aebe57af883786a,deterministic_text,Benign,Benign,logistic_regression,DoS log-odds,5,5,0,0.341318515322,21.4,8,39,"('FTP_COMMAND_RET_CODE', 'L4_DST_PORT', 'IN_PKTS', 'FLOW_DURATION_MILLISECONDS', 'OUT_PKTS')",5.89223776718,3.56864439187,"('MIN_IP_PKT_LEN', 'L7_PROTO', 'MIN_TTL', 'MAX_TTL', 'SERVER_TCP_FLAGS')",0,0,0.0579268062167,0.0956437453111
64,pilot_065,0aebe57af883786a,structured,Benign,Benign,logistic_regression,DoS log-odds,5,5,0,0.387662086229,17,8,25,"('L4_DST_PORT', 'FTP_COMMAND_RET_CODE', 'IN_PKTS', 'FLOW_DURATION_MILLISECONDS', 'TCP_FLAGS')",5.89223776718,3.56864439187,"('MIN_IP_PKT_LEN', 'L7_PROTO', 'MIN_TTL', 'MAX_TTL', 'SERVER_TCP_FLAGS')",0,0,0.0657919964447,0.108630068917
64,pilot_065,0aebe57af883786a,deterministic_text,Benign,Benign,random_forest,DoS probability,5,5,0,0.0435194125444,20,11,29,"('FTP_COMMAND_RET_CODE', 'L4_DST_PORT', 'IN_PKTS', 'FLOW_DURATION_MILLISECONDS', 'OUT_PKTS')",0.515983394832,0.24371722671,"('MIN_IP_PKT_LEN', 'MAX_TTL', 'MIN_TTL', 'SHORTEST_FLOW_PKT', 'DST_TO_SRC_AVG_THROUGHPUT')",0,0,0.0843426609853,0.178565188566
64,pilot_065,0aebe57af883786a,structured,Benign,Benign,random_forest,DoS probability,5,5,0,0.0462289852548,19.4,11,29,"('L4_DST_PORT', 'FTP_COMMAND_RET_CODE', 'IN_PKTS', 'FLOW_DURATION_MILLISECONDS', 'TCP_FLAGS')",0.515983394832,0.24371722671,"('MIN_IP_PKT_LEN', 'MAX_TTL', 'MIN_TTL', 'SHORTEST_FLOW_PKT', 'DST_TO_SRC_AVG_THROUGHPUT')",0,0,0.0895939398784,0.189682879125
65,pilot_066,fc34c52396c54963,deterministic_text,Benign,Benign,logistic_regression,DoS log-odds,5,5,1,0.820924937578,22.2,3,30,"('L4_DST_PORT', 'DNS_QUERY_TYPE', 'IN_PKTS', 'L7_PROTO', 'MIN_TTL')",7.14335474143,4.76953660827,"('MIN_IP_PKT_LEN', 'MAX_TTL', 'MIN_TTL', 'DNS_TTL_ANSWER', 'TCP_WIN_MAX_IN')",0.2,0.111111111111,0.114921485394,0.172118384867
65,pilot_066,fc34c52396c54963,structured,Benign,Benign,logistic_regression,DoS log-odds,5,5,1,0.595463162333,24.8,4,41,"('L4_DST_PORT', 'IN_PKTS', 'DNS_QUERY_TYPE', 'DNS_TTL_ANSWER', 'IN_BYTES')",7.14335474143,4.76953660827,"('MIN_IP_PKT_LEN', 'MAX_TTL', 'MIN_TTL', 'DNS_TTL_ANSWER', 'TCP_WIN_MAX_IN')",0.2,0.111111111111,0.0833590356194,0.124847173057
65,pilot_066,fc34c52396c54963,deterministic_text,Benign,Benign,random_forest,DoS probability,5,5,1,0.129818199988,8,3,16,"('L4_DST_PORT', 'DNS_QUERY_TYPE', 'IN_PKTS', 'L7_PROTO', 'MIN_TTL')",0.547444239077,0.305878096221,"('MIN_IP_PKT_LEN', 'MAX_TTL', 'MIN_TTL', 'DST_TO_SRC_AVG_THROUGHPUT', 'SHORTEST_FLOW_PKT')",0.2,0.111111111111,0.237135018914,0.424411560004
65,pilot_066,fc34c52396c54963,structured,Benign,Benign,random_forest,DoS probability,5,5,0,0.0608660546929,14.8,6,31,"('L4_DST_PORT', 'IN_PKTS', 'DNS_QUERY_TYPE', 'DNS_TTL_ANSWER', 'IN_BYTES')",0.547444239077,0.305878096221,"('MIN_IP_PKT_LEN', 'MAX_TTL', 'MIN_TTL', 'DST_TO_SRC_AVG_THROUGHPUT', 'SHORTEST_FLOW_PKT')",0,0,0.111182199662,0.19898794796
66,pilot_067,abb588d90ecc864a,deterministic_text,Benign,Benign,logistic_regression,DoS log-odds,5,5,0,0.280077008853,21,10,36,"('IN_PKTS', 'FLOW_DURATION_MILLISECONDS', 'SRC_TO_DST_AVG_THROUGHPUT', 'PROTOCOL', 'TCP_FLAGS')",5.7183005132,3.73249878409,"('SERVER_TCP_FLAGS', 'MIN_IP_PKT_LEN', 'MIN_TTL', 'MAX_TTL', 'TCP_WIN_MAX_IN')",0,0,0.0489790643577,0.07503740123
66,pilot_067,abb588d90ecc864a,structured,Benign,Benign,logistic_regression,DoS log-odds,5,5,0,0.0915462865626,31.6,20,39,"('IN_PKTS', 'IN_BYTES', 'FLOW_DURATION_MILLISECONDS', 'OUT_PKTS', 'TCP_FLAGS')",5.7183005132,3.73249878409,"('SERVER_TCP_FLAGS', 'MIN_IP_PKT_LEN', 'MIN_TTL', 'MAX_TTL', 'TCP_WIN_MAX_IN')",0,0,0.0160093521408,0.0245268094802
66,pilot_067,abb588d90ecc864a,deterministic_text,Benign,Benign,random_forest,DoS probability,5,5,0,0.0234357792963,26.8,14,43,"('IN_PKTS', 'FLOW_DURATION_MILLISECONDS', 'SRC_TO_DST_AVG_THROUGHPUT', 'PROTOCOL', 'TCP_FLAGS')",0.551015948425,0.303066594009,"('MIN_IP_PKT_LEN', 'MIN_TTL', 'MAX_TTL', 'SERVER_TCP_FLAGS', 'SHORTEST_FLOW_PKT')",0,0,0.0425319437001,0.0773288107616
66,pilot_067,abb588d90ecc864a,structured,Benign,Benign,random_forest,DoS probability,5,5,0,0.0223724379186,26.6,14,37,"('IN_PKTS', 'IN_BYTES', 'FLOW_DURATION_MILLISECONDS', 'OUT_PKTS', 'TCP_FLAGS')",0.551015948425,0.303066594009,"('MIN_IP_PKT_LEN', 'MIN_TTL', 'MAX_TTL', 'SERVER_TCP_FLAGS', 'SHORTEST_FLOW_PKT')",0,0,0.0406021603958,0.0738202044068
67,pilot_068,d3ce1789bbd7df6a,deterministic_text,Benign,Benign,logistic_regression,DoS log-odds,5,5,0,0.560961222098,17.4,6,35,"('L4_DST_PORT', 'FTP_COMMAND_RET_CODE', 'IN_PKTS', 'IN_BYTES', 'TCP_FLAGS')",5.72958020705,3.51708393244,"('MIN_IP_PKT_LEN', 'MIN_TTL', 'MAX_TTL', 'L7_PROTO', 'SERVER_TCP_FLAGS')",0,0,0.0979061644705,0.159496114643
67,pilot_068,d3ce1789bbd7df6a,structured,Benign,Benign,logistic_regression,DoS log-odds,5,5,1,1.14150624063,14.2,2,27,"('IN_PKTS', 'L4_DST_PORT', 'FTP_COMMAND_RET_CODE', 'FLOW_DURATION_MILLISECONDS', 'MIN_TTL')",5.72958020705,3.51708393244,"('MIN_IP_PKT_LEN', 'MIN_TTL', 'MAX_TTL', 'L7_PROTO', 'SERVER_TCP_FLAGS')",0.2,0.111111111111,0.199230344874,0.324560420666
67,pilot_068,d3ce1789bbd7df6a,deterministic_text,Benign,Benign,random_forest,DoS probability,5,5,0,0.0602082223871,17.4,10,34,"('L4_DST_PORT', 'FTP_COMMAND_RET_CODE', 'IN_PKTS', 'IN_BYTES', 'TCP_FLAGS')",0.547638331063,0.272998111854,"('MIN_IP_PKT_LEN', 'MAX_TTL', 'MIN_TTL', 'SHORTEST_FLOW_PKT', 'L7_PROTO')",0,0,0.109941578177,0.220544464495
67,pilot_068,d3ce1789bbd7df6a,structured,Benign,Benign,random_forest,DoS probability,5,5,1,0.108963652752,15.6,3,35,"('IN_PKTS', 'L4_DST_PORT', 'FTP_COMMAND_RET_CODE', 'FLOW_DURATION_MILLISECONDS', 'MIN_TTL')",0.547638331063,0.272998111854,"('MIN_IP_PKT_LEN', 'MAX_TTL', 'MIN_TTL', 'SHORTEST_FLOW_PKT', 'L7_PROTO')",0.2,0.111111111111,0.198970098642,0.39913701971
68,pilot_069,c2aa5f0f5408a80e,deterministic_text,Benign,DoS,logistic_regression,DoS log-odds,5,5,1,0.864838321945,21.4,4,37,"('FLOW_DURATION_MILLISECONDS', 'RETRANSMITTED_OUT_PKTS', 'NUM_PKTS_UP_TO_128_BYTES', 'SRC_TO_DST_IAT_AVG', 'MIN_TTL')",7.6990788326,5.30054860943,"('DST_TO_SRC_AVG_THROUGHPUT', 'SERVER_TCP_FLAGS', 'MIN_IP_PKT_LEN', 'MIN_TTL', 'MAX_TTL')",0.2,0.111111111111,0.112330103477,0.163160152971
68,pilot_069,c2aa5f0f5408a80e,structured,Benign,Benign,logistic_regression,DoS log-odds,5,5,0,0.120448977466,27.8,16,37,"('OUT_BYTES', 'IN_PKTS', 'FLOW_DURATION_MILLISECONDS', 'TCP_FLAGS', 'RETRANSMITTED_OUT_PKTS')",7.6990788326,5.30054860943,"('DST_TO_SRC_AVG_THROUGHPUT', 'SERVER_TCP_FLAGS', 'MIN_IP_PKT_LEN', 'MIN_TTL', 'MAX_TTL')",0,0,0.0156445959426,0.0227238699881
68,pilot_069,c2aa5f0f5408a80e,deterministic_text,Benign,DoS,random_forest,DoS probability,5,5,1,0.102165670566,10.2,3,15,"('FLOW_DURATION_MILLISECONDS', 'RETRANSMITTED_OUT_PKTS', 'NUM_PKTS_UP_TO_128_BYTES', 'SRC_TO_DST_IAT_AVG', 'MIN_TTL')",0.512496729124,0.234105771723,"('MIN_IP_PKT_LEN', 'MAX_TTL', 'MIN_TTL', 'SERVER_TCP_FLAGS', 'SHORTEST_FLOW_PKT')",0.2,0.111111111111,0.19934892217,0.436408166337
68,pilot_069,c2aa5f0f5408a80e,structured,Benign,Benign,random_forest,DoS probability,5,5,0,0.0629111514552,13.4,7,20,"('OUT_BYTES', 'IN_PKTS', 'FLOW_DURATION_MILLISECONDS', 'TCP_FLAGS', 'RETRANSMITTED_OUT_PKTS')",0.512496729124,0.234105771723,"('MIN_IP_PKT_LEN', 'MAX_TTL', 'MIN_TTL', 'SERVER_TCP_FLAGS', 'SHORTEST_FLOW_PKT')",0,0,0.122754249696,0.268729604538
69,pilot_070,520191617d401e93,deterministic_text,Benign,Benign,logistic_regression,DoS log-odds,5,5,0,0.361973158426,20.2,8,39,"('L4_DST_PORT', 'IN_PKTS', 'TCP_FLAGS', 'FLOW_DURATION_MILLISECONDS', 'FTP_COMMAND_RET_CODE')",5.2167566178,3.12394463329,"('MIN_IP_PKT_LEN', 'MIN_TTL', 'MAX_TTL', 'SERVER_TCP_FLAGS', 'DST_TO_SRC_AVG_THROUGHPUT')",0,0,0.0693866294608,0.115870542189
69,pilot_070,520191617d401e93,structured,Benign,Benign,logistic_regression,DoS log-odds,5,5,0,0.204470912195,28.2,8,39,"('L4_DST_PORT', 'IN_BYTES', 'FLOW_DURATION_MILLISECONDS', 'TCP_FLAGS', 'SRC_TO_DST_IAT_AVG')",5.2167566178,3.12394463329,"('MIN_IP_PKT_LEN', 'MIN_TTL', 'MAX_TTL', 'SERVER_TCP_FLAGS', 'DST_TO_SRC_AVG_THROUGHPUT')",0,0,0.0391950261773,0.0654527964473
69,pilot_070,520191617d401e93,deterministic_text,Benign,Benign,random_forest,DoS probability,5,5,0,0.0311169847173,22.4,17,28,"('L4_DST_PORT', 'IN_PKTS', 'TCP_FLAGS', 'FLOW_DURATION_MILLISECONDS', 'FTP_COMMAND_RET_CODE')",0.560422645703,0.31254541145,"('MIN_IP_PKT_LEN', 'MAX_TTL', 'MIN_TTL', 'SHORTEST_FLOW_PKT', 'SERVER_TCP_FLAGS')",0,0,0.0555241387119,0.0995598833878
69,pilot_070,520191617d401e93,structured,Benign,Benign,random_forest,DoS probability,5,5,0,0.0433826620908,19,8,28,"('L4_DST_PORT', 'IN_BYTES', 'FLOW_DURATION_MILLISECONDS', 'TCP_FLAGS', 'SRC_TO_DST_IAT_AVG')",0.560422645703,0.31254541145,"('MIN_IP_PKT_LEN', 'MAX_TTL', 'MIN_TTL', 'SHORTEST_FLOW_PKT', 'SERVER_TCP_FLAGS')",0,0,0.0774106157619,0.138804348109
70,pilot_071,8e157d4f6ae8a89e,deterministic_text,DoS,Benign,logistic_regression,DoS log-odds,5,5,1,0.673290815464,27.2,3,42,"('IN_PKTS', 'SRC_TO_DST_IAT_STDDEV', 'L4_DST_PORT', 'L4_SRC_PORT', 'TCP_FLAGS')",5.26777869207,3.37221166733,"('SERVER_TCP_FLAGS', 'L7_PROTO', 'L4_DST_PORT', 'MIN_TTL', 'MAX_TTL')",0.2,0.111111111111,0.127813041288,0.199658527366
70,pilot_071,8e157d4f6ae8a89e,structured,DoS,Benign,logistic_regression,DoS log-odds,5,5,2,1.13899954566,19.4,3,37,"('IN_PKTS', 'IN_BYTES', 'L4_DST_PORT', 'SRC_TO_DST_IAT_AVG', 'MIN_TTL')",5.26777869207,3.37221166733,"('SERVER_TCP_FLAGS', 'L7_PROTO', 'L4_DST_PORT', 'MIN_TTL', 'MAX_TTL')",0.4,0.25,0.21622008293,0.33776039526
70,pilot_071,8e157d4f6ae8a89e,deterministic_text,DoS,Benign,random_forest,DoS probability,5,5,0,0.0421107447062,21.6,7,35,"('IN_PKTS', 'SRC_TO_DST_IAT_STDDEV', 'L4_DST_PORT', 'L4_SRC_PORT', 'TCP_FLAGS')",0.510235125325,0.240222550535,"('MIN_IP_PKT_LEN', 'SERVER_TCP_FLAGS', 'MIN_TTL', 'MAX_TTL', 'SHORTEST_FLOW_PKT')",0,0,0.0825320379096,0.175298882692
70,pilot_071,8e157d4f6ae8a89e,structured,DoS,Benign,random_forest,DoS probability,5,5,1,0.0902105756999,14,3,24,"('IN_PKTS', 'IN_BYTES', 'L4_DST_PORT', 'SRC_TO_DST_IAT_AVG', 'MIN_TTL')",0.510235125325,0.240222550535,"('MIN_IP_PKT_LEN', 'SERVER_TCP_FLAGS', 'MIN_TTL', 'MAX_TTL', 'SHORTEST_FLOW_PKT')",0.2,0.111111111111,0.176801970743,0.37552917284
71,pilot_072,52aab509a7b69600,deterministic_text,Benign,DoS,logistic_regression,DoS log-odds,5,5,1,1.7682768222,24.2,1,44,"('RETRANSMITTED_OUT_PKTS', 'FLOW_DURATION_MILLISECONDS', 'DST_TO_SRC_AVG_THROUGHPUT', 'NUM_PKTS_UP_TO_128_BYTES', 'L4_DST_PORT')",7.2923609397,5.17764471587,"('DST_TO_SRC_AVG_THROUGHPUT', 'SERVER_TCP_FLAGS', 'MIN_IP_PKT_LEN', 'MIN_TTL', 'MAX_TTL')",0.2,0.111111111111,0.242483447655,0.341521467625
71,pilot_072,52aab509a7b69600,structured,Benign,DoS,logistic_regression,DoS log-odds,5,5,0,0.0815956323781,26.6,19,35,"('TCP_FLAGS', 'FLOW_DURATION_MILLISECONDS', 'SRC_TO_DST_IAT_AVG', 'NUM_PKTS_UP_TO_128_BYTES', 'RETRANSMITTED_OUT_PKTS')",7.2923609397,5.17764471587,"('DST_TO_SRC_AVG_THROUGHPUT', 'SERVER_TCP_FLAGS', 'MIN_IP_PKT_LEN', 'MIN_TTL', 'MAX_TTL')",0,0,0.0111891927803,0.0157592181109
71,pilot_072,52aab509a7b69600,deterministic_text,Benign,DoS,random_forest,DoS probability,5,5,0,0.0745170774664,16,6,32,"('RETRANSMITTED_OUT_PKTS', 'FLOW_DURATION_MILLISECONDS', 'DST_TO_SRC_AVG_THROUGHPUT', 'NUM_PKTS_UP_TO_128_BYTES', 'L4_DST_PORT')",0.509403634582,0.227520515218,"('MIN_IP_PKT_LEN', 'MAX_TTL', 'MIN_TTL', 'SERVER_TCP_FLAGS', 'SHORTEST_FLOW_PKT')",0,0,0.14628297171,0.327518058735
71,pilot_072,52aab509a7b69600,structured,Benign,DoS,random_forest,DoS probability,5,5,0,0.0650146834606,14,8,25,"('TCP_FLAGS', 'FLOW_DURATION_MILLISECONDS', 'SRC_TO_DST_IAT_AVG', 'NUM_PKTS_UP_TO_128_BYTES', 'RETRANSMITTED_OUT_PKTS')",0.509403634582,0.227520515218,"('MIN_IP_PKT_LEN', 'MAX_TTL', 'MIN_TTL', 'SERVER_TCP_FLAGS', 'SHORTEST_FLOW_PKT')",0,0,0.127629013707,0.285753060107
72,pilot_073,15bcf3545865663c,deterministic_text,Benign,Benign,logistic_regression,DoS log-odds,5,5,0,0.418752691965,18.2,10,26,"('FTP_COMMAND_RET_CODE', 'L4_DST_PORT', 'IN_PKTS', 'TCP_FLAGS', 'FLOW_DURATION_MILLISECONDS')",6.08356498281,3.64596646586,"('MIN_IP_PKT_LEN', 'L7_PROTO', 'MIN_TTL', 'MAX_TTL', 'SERVER_TCP_FLAGS')",0,0,0.0688334378196,0.114853687187
72,pilot_073,15bcf3545865663c,structured,Benign,Benign,logistic_regression,DoS log-odds,5,5,0,0.229346751194,27.8,10,41,"('FLOW_DURATION_MILLISECONDS', 'L4_DST_PORT', 'IN_BYTES', 'TCP_FLAGS', 'OUT_PKTS')",6.08356498281,3.64596646586,"('MIN_IP_PKT_LEN', 'L7_PROTO', 'MIN_TTL', 'MAX_TTL', 'SERVER_TCP_FLAGS')",0,0,0.0376994002435,0.0629042404371
72,pilot_073,15bcf3545865663c,deterministic_text,Benign,Benign,random_forest,DoS probability,5,5,0,0.03837751639,22.2,10,30,"('FTP_COMMAND_RET_CODE', 'L4_DST_PORT', 'IN_PKTS', 'TCP_FLAGS', 'FLOW_DURATION_MILLISECONDS')",0.523442866378,0.265213196605,"('MIN_IP_PKT_LEN', 'MAX_TTL', 'MIN_TTL', 'SHORTEST_FLOW_PKT', 'DST_TO_SRC_AVG_THROUGHPUT')",0,0,0.073317488603,0.144704399635
72,pilot_073,15bcf3545865663c,structured,Benign,Benign,random_forest,DoS probability,5,5,0,0.0390768113359,23.2,10,44,"('FLOW_DURATION_MILLISECONDS', 'L4_DST_PORT', 'IN_BYTES', 'TCP_FLAGS', 'OUT_PKTS')",0.523442866378,0.265213196605,"('MIN_IP_PKT_LEN', 'MAX_TTL', 'MIN_TTL', 'SHORTEST_FLOW_PKT', 'DST_TO_SRC_AVG_THROUGHPUT')",0,0,0.0746534413704,0.147341127199
73,pilot_074,3038e2fd32cd7340,deterministic_text,DoS,Benign,logistic_regression,DoS log-odds,5,5,1,1.83094646089,21.2,1,41,"('IN_PKTS', 'IN_BYTES', 'SRC_TO_DST_AVG_THROUGHPUT', 'TCP_WIN_MAX_IN', 'RETRANSMITTED_IN_PKTS')",8.79575175998,5.90649005974,"('TCP_WIN_MAX_IN', 'TCP_WIN_MAX_OUT', 'MAX_TTL', 'MIN_TTL', 'NUM_PKTS_UP_TO_128_BYTES')",0.2,0.111111111111,0.208162589265,0.309988917677
73,pilot_074,3038e2fd32cd7340,structured,DoS,Benign,logistic_regression,DoS log-odds,5,5,0,0.344420259677,27.8,11,44,"('IN_BYTES', 'IN_PKTS', 'TCP_FLAGS', 'L4_SRC_PORT', 'SRC_TO_DST_AVG_THROUGHPUT')",8.79575175998,5.90649005974,"('TCP_WIN_MAX_IN', 'TCP_WIN_MAX_OUT', 'MAX_TTL', 'MIN_TTL', 'NUM_PKTS_UP_TO_128_BYTES')",0,0,0.0391575693671,0.0583121712207
73,pilot_074,3038e2fd32cd7340,deterministic_text,DoS,Benign,random_forest,DoS probability,5,5,0,0.0475485756393,18.4,11,26,"('IN_PKTS', 'IN_BYTES', 'SRC_TO_DST_AVG_THROUGHPUT', 'TCP_WIN_MAX_IN', 'RETRANSMITTED_IN_PKTS')",0.514884268719,0.236071882606,"('MIN_TTL', 'MAX_TTL', 'MIN_IP_PKT_LEN', 'SHORTEST_FLOW_PKT', 'DST_TO_SRC_AVG_THROUGHPUT')",0,0,0.0923480838861,0.201415666764
73,pilot_074,3038e2fd32cd7340,structured,DoS,Benign,random_forest,DoS probability,5,5,0,0.0397966307936,22,11,38,"('IN_BYTES', 'IN_PKTS', 'TCP_FLAGS', 'L4_SRC_PORT', 'SRC_TO_DST_AVG_THROUGHPUT')",0.514884268719,0.236071882606,"('MIN_TTL', 'MAX_TTL', 'MIN_IP_PKT_LEN', 'SHORTEST_FLOW_PKT', 'DST_TO_SRC_AVG_THROUGHPUT')",0,0,0.0772923804657,0.168578444643
74,pilot_075,5f99af81018ae167,deterministic_text,DoS,Benign,logistic_regression,DoS log-odds,5,5,0,0.730089120614,18.8,7,37,"('FTP_COMMAND_RET_CODE', 'RETRANSMITTED_IN_PKTS', 'L4_DST_PORT', 'IN_PKTS', 'FLOW_DURATION_MILLISECONDS')",6.40240573771,2.96942706827,"('DST_TO_SRC_IAT_AVG', 'DST_TO_SRC_IAT_STDDEV', 'MIN_TTL', 'MAX_TTL', 'DURATION_OUT')",0,0,0.114033560278,0.245868682351
74,pilot_075,5f99af81018ae167,structured,DoS,Benign,logistic_regression,DoS log-odds,5,5,0,0.81430730124,16,7,23,"('FTP_COMMAND_RET_CODE', 'L4_DST_PORT', 'IN_PKTS', 'FLOW_DURATION_MILLISECONDS', 'TCP_FLAGS')",6.40240573771,2.96942706827,"('DST_TO_SRC_IAT_AVG', 'DST_TO_SRC_IAT_STDDEV', 'MIN_TTL', 'MAX_TTL', 'DURATION_OUT')",0,0,0.127187706403,0.274230443287
74,pilot_075,5f99af81018ae167,deterministic_text,DoS,Benign,random_forest,DoS probability,5,5,0,0.0324891563714,24.4,13,34,"('FTP_COMMAND_RET_CODE', 'RETRANSMITTED_IN_PKTS', 'L4_DST_PORT', 'IN_PKTS', 'FLOW_DURATION_MILLISECONDS')",0.527999302634,0.246384668029,"('MIN_TTL', 'SHORTEST_FLOW_PKT', 'MIN_IP_PKT_LEN', 'MAX_TTL', 'SRC_TO_DST_IAT_AVG')",0,0,0.061532574398,0.131863547482
74,pilot_075,5f99af81018ae167,structured,DoS,Benign,random_forest,DoS probability,5,5,0,0.0295146543791,25.4,13,34,"('FTP_COMMAND_RET_CODE', 'L4_DST_PORT', 'IN_PKTS', 'FLOW_DURATION_MILLISECONDS', 'TCP_FLAGS')",0.527999302634,0.246384668029,"('MIN_TTL', 'SHORTEST_FLOW_PKT', 'MIN_IP_PKT_LEN', 'MAX_TTL', 'SRC_TO_DST_IAT_AVG')",0,0,0.0558990404568,0.119790953776
75,pilot_076,1ecc3866d9a66aad,deterministic_text,DoS,Benign,logistic_regression,DoS log-odds,5,5,0,0.0584971002872,30.8,16,42,"('IN_PKTS', 'L4_DST_PORT', 'IN_BYTES', 'FLOW_DURATION_MILLISECONDS', 'OUT_PKTS')",5.81492082146,4.32218637209,"('MAX_TTL', 'MIN_TTL', 'SERVER_TCP_FLAGS', 'DST_TO_SRC_IAT_AVG', 'DST_TO_SRC_AVG_THROUGHPUT')",0,0,0.0100598274823,0.0135341457428
75,pilot_076,1ecc3866d9a66aad,structured,DoS,DoS,logistic_regression,DoS log-odds,5,5,0,0.249488411541,24,10,43,"('RETRANSMITTED_IN_PKTS', 'TCP_FLAGS', 'SRC_TO_DST_IAT_STDDEV', 'SRC_TO_DST_AVG_THROUGHPUT', 'L4_DST_PORT')",5.81492082146,4.32218637209,"('MAX_TTL', 'MIN_TTL', 'SERVER_TCP_FLAGS', 'DST_TO_SRC_IAT_AVG', 'DST_TO_SRC_AVG_THROUGHPUT')",0,0,0.0429048682177,0.0577227333722
75,pilot_076,1ecc3866d9a66aad,deterministic_text,DoS,Benign,random_forest,DoS probability,5,5,0,0.0301831541493,24.4,13,36,"('IN_PKTS', 'L4_DST_PORT', 'IN_BYTES', 'FLOW_DURATION_MILLISECONDS', 'OUT_PKTS')",0.508914175321,0.237535452327,"('MIN_IP_PKT_LEN', 'MAX_TTL', 'MIN_TTL', 'SERVER_TCP_FLAGS', 'SHORTEST_FLOW_PKT')",0,0,0.0593089279352,0.127067997024
75,pilot_076,1ecc3866d9a66aad,structured,DoS,DoS,random_forest,DoS probability,5,5,0,0.0472437607312,19.8,9,36,"('RETRANSMITTED_IN_PKTS', 'TCP_FLAGS', 'SRC_TO_DST_IAT_STDDEV', 'SRC_TO_DST_AVG_THROUGHPUT', 'L4_DST_PORT')",0.508914175321,0.237535452327,"('MIN_IP_PKT_LEN', 'MAX_TTL', 'MIN_TTL', 'SERVER_TCP_FLAGS', 'SHORTEST_FLOW_PKT')",0,0,0.0928324716077,0.198891408707
76,pilot_077,3ba039327f98fd91,deterministic_text,Benign,Benign,logistic_regression,DoS log-odds,5,5,0,0.15928498384,26.2,14,37,"('TCP_FLAGS', 'FLOW_DURATION_MILLISECONDS', 'IN_PKTS', 'CLIENT_TCP_FLAGS', 'OUT_BYTES')",6.18247755769,3.82791395389,"('SERVER_TCP_FLAGS', 'MIN_IP_PKT_LEN', 'MIN_TTL', 'MAX_TTL', 'LONGEST_FLOW_PKT')",0,0,0.0257639404841,0.0416114326913
76,pilot_077,3ba039327f98fd91,structured,Benign,Benign,logistic_regression,DoS log-odds,5,5,1,0.825094578705,24,3,39,"('IN_PKTS', 'FLOW_DURATION_MILLISECONDS', 'NUM_PKTS_1024_TO_1514_BYTES', 'MIN_TTL', 'OUT_PKTS')",6.18247755769,3.82791395389,"('SERVER_TCP_FLAGS', 'MIN_IP_PKT_LEN', 'MIN_TTL', 'MAX_TTL', 'LONGEST_FLOW_PKT')",0.2,0.111111111111,0.133456946832,0.215546793539
76,pilot_077,3ba039327f98fd91,deterministic_text,Benign,Benign,random_forest,DoS probability,5,5,0,0.0524830991347,18.2,7,33,"('TCP_FLAGS', 'FLOW_DURATION_MILLISECONDS', 'IN_PKTS', 'CLIENT_TCP_FLAGS', 'OUT_BYTES')",0.539040806571,0.254879163657,"('MIN_IP_PKT_LEN', 'MAX_TTL', 'MIN_TTL', 'SERVER_TCP_FLAGS', 'SHORTEST_FLOW_PKT')",0,0,0.0973638702207,0.205913650931
76,pilot_077,3ba039327f98fd91,structured,Benign,Benign,random_forest,DoS probability,5,5,1,0.0782984967846,20.2,3,33,"('IN_PKTS', 'FLOW_DURATION_MILLISECONDS', 'NUM_PKTS_1024_TO_1514_BYTES', 'MIN_TTL', 'OUT_PKTS')",0.539040806571,0.254879163657,"('MIN_IP_PKT_LEN', 'MAX_TTL', 'MIN_TTL', 'SERVER_TCP_FLAGS', 'SHORTEST_FLOW_PKT')",0.2,0.111111111111,0.145255230829,0.30719850011
77,pilot_078,c272f3b31a091b3b,deterministic_text,DoS,Benign,logistic_regression,DoS log-odds,5,5,0,0.324697448887,25.4,11,41,"('IN_PKTS', 'IN_BYTES', 'L4_DST_PORT', 'PROTOCOL', 'FLOW_DURATION_MILLISECONDS')",10.5016770304,7.51632082151,"('MIN_IP_PKT_LEN', 'MIN_TTL', 'MAX_TTL', 'TCP_WIN_MAX_IN', 'TCP_WIN_MAX_OUT')",0,0,0.0309186283246,0.0431989874564
77,pilot_078,c272f3b31a091b3b,structured,DoS,DoS,logistic_regression,DoS log-odds,5,5,1,1.6682483792,14.6,2,25,"('MIN_TTL', 'OUT_PKTS', 'PROTOCOL', 'FLOW_DURATION_MILLISECONDS', 'LONGEST_FLOW_PKT')",10.5016770304,7.51632082151,"('MIN_IP_PKT_LEN', 'MIN_TTL', 'MAX_TTL', 'TCP_WIN_MAX_IN', 'TCP_WIN_MAX_OUT')",0.2,0.111111111111,0.158855426079,0.221950129434
77,pilot_078,c272f3b31a091b3b,deterministic_text,DoS,Benign,random_forest,DoS probability,5,5,0,0.0404373046897,22.4,12,37,"('IN_PKTS', 'IN_BYTES', 'L4_DST_PORT', 'PROTOCOL', 'FLOW_DURATION_MILLISECONDS')",0.560924689753,0.249715182029,"('MIN_TTL', 'MAX_TTL', 'MIN_IP_PKT_LEN', 'DST_TO_SRC_AVG_THROUGHPUT', 'OUT_PKTS')",0,0,0.072090434649,0.161933705276
77,pilot_078,c272f3b31a091b3b,structured,DoS,DoS,random_forest,DoS probability,5,5,2,0.110968788876,16.8,1,37,"('MIN_TTL', 'OUT_PKTS', 'PROTOCOL', 'FLOW_DURATION_MILLISECONDS', 'LONGEST_FLOW_PKT')",0.560924689753,0.249715182029,"('MIN_TTL', 'MAX_TTL', 'MIN_IP_PKT_LEN', 'DST_TO_SRC_AVG_THROUGHPUT', 'OUT_PKTS')",0.4,0.25,0.197831885284,0.444381426771
79,pilot_080,564e287027e59073,deterministic_text,Benign,Benign,logistic_regression,DoS log-odds,5,5,0,0.225088322797,28.8,9,44,"('FTP_COMMAND_RET_CODE', 'TCP_FLAGS', 'IN_PKTS', 'L4_DST_PORT', 'RETRANSMITTED_OUT_PKTS')",5.87673899492,3.57851621823,"('MIN_IP_PKT_LEN', 'MIN_TTL', 'MAX_TTL', 'L7_PROTO', 'SERVER_TCP_FLAGS')",0,0,0.0383015687768,0.0628999029403
79,pilot_080,564e287027e59073,structured,Benign,Benign,logistic_regression,DoS log-odds,5,5,0,0.0391992538369,36.8,22,44,"('IN_PKTS', 'IN_BYTES', 'FLOW_DURATION_MILLISECONDS', 'SRC_TO_DST_AVG_THROUGHPUT', 'FTP_COMMAND_RET_CODE')",5.87673899492,3.57851621823,"('MIN_IP_PKT_LEN', 'MIN_TTL', 'MAX_TTL', 'L7_PROTO', 'SERVER_TCP_FLAGS')",0,0,0.00667023903405,0.0109540523073
79,pilot_080,564e287027e59073,deterministic_text,Benign,Benign,random_forest,DoS probability,5,5,0,0.04323915334,20.8,12,33,"('FTP_COMMAND_RET_CODE', 'TCP_FLAGS', 'IN_PKTS', 'L4_DST_PORT', 'RETRANSMITTED_OUT_PKTS')",0.523370034809,0.231891454843,"('MIN_IP_PKT_LEN', 'MAX_TTL', 'MIN_TTL', 'SHORTEST_FLOW_PKT', 'DST_TO_SRC_AVG_THROUGHPUT')",0,0,0.0826167920672,0.186462900797
79,pilot_080,564e287027e59073,structured,Benign,Benign,random_forest,DoS probability,5,5,0,0.0369453988571,23.4,16,33,"('IN_PKTS', 'IN_BYTES', 'FLOW_DURATION_MILLISECONDS', 'SRC_TO_DST_AVG_THROUGHPUT', 'FTP_COMMAND_RET_CODE')",0.523370034809,0.231891454843,"('MIN_IP_PKT_LEN', 'MAX_TTL', 'MIN_TTL', 'SHORTEST_FLOW_PKT', 'DST_TO_SRC_AVG_THROUGHPUT')",0,0,0.0705913529623,0.159321950358
80,pilot_081,6248c6b2180a2771,deterministic_text,Benign,Benign,logistic_regression,DoS log-odds,5,5,0,0.266049220882,25.6,11,37,"('L4_DST_PORT', 'PROTOCOL', 'IN_PKTS', 'OUT_BYTES', 'DNS_QUERY_TYPE')",8.14262873602,4.97156597713,"('MIN_IP_PKT_LEN', 'MAX_TTL', 'MIN_TTL', 'TCP_WIN_MAX_IN', 'TCP_WIN_MAX_OUT')",0,0,0.0326736278305,0.0535141687963
80,pilot_081,6248c6b2180a2771,structured,Benign,Benign,logistic_regression,DoS log-odds,5,5,0,0.273699370297,25.4,11,41,"('L4_DST_PORT', 'IN_PKTS', 'OUT_PKTS', 'IN_BYTES', 'DNS_QUERY_TYPE')",8.14262873602,4.97156597713,"('MIN_IP_PKT_LEN', 'MAX_TTL', 'MIN_TTL', 'TCP_WIN_MAX_IN', 'TCP_WIN_MAX_OUT')",0,0,0.0336131462173,0.055052949424
80,pilot_081,6248c6b2180a2771,deterministic_text,Benign,Benign,random_forest,DoS probability,5,5,0,0.0584428131685,18.2,6,36,"('L4_DST_PORT', 'PROTOCOL', 'IN_PKTS', 'OUT_BYTES', 'DNS_QUERY_TYPE')",0.549445277246,0.324534255287,"('MIN_TTL', 'MIN_IP_PKT_LEN', 'MAX_TTL', 'DST_TO_SRC_AVG_THROUGHPUT', 'SHORTEST_FLOW_PKT')",0,0,0.106366940601,0.180082109104
80,pilot_081,6248c6b2180a2771,structured,Benign,Benign,random_forest,DoS probability,5,5,0,0.0622004672064,15.6,6,25,"('L4_DST_PORT', 'IN_PKTS', 'OUT_PKTS', 'IN_BYTES', 'DNS_QUERY_TYPE')",0.549445277246,0.324534255287,"('MIN_TTL', 'MIN_IP_PKT_LEN', 'MAX_TTL', 'DST_TO_SRC_AVG_THROUGHPUT', 'SHORTEST_FLOW_PKT')",0,0,0.113205936573,0.191660714372
81,pilot_082,d9f22f5e128f9ea2,deterministic_text,DoS,Benign,logistic_regression,DoS log-odds,5,5,1,0.765065258084,20.8,2,43,"('IN_PKTS', 'IN_BYTES', 'FLOW_DURATION_MILLISECONDS', 'TCP_FLAGS', 'MIN_TTL')",5.98385137255,2.9323163408,"('TCP_WIN_MAX_IN', 'MIN_TTL', 'MAX_TTL', 'TCP_WIN_MAX_OUT', 'MIN_IP_PKT_LEN')",0.2,0.111111111111,0.127854990114,0.260908159
81,pilot_082,d9f22f5e128f9ea2,structured,DoS,Benign,logistic_regression,DoS log-odds,5,5,0,0.508924149361,22,8,40,"('TCP_FLAGS', 'IN_PKTS', 'OUT_PKTS', 'FLOW_DURATION_MILLISECONDS', 'L4_DST_PORT')",5.98385137255,2.9323163408,"('TCP_WIN_MAX_IN', 'MIN_TTL', 'MAX_TTL', 'TCP_WIN_MAX_OUT', 'MIN_IP_PKT_LEN')",0,0,0.0850495972703,0.173557041674
81,pilot_082,d9f22f5e128f9ea2,deterministic_text,DoS,Benign,random_forest,DoS probability,5,5,1,0.0684820346717,18.8,4,29,"('IN_PKTS', 'IN_BYTES', 'FLOW_DURATION_MILLISECONDS', 'TCP_FLAGS', 'MIN_TTL')",0.509763763645,0.235418723171,"('MIN_IP_PKT_LEN', 'MAX_TTL', 'SHORTEST_FLOW_PKT', 'MIN_TTL', 'DST_TO_SRC_AVG_THROUGHPUT')",0.2,0.111111111111,0.134340727128,0.290894597292
81,pilot_082,d9f22f5e128f9ea2,structured,DoS,Benign,random_forest,DoS probability,5,5,0,0.0339072193183,21.6,14,29,"('TCP_FLAGS', 'IN_PKTS', 'OUT_PKTS', 'FLOW_DURATION_MILLISECONDS', 'L4_DST_PORT')",0.509763763645,0.235418723171,"('MIN_IP_PKT_LEN', 'MAX_TTL', 'SHORTEST_FLOW_PKT', 'MIN_TTL', 'DST_TO_SRC_AVG_THROUGHPUT')",0,0,0.0665155543342,0.144029407949
82,pilot_083,e6b7ec56052eb5a5,deterministic_text,Benign,Benign,logistic_regression,DoS log-odds,5,5,1,0.854065988915,23.6,4,38,"('L4_DST_PORT', 'IN_BYTES', 'FLOW_DURATION_MILLISECONDS', 'TCP_FLAGS', 'MAX_TTL')",6.17550940999,4.18174610995,"('SERVER_TCP_FLAGS', 'MIN_IP_PKT_LEN', 'MIN_TTL', 'MAX_TTL', 'L7_PROTO')",0.2,0.111111111111,0.138298872565,0.204236691195
82,pilot_083,e6b7ec56052eb5a5,structured,Benign,Benign,logistic_regression,DoS log-odds,5,5,0,0.146238237765,26.6,15,38,"('IN_PKTS', 'IN_BYTES', 'TCP_FLAGS', 'FLOW_DURATION_MILLISECONDS', 'L4_DST_PORT')",6.17550940999,4.18174610995,"('SERVER_TCP_FLAGS', 'MIN_IP_PKT_LEN', 'MIN_TTL', 'MAX_TTL', 'L7_PROTO')",0,0,0.0236803521873,0.0349706160823
82,pilot_083,e6b7ec56052eb5a5,deterministic_text,Benign,Benign,random_forest,DoS probability,5,5,1,0.080934417765,18.6,2,30,"('L4_DST_PORT', 'IN_BYTES', 'FLOW_DURATION_MILLISECONDS', 'TCP_FLAGS', 'MAX_TTL')",0.501582951775,0.232456261514,"('MIN_IP_PKT_LEN', 'MAX_TTL', 'MIN_TTL', 'SERVER_TCP_FLAGS', 'SHORTEST_FLOW_PKT')",0.2,0.111111111111,0.161357991691,0.348170521361
82,pilot_083,e6b7ec56052eb5a5,structured,Benign,Benign,random_forest,DoS probability,5,5,0,0.0427523655261,20.6,12,30,"('IN_PKTS', 'IN_BYTES', 'TCP_FLAGS', 'FLOW_DURATION_MILLISECONDS', 'L4_DST_PORT')",0.501582951775,0.232456261514,"('MIN_IP_PKT_LEN', 'MAX_TTL', 'MIN_TTL', 'SERVER_TCP_FLAGS', 'SHORTEST_FLOW_PKT')",0,0,0.0852348856251,0.18391574074
83,pilot_084,f1126427cfbba367,deterministic_text,DoS,Benign,logistic_regression,DoS log-odds,5,5,2,2.00927812922,14.8,2,35,"('TCP_FLAGS', 'L4_DST_PORT', 'OUT_PKTS', 'FLOW_DURATION_MILLISECONDS', 'MIN_TTL')",6.63268909613,4.76956485163,"('MAX_TTL', 'MIN_TTL', 'SERVER_TCP_FLAGS', 'L7_PROTO', 'L4_DST_PORT')",0.4,0.25,0.302935672108,0.421270743081
83,pilot_084,f1126427cfbba367,structured,DoS,Benign,logistic_regression,DoS log-odds,5,5,1,0.762568362402,18.2,5,37,"('L4_DST_PORT', 'IN_PKTS', 'FLOW_DURATION_MILLISECONDS', 'IN_BYTES', 'SRC_TO_DST_AVG_THROUGHPUT')",6.63268909613,4.76956485163,"('MAX_TTL', 'MIN_TTL', 'SERVER_TCP_FLAGS', 'L7_PROTO', 'L4_DST_PORT')",0.2,0.111111111111,0.114971220775,0.159882166639
83,pilot_084,f1126427cfbba367,deterministic_text,DoS,Benign,random_forest,DoS probability,5,5,1,0.08636618099,15,3,25,"('TCP_FLAGS', 'L4_DST_PORT', 'OUT_PKTS', 'FLOW_DURATION_MILLISECONDS', 'MIN_TTL')",0.504027133835,0.244667097023,"('MIN_IP_PKT_LEN', 'MAX_TTL', 'MIN_TTL', 'SHORTEST_FLOW_PKT', 'SERVER_TCP_FLAGS')",0.2,0.111111111111,0.171352245132,0.35299466925
83,pilot_084,f1126427cfbba367,structured,DoS,Benign,random_forest,DoS probability,5,5,0,0.0425425103745,19.8,14,26,"('L4_DST_PORT', 'IN_PKTS', 'FLOW_DURATION_MILLISECONDS', 'IN_BYTES', 'SRC_TO_DST_AVG_THROUGHPUT')",0.504027133835,0.244667097023,"('MIN_IP_PKT_LEN', 'MAX_TTL', 'MIN_TTL', 'SHORTEST_FLOW_PKT', 'SERVER_TCP_FLAGS')",0,0,0.0844051986861,0.173879164351
84,pilot_085,4178799eaa92ed02,deterministic_text,DoS,Benign,logistic_regression,DoS log-odds,5,5,1,0.656187302558,22,3,36,"('OUT_PKTS', 'IN_PKTS', 'L4_DST_PORT', 'RETRANSMITTED_IN_PKTS', 'FLOW_DURATION_MILLISECONDS')",5.30457835083,3.25741498587,"('SERVER_TCP_FLAGS', 'L7_PROTO', 'L4_DST_PORT', 'MIN_TTL', 'MAX_TTL')",0.2,0.111111111111,0.123702066245,0.201444183626
84,pilot_085,4178799eaa92ed02,structured,DoS,Benign,logistic_regression,DoS log-odds,5,5,1,0.581095775135,21,4,39,"('TCP_FLAGS', 'IN_PKTS', 'IN_BYTES', 'MIN_TTL', 'FLOW_DURATION_MILLISECONDS')",5.30457835083,3.25741498587,"('SERVER_TCP_FLAGS', 'L7_PROTO', 'L4_DST_PORT', 'MIN_TTL', 'MAX_TTL')",0.2,0.111111111111,0.109546082026,0.178391693308
84,pilot_085,4178799eaa92ed02,deterministic_text,DoS,Benign,random_forest,DoS probability,5,5,0,0.0380900274368,21.8,17,27,"('OUT_PKTS', 'IN_PKTS', 'L4_DST_PORT', 'RETRANSMITTED_IN_PKTS', 'FLOW_DURATION_MILLISECONDS')",0.542441116873,0.256560886291,"('MIN_IP_PKT_LEN', 'SHORTEST_FLOW_PKT', 'SERVER_TCP_FLAGS', 'MAX_TTL', 'MIN_TTL')",0,0,0.0702196538056,0.148463890921
84,pilot_085,4178799eaa92ed02,structured,DoS,Benign,random_forest,DoS probability,5,5,1,0.0715487995298,20.6,5,28,"('TCP_FLAGS', 'IN_PKTS', 'IN_BYTES', 'MIN_TTL', 'FLOW_DURATION_MILLISECONDS')",0.542441116873,0.256560886291,"('MIN_IP_PKT_LEN', 'SHORTEST_FLOW_PKT', 'SERVER_TCP_FLAGS', 'MAX_TTL', 'MIN_TTL')",0.2,0.111111111111,0.131901504706,0.27887649035
85,pilot_086,50bc6259456774aa,deterministic_text,Benign,Benign,logistic_regression,DoS log-odds,5,5,0,0.133349920422,28.2,17,41,"('IN_BYTES', 'IN_PKTS', 'FLOW_DURATION_MILLISECONDS', 'OUT_BYTES', 'TCP_FLAGS')",6.42156454097,4.12454714822,"('SERVER_TCP_FLAGS', 'MIN_IP_PKT_LEN', 'MIN_TTL', 'MAX_TTL', 'L7_PROTO')",0,0,0.020765955021,0.032330802784
85,pilot_086,50bc6259456774aa,structured,Benign,Benign,logistic_regression,DoS log-odds,5,5,1,0.876902558912,21.6,3,41,"('FLOW_DURATION_MILLISECONDS', 'IN_PKTS', 'TCP_FLAGS', 'IN_BYTES', 'MIN_TTL')",6.42156454097,4.12454714822,"('SERVER_TCP_FLAGS', 'MIN_IP_PKT_LEN', 'MIN_TTL', 'MAX_TTL', 'L7_PROTO')",0.2,0.111111111111,0.136555905234,0.212605778865
85,pilot_086,50bc6259456774aa,deterministic_text,Benign,Benign,random_forest,DoS probability,5,5,0,0.0455292003156,21.2,9,39,"('IN_BYTES', 'IN_PKTS', 'FLOW_DURATION_MILLISECONDS', 'OUT_BYTES', 'TCP_FLAGS')",0.522356359063,0.253640989364,"('MIN_IP_PKT_LEN', 'MAX_TTL', 'MIN_TTL', 'SHORTEST_FLOW_PKT', 'SERVER_TCP_FLAGS')",0,0,0.0871611870433,0.179502533994
85,pilot_086,50bc6259456774aa,structured,Benign,Benign,random_forest,DoS probability,5,5,1,0.0817128775348,20,3,39,"('FLOW_DURATION_MILLISECONDS', 'IN_PKTS', 'TCP_FLAGS', 'IN_BYTES', 'MIN_TTL')",0.522356359063,0.253640989364,"('MIN_IP_PKT_LEN', 'MAX_TTL', 'MIN_TTL', 'SHORTEST_FLOW_PKT', 'SERVER_TCP_FLAGS')",0.2,0.111111111111,0.156431287027,0.322159591553
86,pilot_087,c434b1a3d10d220e,deterministic_text,DoS,Benign,logistic_regression,DoS log-odds,5,5,0,0.101539846047,31.2,23,43,"('IN_PKTS', 'IN_BYTES', 'L4_DST_PORT', 'FLOW_DURATION_MILLISECONDS', 'RETRANSMITTED_IN_PKTS')",10.91499479,8.08010907746,"('MIN_IP_PKT_LEN', 'MIN_TTL', 'MAX_TTL', 'SHORTEST_FLOW_PKT', 'SRC_TO_DST_AVG_THROUGHPUT')",0,0,0.00930278465551,0.0125666429839
86,pilot_087,c434b1a3d10d220e,structured,DoS,DoS,logistic_regression,DoS log-odds,5,5,0,0.179578583427,27.6,14,41,"('L4_DST_PORT', 'OUT_PKTS', 'PROTOCOL', 'LONGEST_FLOW_PKT', 'FLOW_DURATION_MILLISECONDS')",10.91499479,8.08010907746,"('MIN_IP_PKT_LEN', 'MIN_TTL', 'MAX_TTL', 'SHORTEST_FLOW_PKT', 'SRC_TO_DST_AVG_THROUGHPUT')",0,0,0.0164524662524,0.0222247721789
86,pilot_087,c434b1a3d10d220e,deterministic_text,DoS,Benign,random_forest,DoS probability,5,5,0,0.0441993310578,17.4,9,25,"('IN_PKTS', 'IN_BYTES', 'L4_DST_PORT', 'FLOW_DURATION_MILLISECONDS', 'RETRANSMITTED_IN_PKTS')",0.580766496876,0.299766999465,"('MIN_IP_PKT_LEN', 'MAX_TTL', 'MIN_TTL', 'DST_TO_SRC_AVG_THROUGHPUT', 'OUT_PKTS')",0,0,0.0761051666987,0.147445619887
86,pilot_087,c434b1a3d10d220e,structured,DoS,DoS,random_forest,DoS probability,5,5,1,0.0597893631529,23,5,44,"('L4_DST_PORT', 'OUT_PKTS', 'PROTOCOL', 'LONGEST_FLOW_PKT', 'FLOW_DURATION_MILLISECONDS')",0.580766496876,0.299766999465,"('MIN_IP_PKT_LEN', 'MAX_TTL', 'MIN_TTL', 'DST_TO_SRC_AVG_THROUGHPUT', 'OUT_PKTS')",0.2,0.111111111111,0.102949056935,0.199452785863
87,pilot_088,5ab53aa70222254e,deterministic_text,DoS,Benign,logistic_regression,DoS log-odds,5,5,1,1.38495971006,24.2,2,40,"('L4_DST_PORT', 'IN_BYTES', 'IN_PKTS', 'FLOW_DURATION_MILLISECONDS', 'MIN_TTL')",6.44222473163,4.79619855254,"('MAX_TTL', 'MIN_TTL', 'SERVER_TCP_FLAGS', 'DST_TO_SRC_IAT_AVG', 'DST_TO_SRC_AVG_THROUGHPUT')",0.2,0.111111111111,0.214981589087,0.288761963227
87,pilot_088,5ab53aa70222254e,structured,DoS,Benign,logistic_regression,DoS log-odds,5,5,0,0.273031761283,20.2,10,36,"('L4_DST_PORT', 'TCP_FLAGS', 'IN_PKTS', 'SRC_TO_DST_AVG_THROUGHPUT', 'FLOW_DURATION_MILLISECONDS')",6.44222473163,4.79619855254,"('MAX_TTL', 'MIN_TTL', 'SERVER_TCP_FLAGS', 'DST_TO_SRC_IAT_AVG', 'DST_TO_SRC_AVG_THROUGHPUT')",0,0,0.0423815952807,0.0569267010722
87,pilot_088,5ab53aa70222254e,deterministic_text,DoS,Benign,random_forest,DoS probability,5,5,1,0.0757648635921,20,3,36,"('L4_DST_PORT', 'IN_BYTES', 'IN_PKTS', 'FLOW_DURATION_MILLISECONDS', 'MIN_TTL')",0.515795829381,0.244547339536,"('MIN_IP_PKT_LEN', 'MAX_TTL', 'MIN_TTL', 'SERVER_TCP_FLAGS', 'SHORTEST_FLOW_PKT')",0.2,0.111111111111,0.146889252058,0.30981675669
87,pilot_088,5ab53aa70222254e,structured,DoS,Benign,random_forest,DoS probability,5,5,0,0.0438579181492,22.2,7,36,"('L4_DST_PORT', 'TCP_FLAGS', 'IN_PKTS', 'SRC_TO_DST_AVG_THROUGHPUT', 'FLOW_DURATION_MILLISECONDS')",0.515795829381,0.244547339536,"('MIN_IP_PKT_LEN', 'MAX_TTL', 'MIN_TTL', 'SERVER_TCP_FLAGS', 'SHORTEST_FLOW_PKT')",0,0,0.0850296098785,0.179343264304
88,pilot_089,7a3ec8ec247005f7,deterministic_text,Benign,Benign,logistic_regression,DoS log-odds,5,5,0,0.387880823168,17,8,25,"('FTP_COMMAND_RET_CODE', 'TCP_FLAGS', 'L4_DST_PORT', 'IN_PKTS', 'FLOW_DURATION_MILLISECONDS')",5.3757137389,3.17785621201,"('MIN_IP_PKT_LEN', 'MIN_TTL', 'MAX_TTL', 'SERVER_TCP_FLAGS', 'DST_TO_SRC_IAT_AVG')",0,0,0.0721542928079,0.122057386266
88,pilot_089,7a3ec8ec247005f7,structured,Benign,Benign,logistic_regression,DoS log-odds,5,5,0,0.352564048181,21.4,8,42,"('FTP_COMMAND_RET_CODE', 'L4_DST_PORT', 'TCP_FLAGS', 'IN_BYTES', 'FLOW_DURATION_MILLISECONDS')",5.3757137389,3.17785621201,"('MIN_IP_PKT_LEN', 'MIN_TTL', 'MAX_TTL', 'SERVER_TCP_FLAGS', 'DST_TO_SRC_IAT_AVG')",0,0,0.0655846023997,0.110943990118
88,pilot_089,7a3ec8ec247005f7,deterministic_text,Benign,Benign,random_forest,DoS probability,5,5,0,0.0449639056502,19.4,10,28,"('FTP_COMMAND_RET_CODE', 'TCP_FLAGS', 'L4_DST_PORT', 'IN_PKTS', 'FLOW_DURATION_MILLISECONDS')",0.507427224397,0.24932590936,"('MIN_IP_PKT_LEN', 'MIN_TTL', 'MAX_TTL', 'SHORTEST_FLOW_PKT', 'DST_TO_SRC_AVG_THROUGHPUT')",0,0,0.0886115357796,0.180341889721
88,pilot_089,7a3ec8ec247005f7,structured,Benign,Benign,random_forest,DoS probability,5,5,0,0.0430295499765,21.2,10,37,"('FTP_COMMAND_RET_CODE', 'L4_DST_PORT', 'TCP_FLAGS', 'IN_BYTES', 'FLOW_DURATION_MILLISECONDS')",0.507427224397,0.24932590936,"('MIN_IP_PKT_LEN', 'MIN_TTL', 'MAX_TTL', 'SHORTEST_FLOW_PKT', 'DST_TO_SRC_AVG_THROUGHPUT')",0,0,0.0847994508526,0.172583547723
89,pilot_090,0369b05c64ed3972,deterministic_text,Benign,DoS,logistic_regression,DoS log-odds,5,5,1,0.787688767362,21.6,5,36,"('FLOW_DURATION_MILLISECONDS', 'DST_TO_SRC_AVG_THROUGHPUT', 'TCP_FLAGS', 'RETRANSMITTED_OUT_PKTS', 'NUM_PKTS_UP_TO_128_BYTES')",6.24787040207,4.17939418885,"('SERVER_TCP_FLAGS', 'MIN_IP_PKT_LEN', 'MIN_TTL', 'MAX_TTL', 'DST_TO_SRC_AVG_THROUGHPUT')",0.2,0.111111111111,0.126073160401,0.188469603911
89,pilot_090,0369b05c64ed3972,structured,Benign,Benign,logistic_regression,DoS log-odds,5,5,1,0.768656390813,27.2,4,36,"('TCP_FLAGS', 'RETRANSMITTED_OUT_PKTS', 'IN_PKTS', 'OUT_BYTES', 'MAX_TTL')",6.24787040207,4.17939418885,"('SERVER_TCP_FLAGS', 'MIN_IP_PKT_LEN', 'MIN_TTL', 'MAX_TTL', 'DST_TO_SRC_AVG_THROUGHPUT')",0.2,0.111111111111,0.123026942198,0.183915743785
89,pilot_090,0369b05c64ed3972,deterministic_text,Benign,DoS,random_forest,DoS probability,5,5,0,0.0829723789196,12,6,25,"('FLOW_DURATION_MILLISECONDS', 'DST_TO_SRC_AVG_THROUGHPUT', 'TCP_FLAGS', 'RETRANSMITTED_OUT_PKTS', 'NUM_PKTS_UP_TO_128_BYTES')",0.510154055668,0.228622353494,"('MIN_IP_PKT_LEN', 'MAX_TTL', 'MIN_TTL', 'SERVER_TCP_FLAGS', 'SHORTEST_FLOW_PKT')",0,0,0.162641809857,0.362923299719
89,pilot_090,0369b05c64ed3972,structured,Benign,Benign,random_forest,DoS probability,5,5,1,0.115729609286,8,2,12,"('TCP_FLAGS', 'RETRANSMITTED_OUT_PKTS', 'IN_PKTS', 'OUT_BYTES', 'MAX_TTL')",0.510154055668,0.228622353494,"('MIN_IP_PKT_LEN', 'MAX_TTL', 'MIN_TTL', 'SERVER_TCP_FLAGS', 'SHORTEST_FLOW_PKT')",0.2,0.111111111111,0.226852277269,0.506204260072
90,pilot_091,a883243e0cbc2145,deterministic_text,Benign,DoS,logistic_regression,DoS log-odds,5,5,1,0.895206631149,19,3,41,"('RETRANSMITTED_IN_PKTS', 'RETRANSMITTED_IN_BYTES', 'SRC_TO_DST_IAT_STDDEV', 'SRC_TO_DST_AVG_THROUGHPUT', 'MIN_TTL')",5.8135791382,4.01965689421,"('SERVER_TCP_FLAGS', 'MIN_IP_PKT_LEN', 'MIN_TTL', 'MAX_TTL', 'TCP_WIN_MAX_OUT')",0.2,0.111111111111,0.153985455409,0.222707224698
90,pilot_091,a883243e0cbc2145,structured,Benign,Benign,logistic_regression,DoS log-odds,5,5,0,0.0783051964029,28.6,18,42,"('TCP_FLAGS', 'L4_DST_PORT', 'IN_BYTES', 'FLOW_DURATION_MILLISECONDS', 'RETRANSMITTED_IN_BYTES')",5.8135791382,4.01965689421,"('SERVER_TCP_FLAGS', 'MIN_IP_PKT_LEN', 'MIN_TTL', 'MAX_TTL', 'TCP_WIN_MAX_OUT')",0,0,0.0134693610496,0.0194805672384
90,pilot_091,a883243e0cbc2145,deterministic_text,Benign,DoS,random_forest,DoS probability,5,5,1,0.0980057917816,15.2,2,23,"('RETRANSMITTED_IN_PKTS', 'RETRANSMITTED_IN_BYTES', 'SRC_TO_DST_IAT_STDDEV', 'SRC_TO_DST_AVG_THROUGHPUT', 'MIN_TTL')",0.548061461664,0.285832652589,"('MIN_IP_PKT_LEN', 'MIN_TTL', 'MAX_TTL', 'SERVER_TCP_FLAGS', 'SHORTEST_FLOW_PKT')",0.2,0.111111111111,0.178822629645,0.342878222253
90,pilot_091,a883243e0cbc2145,structured,Benign,Benign,random_forest,DoS probability,5,5,0,0.0453608912096,19.2,12,29,"('TCP_FLAGS', 'L4_DST_PORT', 'IN_BYTES', 'FLOW_DURATION_MILLISECONDS', 'RETRANSMITTED_IN_BYTES')",0.548061461664,0.285832652589,"('MIN_IP_PKT_LEN', 'MIN_TTL', 'MAX_TTL', 'SERVER_TCP_FLAGS', 'SHORTEST_FLOW_PKT')",0,0,0.0827660661851,0.158697373441
91,pilot_092,363fae947456ac39,deterministic_text,DoS,Benign,logistic_regression,DoS log-odds,5,5,1,1.83137340471,12.4,3,21,"('IN_PKTS', 'FLOW_DURATION_MILLISECONDS', 'MAX_IP_PKT_LEN', 'MIN_TTL', 'RETRANSMITTED_IN_PKTS')",9.43754638869,6.11325591175,"('DST_TO_SRC_IAT_AVG', 'MAX_TTL', 'MIN_TTL', 'SERVER_TCP_FLAGS', 'DST_TO_SRC_IAT_STDDEV')",0.2,0.111111111111,0.194051857261,0.299574143656
91,pilot_092,363fae947456ac39,structured,DoS,Benign,logistic_regression,DoS log-odds,5,5,0,0.46430267527,20,11,27,"('IN_PKTS', 'TCP_FLAGS', 'SRC_TO_DST_IAT_AVG', 'OUT_PKTS', 'RETRANSMITTED_IN_PKTS')",9.43754638869,6.11325591175,"('DST_TO_SRC_IAT_AVG', 'MAX_TTL', 'MIN_TTL', 'SERVER_TCP_FLAGS', 'DST_TO_SRC_IAT_STDDEV')",0,0,0.049197392643,0.0759501453846
91,pilot_092,363fae947456ac39,deterministic_text,DoS,Benign,random_forest,DoS probability,5,5,1,0.0809486619202,18.6,1,30,"('IN_PKTS', 'FLOW_DURATION_MILLISECONDS', 'MAX_IP_PKT_LEN', 'MIN_TTL', 'RETRANSMITTED_IN_PKTS')",0.49894375,0.225782609384,"('MIN_TTL', 'MAX_TTL', 'SHORTEST_FLOW_PKT', 'MIN_IP_PKT_LEN', 'SERVER_TCP_FLAGS')",0.2,0.111111111111,0.162240055959,0.358524786922
91,pilot_092,363fae947456ac39,structured,DoS,Benign,random_forest,DoS probability,5,5,0,0.0535168734996,18.2,7,30,"('IN_PKTS', 'TCP_FLAGS', 'SRC_TO_DST_IAT_AVG', 'OUT_PKTS', 'RETRANSMITTED_IN_PKTS')",0.49894375,0.225782609384,"('MIN_TTL', 'MAX_TTL', 'SHORTEST_FLOW_PKT', 'MIN_IP_PKT_LEN', 'SERVER_TCP_FLAGS')",0,0,0.107260334456,0.237028324039
92,pilot_093,74c57b6fbba0a698,deterministic_text,DoS,DoS,logistic_regression,DoS log-odds,5,5,0,0.168203638202,26.8,14,40,"('OUT_PKTS', 'PROTOCOL', 'L4_DST_PORT', 'IN_PKTS', 'FLOW_DURATION_MILLISECONDS')",10.1653906998,7.95997979987,"('MIN_IP_PKT_LEN', 'MIN_TTL', 'MAX_TTL', 'TCP_WIN_MAX_OUT', 'TCP_WIN_MAX_IN')",0,0,0.0165466968433,0.0211311639516
92,pilot_093,74c57b6fbba0a698,structured,DoS,DoS,logistic_regression,DoS log-odds,5,5,0,0.131294141642,30.8,14,43,"('FLOW_DURATION_MILLISECONDS', 'L4_DST_PORT', 'PROTOCOL', 'OUT_PKTS', 'IN_BYTES')",10.1653906998,7.95997979987,"('MIN_IP_PKT_LEN', 'MIN_TTL', 'MAX_TTL', 'TCP_WIN_MAX_OUT', 'TCP_WIN_MAX_IN')",0,0,0.0129157988631,0.0164942807574
92,pilot_093,74c57b6fbba0a698,deterministic_text,DoS,DoS,random_forest,DoS probability,5,5,1,0.0703710682123,17.8,5,35,"('OUT_PKTS', 'PROTOCOL', 'L4_DST_PORT', 'IN_PKTS', 'FLOW_DURATION_MILLISECONDS')",0.571518790793,0.26724128089,"('MAX_TTL', 'MIN_IP_PKT_LEN', 'MIN_TTL', 'DST_TO_SRC_AVG_THROUGHPUT', 'OUT_PKTS')",0.2,0.111111111111,0.12312992914,0.263324094159
92,pilot_093,74c57b6fbba0a698,structured,DoS,DoS,random_forest,DoS probability,5,5,1,0.0639878886932,19.6,5,35,"('FLOW_DURATION_MILLISECONDS', 'L4_DST_PORT', 'PROTOCOL', 'OUT_PKTS', 'IN_BYTES')",0.571518790793,0.26724128089,"('MAX_TTL', 'MIN_IP_PKT_LEN', 'MIN_TTL', 'DST_TO_SRC_AVG_THROUGHPUT', 'OUT_PKTS')",0.2,0.111111111111,0.111961128355,0.239438639421
93,pilot_094,c5bcfa15c933cab0,deterministic_text,Benign,Benign,logistic_regression,DoS log-odds,5,5,1,0.655840667124,18.2,5,29,"('L4_DST_PORT', 'PROTOCOL', 'DNS_QUERY_TYPE', 'IN_PKTS', 'DNS_TTL_ANSWER')",7.06602509389,4.63171546995,"('MIN_IP_PKT_LEN', 'MAX_TTL', 'MIN_TTL', 'TCP_WIN_MAX_OUT', 'DNS_TTL_ANSWER')",0.2,0.111111111111,0.0928160682151,0.141597788417
93,pilot_094,c5bcfa15c933cab0,structured,Benign,Benign,logistic_regression,DoS log-odds,5,5,1,0.655840667124,18.2,5,29,"('L4_DST_PORT', 'PROTOCOL', 'DNS_QUERY_TYPE', 'IN_PKTS', 'DNS_TTL_ANSWER')",7.06602509389,4.63171546995,"('MIN_IP_PKT_LEN', 'MAX_TTL', 'MIN_TTL', 'TCP_WIN_MAX_OUT', 'DNS_TTL_ANSWER')",0.2,0.111111111111,0.0928160682151,0.141597788417
93,pilot_094,c5bcfa15c933cab0,deterministic_text,Benign,Benign,random_forest,DoS probability,5,5,0,0.0667608503867,14.6,6,26,"('L4_DST_PORT', 'PROTOCOL', 'DNS_QUERY_TYPE', 'IN_PKTS', 'DNS_TTL_ANSWER')",0.543972817024,0.286987299604,"('MIN_IP_PKT_LEN', 'MIN_TTL', 'MAX_TTL', 'DST_TO_SRC_AVG_THROUGHPUT', 'SHORTEST_FLOW_PKT')",0,0,0.12272828402,0.232626497684
93,pilot_094,c5bcfa15c933cab0,structured,Benign,Benign,random_forest,DoS probability,5,5,0,0.0667608503867,14.6,6,26,"('L4_DST_PORT', 'PROTOCOL', 'DNS_QUERY_TYPE', 'IN_PKTS', 'DNS_TTL_ANSWER')",0.543972817024,0.286987299604,"('MIN_IP_PKT_LEN', 'MIN_TTL', 'MAX_TTL', 'DST_TO_SRC_AVG_THROUGHPUT', 'SHORTEST_FLOW_PKT')",0,0,0.12272828402,0.232626497684
94,pilot_095,f023e6a50cf88b1e,deterministic_text,Benign,Benign,logistic_regression,DoS log-odds,5,5,0,0.0332753974239,35.8,24,44,"('TCP_FLAGS', 'RETRANSMITTED_OUT_PKTS', 'L4_DST_PORT', 'OUT_PKTS', 'FLOW_DURATION_MILLISECONDS')",6.22605581295,4.06517886954,"('SERVER_TCP_FLAGS', 'MIN_IP_PKT_LEN', 'MIN_TTL', 'MAX_TTL', 'TCP_WIN_MAX_IN')",0,0,0.00534453889005,0.00818546944471
94,pilot_095,f023e6a50cf88b1e,structured,Benign,Benign,logistic_regression,DoS log-odds,5,5,0,0.0375638890008,34,24,41,"('OUT_BYTES', 'OUT_PKTS', 'FLOW_DURATION_MILLISECONDS', 'TCP_FLAGS', 'RETRANSMITTED_OUT_PKTS')",6.22605581295,4.06517886954,"('SERVER_TCP_FLAGS', 'MIN_IP_PKT_LEN', 'MIN_TTL', 'MAX_TTL', 'TCP_WIN_MAX_IN')",0,0,0.00603333637367,0.00924040250289
94,pilot_095,f023e6a50cf88b1e,deterministic_text,Benign,Benign,random_forest,DoS probability,5,5,0,0.0534441741431,18.6,9,31,"('TCP_FLAGS', 'RETRANSMITTED_OUT_PKTS', 'L4_DST_PORT', 'OUT_PKTS', 'FLOW_DURATION_MILLISECONDS')",0.508490585047,0.231291901339,"('MIN_IP_PKT_LEN', 'MAX_TTL', 'MIN_TTL', 'SERVER_TCP_FLAGS', 'SHORTEST_FLOW_PKT')",0,0,0.105103566742,0.231068073865
94,pilot_095,f023e6a50cf88b1e,structured,Benign,Benign,random_forest,DoS probability,5,5,0,0.0713724634202,14,7,31,"('OUT_BYTES', 'OUT_PKTS', 'FLOW_DURATION_MILLISECONDS', 'TCP_FLAGS', 'RETRANSMITTED_OUT_PKTS')",0.508490585047,0.231291901339,"('MIN_IP_PKT_LEN', 'MAX_TTL', 'MIN_TTL', 'SERVER_TCP_FLAGS', 'SHORTEST_FLOW_PKT')",0,0,0.140361425598,0.308581766187
95,pilot_096,7e1caaee353f18ff,deterministic_text,Benign,Benign,logistic_regression,DoS log-odds,5,5,0,0.445980031243,23.2,9,42,"('TCP_FLAGS', 'L4_DST_PORT', 'DST_TO_SRC_AVG_THROUGHPUT', 'FLOW_DURATION_MILLISECONDS', 'RETRANSMITTED_IN_PKTS')",8.53016065091,4.84754489416,"('TCP_WIN_MAX_OUT', 'SERVER_TCP_FLAGS', 'TCP_WIN_MAX_IN', 'MIN_IP_PKT_LEN', 'MIN_TTL')",0,0,0.0522827235611,0.0920012173131
95,pilot_096,7e1caaee353f18ff,structured,Benign,Benign,logistic_regression,DoS log-odds,5,5,0,0.250556698731,25.6,18,42,"('L4_DST_PORT', 'IN_PKTS', 'TCP_FLAGS', 'FLOW_DURATION_MILLISECONDS', 'SRC_TO_DST_AVG_THROUGHPUT')",8.53016065091,4.84754489416,"('TCP_WIN_MAX_OUT', 'SERVER_TCP_FLAGS', 'TCP_WIN_MAX_IN', 'MIN_IP_PKT_LEN', 'MIN_TTL')",0,0,0.029373033989,0.0516873395092
95,pilot_096,7e1caaee353f18ff,deterministic_text,Benign,Benign,random_forest,DoS probability,5,5,0,0.0521911280338,17.6,6,34,"('TCP_FLAGS', 'L4_DST_PORT', 'DST_TO_SRC_AVG_THROUGHPUT', 'FLOW_DURATION_MILLISECONDS', 'RETRANSMITTED_IN_PKTS')",0.546998568791,0.282083488398,"('MIN_IP_PKT_LEN', 'MAX_TTL', 'MIN_TTL', 'SERVER_TCP_FLAGS', 'SHORTEST_FLOW_PKT')",0,0,0.0954136464181,0.185020145384
95,pilot_096,7e1caaee353f18ff,structured,Benign,Benign,random_forest,DoS probability,5,5,0,0.0399682947607,20.8,12,34,"('L4_DST_PORT', 'IN_PKTS', 'TCP_FLAGS', 'FLOW_DURATION_MILLISECONDS', 'SRC_TO_DST_AVG_THROUGHPUT')",0.546998568791,0.282083488398,"('MIN_IP_PKT_LEN', 'MAX_TTL', 'MIN_TTL', 'SERVER_TCP_FLAGS', 'SHORTEST_FLOW_PKT')",0,0,0.0730683717309,0.141689593346
96,pilot_097,e4c532c3e73f7ab5,deterministic_text,DoS,Benign,logistic_regression,DoS log-odds,5,5,1,0.776878376615,15.6,3,27,"('TCP_FLAGS', 'IN_PKTS', 'L4_DST_PORT', 'SRC_TO_DST_AVG_THROUGHPUT', 'FLOW_DURATION_MILLISECONDS')",5.17026857731,3.25741498587,"('SERVER_TCP_FLAGS', 'L7_PROTO', 'L4_DST_PORT', 'MIN_TTL', 'MAX_TTL')",0.2,0.111111111111,0.150258804741,0.238495365186
96,pilot_097,e4c532c3e73f7ab5,structured,DoS,Benign,logistic_regression,DoS log-odds,5,5,2,1.16823599736,13.8,3,27,"('TCP_FLAGS', 'L4_DST_PORT', 'IN_PKTS', 'FLOW_DURATION_MILLISECONDS', 'MIN_TTL')",5.17026857731,3.25741498587,"('SERVER_TCP_FLAGS', 'L7_PROTO', 'L4_DST_PORT', 'MIN_TTL', 'MAX_TTL')",0.4,0.25,0.22595267149,0.358638982885
96,pilot_097,e4c532c3e73f7ab5,deterministic_text,DoS,Benign,random_forest,DoS probability,5,5,0,0.0397188751201,19.8,13,26,"('TCP_FLAGS', 'IN_PKTS', 'L4_DST_PORT', 'SRC_TO_DST_AVG_THROUGHPUT', 'FLOW_DURATION_MILLISECONDS')",0.509864004222,0.24139739043,"('MIN_IP_PKT_LEN', 'SHORTEST_FLOW_PKT', 'MAX_TTL', 'SERVER_TCP_FLAGS', 'MIN_TTL')",0,0,0.077900920228,0.164537301126
96,pilot_097,e4c532c3e73f7ab5,structured,DoS,Benign,random_forest,DoS probability,5,5,1,0.0690518119535,18.2,5,26,"('TCP_FLAGS', 'L4_DST_PORT', 'IN_PKTS', 'FLOW_DURATION_MILLISECONDS', 'MIN_TTL')",0.509864004222,0.24139739043,"('MIN_IP_PKT_LEN', 'SHORTEST_FLOW_PKT', 'MAX_TTL', 'SERVER_TCP_FLAGS', 'MIN_TTL')",0.2,0.111111111111,0.135431823745,0.286050366289
97,pilot_098,e95c99b1ee1bd2c3,deterministic_text,DoS,DoS,logistic_regression,DoS log-odds,5,5,1,0.647120528534,24.2,4,40,"('L4_DST_PORT', 'PROTOCOL', 'FLOW_DURATION_MILLISECONDS', 'SRC_TO_DST_AVG_THROUGHPUT', 'OUT_PKTS')",11.0908889695,8.19830566532,"('MIN_IP_PKT_LEN', 'MIN_TTL', 'MAX_TTL', 'SRC_TO_DST_AVG_THROUGHPUT', 'SHORTEST_FLOW_PKT')",0.2,0.111111111111,0.058347038755,0.0789334473428
97,pilot_098,e95c99b1ee1bd2c3,structured,DoS,DoS,logistic_regression,DoS log-odds,5,5,1,1.39555196364,24,3,40,"('L4_DST_PORT', 'OUT_PKTS', 'FLOW_DURATION_MILLISECONDS', 'PROTOCOL', 'MAX_TTL')",11.0908889695,8.19830566532,"('MIN_IP_PKT_LEN', 'MIN_TTL', 'MAX_TTL', 'SRC_TO_DST_AVG_THROUGHPUT', 'SHORTEST_FLOW_PKT')",0.2,0.111111111111,0.125828684019,0.170224436683
97,pilot_098,e95c99b1ee1bd2c3,deterministic_text,DoS,DoS,random_forest,DoS probability,5,5,0,0.0440242686931,26.2,6,39,"('L4_DST_PORT', 'PROTOCOL', 'FLOW_DURATION_MILLISECONDS', 'SRC_TO_DST_AVG_THROUGHPUT', 'OUT_PKTS')",0.57847010651,0.305410304108,"('MIN_IP_PKT_LEN', 'MAX_TTL', 'MIN_TTL', 'DST_TO_SRC_AVG_THROUGHPUT', 'OUT_BYTES')",0,0,0.0761046563991,0.14414794819
97,pilot_098,e95c99b1ee1bd2c3,structured,DoS,DoS,random_forest,DoS probability,5,5,1,0.11253813715,19,2,39,"('L4_DST_PORT', 'OUT_PKTS', 'FLOW_DURATION_MILLISECONDS', 'PROTOCOL', 'MAX_TTL')",0.57847010651,0.305410304108,"('MIN_IP_PKT_LEN', 'MAX_TTL', 'MIN_TTL', 'DST_TO_SRC_AVG_THROUGHPUT', 'OUT_BYTES')",0.2,0.111111111111,0.194544430013,0.368481795266
98,pilot_099,047941cd9cc30526,deterministic_text,DoS,DoS,logistic_regression,DoS log-odds,5,5,1,1.40873086673,23.2,2,39,"('PROTOCOL', 'OUT_PKTS', 'FLOW_DURATION_MILLISECONDS', 'L4_DST_PORT', 'MIN_TTL')",10.5680246068,8.00470987677,"('MIN_IP_PKT_LEN', 'MIN_TTL', 'MAX_TTL', 'TCP_WIN_MAX_IN', 'TCP_WIN_MAX_OUT')",0.2,0.111111111111,0.133301247788,0.175987748266
98,pilot_099,047941cd9cc30526,structured,DoS,DoS,logistic_regression,DoS log-odds,5,5,0,0.198240106147,27.6,16,39,"('OUT_PKTS', 'PROTOCOL', 'SRC_TO_DST_AVG_THROUGHPUT', 'L4_DST_PORT', 'FLOW_DURATION_MILLISECONDS')",10.5680246068,8.00470987677,"('MIN_IP_PKT_LEN', 'MIN_TTL', 'MAX_TTL', 'TCP_WIN_MAX_IN', 'TCP_WIN_MAX_OUT')",0,0,0.018758482642,0.0247654330011
98,pilot_099,047941cd9cc30526,deterministic_text,DoS,DoS,random_forest,DoS probability,5,5,1,0.0983568628195,19.8,3,42,"('PROTOCOL', 'OUT_PKTS', 'FLOW_DURATION_MILLISECONDS', 'L4_DST_PORT', 'MIN_TTL')",0.565651577356,0.274987825542,"('MIN_IP_PKT_LEN', 'MAX_TTL', 'MIN_TTL', 'DST_TO_SRC_AVG_THROUGHPUT', 'OUT_BYTES')",0.2,0.111111111111,0.173882415884,0.357677153981
98,pilot_099,047941cd9cc30526,structured,DoS,DoS,random_forest,DoS probability,5,5,0,0.0414775110682,24.8,7,42,"('OUT_PKTS', 'PROTOCOL', 'SRC_TO_DST_AVG_THROUGHPUT', 'L4_DST_PORT', 'FLOW_DURATION_MILLISECONDS')",0.565651577356,0.274987825542,"('MIN_IP_PKT_LEN', 'MAX_TTL', 'MIN_TTL', 'DST_TO_SRC_AVG_THROUGHPUT', 'OUT_BYTES')",0,0,0.0733269608513,0.15083399051
99,pilot_100,3e7e59be9670291b,deterministic_text,DoS,Benign,logistic_regression,DoS log-odds,5,5,1,0.634803321622,27.8,3,44,"('L4_DST_PORT', 'L4_SRC_PORT', 'TCP_FLAGS', 'IN_PKTS', 'FLOW_DURATION_MILLISECONDS')",5.43028513435,3.23424136292,"('SERVER_TCP_FLAGS', 'L7_PROTO', 'L4_DST_PORT', 'MIN_TTL', 'MAX_TTL')",0.2,0.111111111111,0.116900550508,0.196275803315
99,pilot_100,3e7e59be9670291b,structured,DoS,Benign,logistic_regression,DoS log-odds,5,5,0,0.244775874283,23,10,41,"('IN_PKTS', 'FLOW_DURATION_MILLISECONDS', 'IN_BYTES', 'MAX_IP_PKT_LEN', 'SRC_TO_DST_AVG_THROUGHPUT')",5.43028513435,3.23424136292,"('SERVER_TCP_FLAGS', 'L7_PROTO', 'L4_DST_PORT', 'MIN_TTL', 'MAX_TTL')",0,0,0.0450760629004,0.0756826243982
99,pilot_100,3e7e59be9670291b,deterministic_text,DoS,Benign,random_forest,DoS probability,5,5,0,0.0324026835035,24.2,13,37,"('L4_DST_PORT', 'L4_SRC_PORT', 'TCP_FLAGS', 'IN_PKTS', 'FLOW_DURATION_MILLISECONDS')",0.505490895268,0.226552782529,"('MIN_IP_PKT_LEN', 'SERVER_TCP_FLAGS', 'MAX_TTL', 'MIN_TTL', 'SHORTEST_FLOW_PKT')",0,0,0.0641014186543,0.143024875448
99,pilot_100,3e7e59be9670291b,structured,DoS,Benign,random_forest,DoS probability,5,5,0,0.044599708649,20,12,38,"('IN_PKTS', 'FLOW_DURATION_MILLISECONDS', 'IN_BYTES', 'MAX_IP_PKT_LEN', 'SRC_TO_DST_AVG_THROUGHPUT')",0.505490895268,0.226552782529,"('MIN_IP_PKT_LEN', 'SERVER_TCP_FLAGS', 'MAX_TTL', 'MIN_TTL', 'SHORTEST_FLOW_PKT')",0,0,0.0882304885537,0.196862330055
100,pilot_101,dadcedeb02b92c43,deterministic_text,DoS,Benign,logistic_regression,DoS log-odds,5,5,1,0.59560535708,16.2,5,33,"('IN_PKTS', 'TCP_FLAGS', 'FLOW_DURATION_MILLISECONDS', 'L4_DST_PORT', 'NUM_PKTS_UP_TO_128_BYTES')",6.1278586224,3.92381095243,"('MAX_TTL', 'MIN_TTL', 'SERVER_TCP_FLAGS', 'DST_TO_SRC_IAT_AVG', 'NUM_PKTS_UP_TO_128_BYTES')",0.2,0.111111111111,0.0971963280782,0.151792572145
100,pilot_101,dadcedeb02b92c43,structured,DoS,Benign,logistic_regression,DoS log-odds,5,5,0,0.499582318741,18,8,33,"('IN_PKTS', 'FLOW_DURATION_MILLISECONDS', 'SRC_TO_DST_AVG_THROUGHPUT', 'MAX_IP_PKT_LEN', 'TCP_FLAGS')",6.1278586224,3.92381095243,"('MAX_TTL', 'MIN_TTL', 'SERVER_TCP_FLAGS', 'DST_TO_SRC_IAT_AVG', 'NUM_PKTS_UP_TO_128_BYTES')",0,0,0.0815264106967,0.127320690216
100,pilot_101,dadcedeb02b92c43,deterministic_text,DoS,Benign,random_forest,DoS probability,5,5,0,0.0426128728252,20.8,7,36,"('IN_PKTS', 'TCP_FLAGS', 'FLOW_DURATION_MILLISECONDS', 'L4_DST_PORT', 'NUM_PKTS_UP_TO_128_BYTES')",0.49794375,0.233442865406,"('MIN_TTL', 'MAX_TTL', 'SHORTEST_FLOW_PKT', 'MIN_IP_PKT_LEN', 'SERVER_TCP_FLAGS')",0,0,0.0855776838753,0.18254090889
100,pilot_101,dadcedeb02b92c43,structured,DoS,Benign,random_forest,DoS probability,5,5,0,0.0459495076314,18.6,7,32,"('IN_PKTS', 'FLOW_DURATION_MILLISECONDS', 'SRC_TO_DST_AVG_THROUGHPUT', 'MAX_IP_PKT_LEN', 'TCP_FLAGS')",0.49794375,0.233442865406,"('MIN_TTL', 'MAX_TTL', 'SHORTEST_FLOW_PKT', 'MIN_IP_PKT_LEN', 'SERVER_TCP_FLAGS')",0,0,0.0922785106378,0.196834062808
101,pilot_102,f1d44c4f061d0b73,deterministic_text,DoS,DoS,logistic_regression,DoS log-odds,5,5,0,0.213706999654,21.6,9,41,"('L4_DST_PORT', 'RETRANSMITTED_IN_PKTS', 'SRC_TO_DST_AVG_THROUGHPUT', 'NUM_PKTS_UP_TO_128_BYTES', 'ICMP_IPV4_TYPE')",5.99540226234,4.48331882203,"('MAX_TTL', 'MIN_TTL', 'SERVER_TCP_FLAGS', 'DST_TO_SRC_IAT_AVG', 'DST_TO_SRC_AVG_THROUGHPUT')",0,0,0.0356451477821,0.0476671430558
101,pilot_102,f1d44c4f061d0b73,structured,DoS,Benign,logistic_regression,DoS log-odds,5,5,1,1.40114741203,20.6,2,34,"('IN_PKTS', 'L4_DST_PORT', 'FLOW_DURATION_MILLISECONDS', 'SRC_TO_DST_IAT_AVG', 'MIN_TTL')",5.99540226234,4.48331882203,"('MAX_TTL', 'MIN_TTL', 'SERVER_TCP_FLAGS', 'DST_TO_SRC_IAT_AVG', 'DST_TO_SRC_AVG_THROUGHPUT')",0.2,0.111111111111,0.233703653353,0.312524597881
101,pilot_102,f1d44c4f061d0b73,deterministic_text,DoS,DoS,random_forest,DoS probability,5,5,0,0.024515530203,26.8,20,32,"('L4_DST_PORT', 'RETRANSMITTED_IN_PKTS', 'SRC_TO_DST_AVG_THROUGHPUT', 'NUM_PKTS_UP_TO_128_BYTES', 'ICMP_IPV4_TYPE')",0.508398921088,0.238778782646,"('MIN_IP_PKT_LEN', 'MAX_TTL', 'MIN_TTL', 'SERVER_TCP_FLAGS', 'SHORTEST_FLOW_PKT')",0,0,0.0482210508051,0.102670471519
101,pilot_102,f1d44c4f061d0b73,structured,DoS,Benign,random_forest,DoS probability,5,5,1,0.0906064406782,15.4,3,32,"('IN_PKTS', 'L4_DST_PORT', 'FLOW_DURATION_MILLISECONDS', 'SRC_TO_DST_IAT_AVG', 'MIN_TTL')",0.508398921088,0.238778782646,"('MIN_IP_PKT_LEN', 'MAX_TTL', 'MIN_TTL', 'SERVER_TCP_FLAGS', 'SHORTEST_FLOW_PKT')",0.2,0.111111111111,0.178219183637,0.379457670711
102,pilot_103,648a0b970bc0d926,deterministic_text,DoS,Benign,logistic_regression,DoS log-odds,5,5,1,0.942390876523,18.4,4,42,"('IN_PKTS', 'IN_BYTES', 'L4_DST_PORT', 'FLOW_DURATION_MILLISECONDS', 'TCP_FLAGS')",6.85871239347,4.65539377381,"('MAX_TTL', 'MIN_TTL', 'SERVER_TCP_FLAGS', 'L4_DST_PORT', 'L7_PROTO')",0.2,0.111111111111,0.137400553115,0.202429895796
102,pilot_103,648a0b970bc0d926,structured,DoS,Benign,logistic_regression,DoS log-odds,5,5,1,0.942390876523,18.4,4,42,"('IN_BYTES', 'IN_PKTS', 'L4_DST_PORT', 'TCP_FLAGS', 'FLOW_DURATION_MILLISECONDS')",6.85871239347,4.65539377381,"('MAX_TTL', 'MIN_TTL', 'SERVER_TCP_FLAGS', 'L4_DST_PORT', 'L7_PROTO')",0.2,0.111111111111,0.137400553115,0.202429895796
102,pilot_103,648a0b970bc0d926,deterministic_text,DoS,Benign,random_forest,DoS probability,5,5,0,0.04556811159,18.6,7,26,"('IN_PKTS', 'IN_BYTES', 'L4_DST_PORT', 'FLOW_DURATION_MILLISECONDS', 'TCP_FLAGS')",0.481356463128,0.244505509958,"('MIN_TTL', 'MAX_TTL', 'SHORTEST_FLOW_PKT', 'MIN_IP_PKT_LEN', 'SERVER_TCP_FLAGS')",0,0,0.0946660429028,0.186368444612
102,pilot_103,648a0b970bc0d926,structured,DoS,Benign,random_forest,DoS probability,5,5,0,0.04556811159,18.6,7,26,"('IN_BYTES', 'IN_PKTS', 'L4_DST_PORT', 'TCP_FLAGS', 'FLOW_DURATION_MILLISECONDS')",0.481356463128,0.244505509958,"('MIN_TTL', 'MAX_TTL', 'SHORTEST_FLOW_PKT', 'MIN_IP_PKT_LEN', 'SERVER_TCP_FLAGS')",0,0,0.0946660429028,0.186368444612
103,pilot_104,0f562e5263c3b3c1,deterministic_text,Benign,Benign,logistic_regression,DoS log-odds,5,5,0,0.187198834222,28,17,43,"('TCP_FLAGS', 'IN_PKTS', 'FLOW_DURATION_MILLISECONDS', 'IN_BYTES', 'NUM_PKTS_UP_TO_128_BYTES')",5.43535314068,3.42192618108,"('MIN_IP_PKT_LEN', 'SERVER_TCP_FLAGS', 'MIN_TTL', 'MAX_TTL', 'NUM_PKTS_256_TO_512_BYTES')",0,0,0.0344409699566,0.0547056903965
103,pilot_104,0f562e5263c3b3c1,structured,Benign,Benign,logistic_regression,DoS log-odds,5,5,0,0.169383347545,27.8,17,43,"('TCP_FLAGS', 'OUT_PKTS', 'FLOW_DURATION_MILLISECONDS', 'IN_BYTES', 'RETRANSMITTED_IN_PKTS')",5.43535314068,3.42192618108,"('MIN_IP_PKT_LEN', 'SERVER_TCP_FLAGS', 'MIN_TTL', 'MAX_TTL', 'NUM_PKTS_256_TO_512_BYTES')",0,0,0.0311632644947,0.0494994159961
103,pilot_104,0f562e5263c3b3c1,deterministic_text,Benign,Benign,random_forest,DoS probability,5,5,0,0.056710438675,14.4,9,26,"('TCP_FLAGS', 'IN_PKTS', 'FLOW_DURATION_MILLISECONDS', 'IN_BYTES', 'NUM_PKTS_UP_TO_128_BYTES')",0.509864251996,0.233934539523,"('MIN_TTL', 'MAX_TTL', 'MIN_IP_PKT_LEN', 'SHORTEST_FLOW_PKT', 'DST_TO_SRC_AVG_THROUGHPUT')",0,0,0.111226544032,0.242420117998
103,pilot_104,0f562e5263c3b3c1,structured,Benign,Benign,random_forest,DoS probability,5,5,0,0.0564312600964,15.2,7,26,"('TCP_FLAGS', 'OUT_PKTS', 'FLOW_DURATION_MILLISECONDS', 'IN_BYTES', 'RETRANSMITTED_IN_PKTS')",0.509864251996,0.233934539523,"('MIN_TTL', 'MAX_TTL', 'MIN_IP_PKT_LEN', 'SHORTEST_FLOW_PKT', 'DST_TO_SRC_AVG_THROUGHPUT')",0,0,0.11067898931,0.241226713299
104,pilot_105,9eb1f88387d3c592,deterministic_text,DoS,DoS,logistic_regression,DoS log-odds,5,5,0,0.246493877885,23.6,9,38,"('ICMP_IPV4_TYPE', 'TCP_FLAGS', 'RETRANSMITTED_IN_PKTS', 'NUM_PKTS_UP_TO_128_BYTES', 'SRC_TO_DST_IAT_STDDEV')",7.07479976553,4.9521467581,"('MAX_TTL', 'MIN_TTL', 'SERVER_TCP_FLAGS', 'DST_TO_SRC_IAT_AVG', 'DST_TO_SRC_IAT_STDDEV')",0,0,0.034841110145,0.049775156094
104,pilot_105,9eb1f88387d3c592,structured,DoS,Benign,logistic_regression,DoS log-odds,5,5,0,0.174936685655,26.4,17,44,"('IN_PKTS', 'SRC_TO_DST_AVG_THROUGHPUT', 'FLOW_DURATION_MILLISECONDS', 'NUM_PKTS_UP_TO_128_BYTES', 'L4_DST_PORT')",7.07479976553,4.9521467581,"('MAX_TTL', 'MIN_TTL', 'SERVER_TCP_FLAGS', 'DST_TO_SRC_IAT_AVG', 'DST_TO_SRC_IAT_STDDEV')",0,0,0.0247267331165,0.0353254243463
104,pilot_105,9eb1f88387d3c592,deterministic_text,DoS,DoS,random_forest,DoS probability,5,5,0,0.0453954469123,20.6,8,36,"('ICMP_IPV4_TYPE', 'TCP_FLAGS', 'RETRANSMITTED_IN_PKTS', 'NUM_PKTS_UP_TO_128_BYTES', 'SRC_TO_DST_IAT_STDDEV')",0.514056213599,0.238619511321,"('MAX_TTL', 'MIN_IP_PKT_LEN', 'SHORTEST_FLOW_PKT', 'MIN_TTL', 'SERVER_TCP_FLAGS')",0,0,0.0883083322629,0.190241974183
104,pilot_105,9eb1f88387d3c592,structured,DoS,Benign,random_forest,DoS probability,5,5,0,0.0307851469187,23.4,14,32,"('IN_PKTS', 'SRC_TO_DST_AVG_THROUGHPUT', 'FLOW_DURATION_MILLISECONDS', 'NUM_PKTS_UP_TO_128_BYTES', 'L4_DST_PORT')",0.514056213599,0.238619511321,"('MAX_TTL', 'MIN_IP_PKT_LEN', 'SHORTEST_FLOW_PKT', 'MIN_TTL', 'SERVER_TCP_FLAGS')",0,0,0.0598867324317,0.129013536019
105,pilot_106,8495ca57f9b3c891,deterministic_text,Benign,DoS,logistic_regression,DoS log-odds,5,5,1,1.20101363006,29.4,1,44,"('TCP_FLAGS', 'L4_DST_PORT', 'RETRANSMITTED_OUT_PKTS', 'FLOW_DURATION_MILLISECONDS', 'DST_TO_SRC_AVG_THROUGHPUT')",6.95290969273,4.57967968938,"('DST_TO_SRC_AVG_THROUGHPUT', 'SERVER_TCP_FLAGS', 'MIN_IP_PKT_LEN', 'MIN_TTL', 'MAX_TTL')",0.2,0.111111111111,0.17273539901,0.262248391049
105,pilot_106,8495ca57f9b3c891,structured,Benign,Benign,logistic_regression,DoS log-odds,5,5,0,0.212856115677,34.6,8,44,"('L7_PROTO', 'L4_DST_PORT', 'TCP_FLAGS', 'IN_BYTES', 'RETRANSMITTED_OUT_PKTS')",6.95290969273,4.57967968938,"('DST_TO_SRC_AVG_THROUGHPUT', 'SERVER_TCP_FLAGS', 'MIN_IP_PKT_LEN', 'MIN_TTL', 'MAX_TTL')",0,0,0.0306139623674,0.0464783849777
105,pilot_106,8495ca57f9b3c891,deterministic_text,Benign,DoS,random_forest,DoS probability,5,5,0,0.0656685718059,15,6,31,"('TCP_FLAGS', 'L4_DST_PORT', 'RETRANSMITTED_OUT_PKTS', 'FLOW_DURATION_MILLISECONDS', 'DST_TO_SRC_AVG_THROUGHPUT')",0.509936318785,0.230082097387,"('MIN_IP_PKT_LEN', 'MAX_TTL', 'MIN_TTL', 'SERVER_TCP_FLAGS', 'SHORTEST_FLOW_PKT')",0,0,0.128777985381,0.285413652568
105,pilot_106,8495ca57f9b3c891,structured,Benign,Benign,random_forest,DoS probability,5,5,0,0.0423088021613,20.6,10,31,"('L7_PROTO', 'L4_DST_PORT', 'TCP_FLAGS', 'IN_BYTES', 'RETRANSMITTED_OUT_PKTS')",0.509936318785,0.230082097387,"('MIN_IP_PKT_LEN', 'MAX_TTL', 'MIN_TTL', 'SERVER_TCP_FLAGS', 'SHORTEST_FLOW_PKT')",0,0,0.0829687955195,0.183885676642
106,pilot_107,e35ba564ca085652,deterministic_text,Benign,Benign,logistic_regression,DoS log-odds,5,5,0,0.099829792067,29,16,43,"('L4_DST_PORT', 'TCP_FLAGS', 'FLOW_DURATION_MILLISECONDS', 'SRC_TO_DST_AVG_THROUGHPUT', 'OUT_PKTS')",6.63524157795,4.15954590131,"('SERVER_TCP_FLAGS', 'MIN_IP_PKT_LEN', 'L7_PROTO', 'MIN_TTL', 'MAX_TTL')",0,0,0.0150453892137,0.0240001659882
106,pilot_107,e35ba564ca085652,structured,Benign,DoS,logistic_regression,DoS log-odds,5,5,0,0.167864592513,22.2,15,36,"('RETRANSMITTED_IN_PKTS', 'RETRANSMITTED_IN_BYTES', 'NUM_PKTS_UP_TO_128_BYTES', 'RETRANSMITTED_OUT_PKTS', 'L4_DST_PORT')",6.63524157795,4.15954590131,"('SERVER_TCP_FLAGS', 'MIN_IP_PKT_LEN', 'L7_PROTO', 'MIN_TTL', 'MAX_TTL')",0,0,0.025298942102,0.0403564707534
106,pilot_107,e35ba564ca085652,deterministic_text,Benign,Benign,random_forest,DoS probability,5,5,0,0.0477893080222,18.4,8,26,"('L4_DST_PORT', 'TCP_FLAGS', 'FLOW_DURATION_MILLISECONDS', 'SRC_TO_DST_AVG_THROUGHPUT', 'OUT_PKTS')",0.529985630972,0.257961075526,"('MIN_IP_PKT_LEN', 'MIN_TTL', 'MAX_TTL', 'SERVER_TCP_FLAGS', 'SHORTEST_FLOW_PKT')",0,0,0.0901709503606,0.185257825913
106,pilot_107,e35ba564ca085652,structured,Benign,DoS,random_forest,DoS probability,5,5,0,0.0600697830934,15.8,7,25,"('RETRANSMITTED_IN_PKTS', 'RETRANSMITTED_IN_BYTES', 'NUM_PKTS_UP_TO_128_BYTES', 'RETRANSMITTED_OUT_PKTS', 'L4_DST_PORT')",0.529985630972,0.257961075526,"('MIN_IP_PKT_LEN', 'MIN_TTL', 'MAX_TTL', 'SERVER_TCP_FLAGS', 'SHORTEST_FLOW_PKT')",0,0,0.113342286249,0.232863748807
107,pilot_108,3f93432f36286a96,deterministic_text,Benign,DoS,logistic_regression,DoS log-odds,5,5,1,1.55562065055,25.4,1,39,"('RETRANSMITTED_OUT_PKTS', 'SRC_TO_DST_IAT_STDDEV', 'IN_BYTES', 'NUM_PKTS_UP_TO_128_BYTES', 'DST_TO_SRC_AVG_THROUGHPUT')",7.6324066656,4.94189591767,"('DST_TO_SRC_AVG_THROUGHPUT', 'SERVER_TCP_FLAGS', 'MIN_IP_PKT_LEN', 'TCP_WIN_MAX_IN', 'MIN_TTL')",0.2,0.111111111111,0.203817841306,0.314782155769
107,pilot_108,3f93432f36286a96,structured,Benign,DoS,logistic_regression,DoS log-odds,5,5,1,1.49260263205,25.4,1,41,"('DST_TO_SRC_AVG_THROUGHPUT', 'RETRANSMITTED_OUT_PKTS', 'SRC_TO_DST_IAT_AVG', 'FLOW_DURATION_MILLISECONDS', 'TCP_FLAGS')",7.6324066656,4.94189591767,"('DST_TO_SRC_AVG_THROUGHPUT', 'SERVER_TCP_FLAGS', 'MIN_IP_PKT_LEN', 'TCP_WIN_MAX_IN', 'MIN_TTL')",0.2,0.111111111111,0.195561203359,0.302030365858
107,pilot_108,3f93432f36286a96,deterministic_text,Benign,DoS,random_forest,DoS probability,5,5,0,0.075937071233,12.6,6,20,"('RETRANSMITTED_OUT_PKTS', 'SRC_TO_DST_IAT_STDDEV', 'IN_BYTES', 'NUM_PKTS_UP_TO_128_BYTES', 'DST_TO_SRC_AVG_THROUGHPUT')",0.506577355028,0.229651177427,"('MIN_IP_PKT_LEN', 'MAX_TTL', 'MIN_TTL', 'SERVER_TCP_FLAGS', 'SHORTEST_FLOW_PKT')",0,0,0.149902222196,0.330662668853
107,pilot_108,3f93432f36286a96,structured,Benign,DoS,random_forest,DoS probability,5,5,0,0.0794364982852,10.4,6,15,"('DST_TO_SRC_AVG_THROUGHPUT', 'RETRANSMITTED_OUT_PKTS', 'SRC_TO_DST_IAT_AVG', 'FLOW_DURATION_MILLISECONDS', 'TCP_FLAGS')",0.506577355028,0.229651177427,"('MIN_IP_PKT_LEN', 'MAX_TTL', 'MIN_TTL', 'SERVER_TCP_FLAGS', 'SHORTEST_FLOW_PKT')",0,0,0.156810203805,0.345900679349
108,pilot_109,6ad447430fa8dd5d,deterministic_text,DoS,DoS,logistic_regression,DoS log-odds,5,5,0,0.252223527122,23.4,11,39,"('L4_DST_PORT', 'PROTOCOL', 'OUT_PKTS', 'L7_PROTO', 'FLOW_DURATION_MILLISECONDS')",10.0929988223,7.95997979987,"('MIN_IP_PKT_LEN', 'MIN_TTL', 'MAX_TTL', 'TCP_WIN_MAX_OUT', 'TCP_WIN_MAX_IN')",0,0,0.0249899491285,0.0316864531649
108,pilot_109,6ad447430fa8dd5d,structured,DoS,DoS,logistic_regression,DoS log-odds,5,5,0,0.252223527122,23.4,11,39,"('OUT_PKTS', 'L4_DST_PORT', 'PROTOCOL', 'L7_PROTO', 'FLOW_DURATION_MILLISECONDS')",10.0929988223,7.95997979987,"('MIN_IP_PKT_LEN', 'MIN_TTL', 'MAX_TTL', 'TCP_WIN_MAX_OUT', 'TCP_WIN_MAX_IN')",0,0,0.0249899491285,0.0316864531649
108,pilot_109,6ad447430fa8dd5d,deterministic_text,DoS,DoS,random_forest,DoS probability,5,5,1,0.0852949724714,14.4,5,30,"('L4_DST_PORT', 'PROTOCOL', 'OUT_PKTS', 'L7_PROTO', 'FLOW_DURATION_MILLISECONDS')",0.612156399209,0.279422580195,"('MIN_IP_PKT_LEN', 'MAX_TTL', 'MIN_TTL', 'DST_TO_SRC_AVG_THROUGHPUT', 'OUT_PKTS')",0.2,0.111111111111,0.139335262331,0.305254401459
108,pilot_109,6ad447430fa8dd5d,structured,DoS,DoS,random_forest,DoS probability,5,5,1,0.0852949724714,14.4,5,30,"('OUT_PKTS', 'L4_DST_PORT', 'PROTOCOL', 'L7_PROTO', 'FLOW_DURATION_MILLISECONDS')",0.612156399209,0.279422580195,"('MIN_IP_PKT_LEN', 'MAX_TTL', 'MIN_TTL', 'DST_TO_SRC_AVG_THROUGHPUT', 'OUT_PKTS')",0.2,0.111111111111,0.139335262331,0.305254401459
109,pilot_110,9d12694facb9d162,deterministic_text,Benign,Benign,logistic_regression,DoS log-odds,5,5,1,1.29071724916,11.4,3,24,"('FTP_COMMAND_RET_CODE', 'TCP_FLAGS', 'L4_DST_PORT', 'MAX_TTL', 'FLOW_DURATION_MILLISECONDS')",5.77435368407,3.51708393244,"('MIN_IP_PKT_LEN', 'MIN_TTL', 'MAX_TTL', 'L7_PROTO', 'SERVER_TCP_FLAGS')",0.2,0.111111111111,0.223525838522,0.366985057493
109,pilot_110,9d12694facb9d162,structured,Benign,Benign,logistic_regression,DoS log-odds,5,5,0,0.560961222098,17.8,6,38,"('FTP_COMMAND_RET_CODE', 'IN_BYTES', 'L4_DST_PORT', 'TCP_FLAGS', 'IN_PKTS')",5.77435368407,3.51708393244,"('MIN_IP_PKT_LEN', 'MIN_TTL', 'MAX_TTL', 'L7_PROTO', 'SERVER_TCP_FLAGS')",0,0,0.0971470146773,0.159496114643
109,pilot_110,9d12694facb9d162,deterministic_text,Benign,Benign,random_forest,DoS probability,5,5,1,0.0908050064038,15.4,2,22,"('FTP_COMMAND_RET_CODE', 'TCP_FLAGS', 'L4_DST_PORT', 'MAX_TTL', 'FLOW_DURATION_MILLISECONDS')",0.509997540234,0.232087724704,"('MIN_IP_PKT_LEN', 'MAX_TTL', 'MIN_TTL', 'SHORTEST_FLOW_PKT', 'DST_TO_SRC_AVG_THROUGHPUT')",0.2,0.111111111111,0.178049890912,0.391252947649
109,pilot_110,9d12694facb9d162,structured,Benign,Benign,random_forest,DoS probability,5,5,0,0.0440277196215,20.2,12,36,"('FTP_COMMAND_RET_CODE', 'IN_BYTES', 'L4_DST_PORT', 'TCP_FLAGS', 'IN_PKTS')",0.509997540234,0.232087724704,"('MIN_IP_PKT_LEN', 'MAX_TTL', 'MIN_TTL', 'SHORTEST_FLOW_PKT', 'DST_TO_SRC_AVG_THROUGHPUT')",0,0,0.0863292783752,0.189702922365
110,pilot_111,95cd7b36c617459c,deterministic_text,DoS,DoS,logistic_regression,DoS log-odds,5,5,0,0.257176923013,27.6,10,42,"('RETRANSMITTED_IN_PKTS', 'RETRANSMITTED_IN_BYTES', 'TCP_FLAGS', 'L7_PROTO', 'L4_DST_PORT')",6.03394175948,4.29021518819,"('MAX_TTL', 'MIN_TTL', 'SERVER_TCP_FLAGS', 'DST_TO_SRC_AVG_THROUGHPUT', 'DST_TO_SRC_IAT_AVG')",0,0,0.0426217111904,0.0599449938363
110,pilot_111,95cd7b36c617459c,structured,DoS,DoS,logistic_regression,DoS log-odds,5,5,1,1.58363136151,21.6,2,45,"('TCP_FLAGS', 'RETRANSMITTED_IN_PKTS', 'SRC_TO_DST_IAT_MIN', 'MIN_TTL', 'L7_PROTO')",6.03394175948,4.29021518819,"('MAX_TTL', 'MIN_TTL', 'SERVER_TCP_FLAGS', 'DST_TO_SRC_AVG_THROUGHPUT', 'DST_TO_SRC_IAT_AVG')",0.2,0.111111111111,0.262453869234,0.369126323982
110,pilot_111,95cd7b36c617459c,deterministic_text,DoS,DoS,random_forest,DoS probability,5,5,0,0.0499598316618,22.6,6,38,"('RETRANSMITTED_IN_PKTS', 'RETRANSMITTED_IN_BYTES', 'TCP_FLAGS', 'L7_PROTO', 'L4_DST_PORT')",0.550625032677,0.258580971247,"('MIN_IP_PKT_LEN', 'MIN_TTL', 'MAX_TTL', 'SERVER_TCP_FLAGS', 'SHORTEST_FLOW_PKT')",0,0,0.0907329465551,0.193207688179
110,pilot_111,95cd7b36c617459c,structured,DoS,DoS,random_forest,DoS probability,5,5,1,0.0969110054019,19.6,2,45,"('TCP_FLAGS', 'RETRANSMITTED_IN_PKTS', 'SRC_TO_DST_IAT_MIN', 'MIN_TTL', 'L7_PROTO')",0.550625032677,0.258580971247,"('MIN_IP_PKT_LEN', 'MIN_TTL', 'MAX_TTL', 'SERVER_TCP_FLAGS', 'SHORTEST_FLOW_PKT')",0.2,0.111111111111,0.176001815484,0.374780112142
111,pilot_112,63ac08cd36fa0015,deterministic_text,Benign,Benign,logistic_regression,DoS log-odds,5,5,1,0.837919304853,22.6,5,39,"('TCP_FLAGS', 'L4_DST_PORT', 'FLOW_DURATION_MILLISECONDS', 'IN_PKTS', 'OUT_BYTES')",8.5285656444,3.82768405934,"('MIN_IP_PKT_LEN', 'SERVER_TCP_FLAGS', 'MIN_TTL', 'MAX_TTL', 'L4_DST_PORT')",0.2,0.111111111111,0.0982485613397,0.218910257969
111,pilot_112,63ac08cd36fa0015,structured,Benign,Benign,logistic_regression,DoS log-odds,5,5,1,0.945287807792,18.8,5,26,"('TCP_FLAGS', 'L4_DST_PORT', 'IN_PKTS', 'PROTOCOL', 'FLOW_DURATION_MILLISECONDS')",8.5285656444,3.82768405934,"('MIN_IP_PKT_LEN', 'SERVER_TCP_FLAGS', 'MIN_TTL', 'MAX_TTL', 'L4_DST_PORT')",0.2,0.111111111111,0.110837841579,0.246960771353
111,pilot_112,63ac08cd36fa0015,deterministic_text,Benign,Benign,random_forest,DoS probability,5,5,0,0.0541436522613,21.2,8,39,"('TCP_FLAGS', 'L4_DST_PORT', 'FLOW_DURATION_MILLISECONDS', 'IN_PKTS', 'OUT_BYTES')",0.572771548761,0.283830125225,"('MIN_TTL', 'MIN_IP_PKT_LEN', 'MAX_TTL', 'SHORTEST_FLOW_PKT', 'SERVER_TCP_FLAGS')",0,0,0.0945292278894,0.190760766562
111,pilot_112,63ac08cd36fa0015,structured,Benign,Benign,random_forest,DoS probability,5,5,0,0.0320152894384,26.4,12,39,"('TCP_FLAGS', 'L4_DST_PORT', 'IN_PKTS', 'PROTOCOL', 'FLOW_DURATION_MILLISECONDS')",0.572771548761,0.283830125225,"('MIN_TTL', 'MIN_IP_PKT_LEN', 'MAX_TTL', 'SHORTEST_FLOW_PKT', 'SERVER_TCP_FLAGS')",0,0,0.0558953905928,0.1127973622
112,pilot_113,2fa6225af84b659b,deterministic_text,Benign,Benign,logistic_regression,DoS log-odds,5,5,0,0.386067747468,18,9,25,"('IN_PKTS', 'L4_DST_PORT', 'FLOW_DURATION_MILLISECONDS', 'FTP_COMMAND_RET_CODE', 'TCP_FLAGS')",5.91308978573,3.64596646586,"('MIN_IP_PKT_LEN', 'L7_PROTO', 'MIN_TTL', 'MAX_TTL', 'SERVER_TCP_FLAGS')",0,0,0.0652903577415,0.105889001197
112,pilot_113,2fa6225af84b659b,structured,Benign,Benign,logistic_regression,DoS log-odds,5,5,0,0.26212284381,24.2,9,44,"('L4_DST_PORT', 'TCP_FLAGS', 'L4_SRC_PORT', 'IN_PKTS', 'FLOW_DURATION_MILLISECONDS')",5.91308978573,3.64596646586,"('MIN_IP_PKT_LEN', 'L7_PROTO', 'MIN_TTL', 'MAX_TTL', 'SERVER_TCP_FLAGS')",0,0,0.0443292514249,0.0718939261412
112,pilot_113,2fa6225af84b659b,deterministic_text,Benign,Benign,random_forest,DoS probability,5,5,0,0.036340351605,22.4,15,31,"('IN_PKTS', 'L4_DST_PORT', 'FLOW_DURATION_MILLISECONDS', 'FTP_COMMAND_RET_CODE', 'TCP_FLAGS')",0.505343453865,0.248658310075,"('MIN_IP_PKT_LEN', 'MAX_TTL', 'MIN_TTL', 'SHORTEST_FLOW_PKT', 'DST_TO_SRC_AVG_THROUGHPUT')",0,0,0.0719121843314,0.146145735463
112,pilot_113,2fa6225af84b659b,structured,Benign,Benign,random_forest,DoS probability,5,5,0,0.0342001712158,23.4,15,36,"('L4_DST_PORT', 'TCP_FLAGS', 'L4_SRC_PORT', 'IN_PKTS', 'FLOW_DURATION_MILLISECONDS')",0.505343453865,0.248658310075,"('MIN_IP_PKT_LEN', 'MAX_TTL', 'MIN_TTL', 'SHORTEST_FLOW_PKT', 'DST_TO_SRC_AVG_THROUGHPUT')",0,0,0.0676770836829,0.137538822674
113,pilot_114,e7d2b23f21b0999c,deterministic_text,DoS,Benign,logistic_regression,DoS log-odds,5,5,0,0.158979111508,30,10,43,"('IN_PKTS', 'IN_BYTES', 'L4_DST_PORT', 'PROTOCOL', 'OUT_PKTS')",9.89839975832,7.68577316152,"('MIN_IP_PKT_LEN', 'MIN_TTL', 'MAX_TTL', 'TCP_WIN_MAX_OUT', 'TCP_WIN_MAX_IN')",0,0,0.0160610922361,0.0206848560538
113,pilot_114,e7d2b23f21b0999c,structured,DoS,Benign,logistic_regression,DoS log-odds,5,5,0,0.177893171586,27.4,10,43,"('IN_PKTS', 'IN_BYTES', 'L4_DST_PORT', 'PROTOCOL', 'FLOW_DURATION_MILLISECONDS')",9.89839975832,7.68577316152,"('MIN_IP_PKT_LEN', 'MIN_TTL', 'MAX_TTL', 'TCP_WIN_MAX_OUT', 'TCP_WIN_MAX_IN')",0,0,0.0179719122211,0.023145774387
113,pilot_114,e7d2b23f21b0999c,deterministic_text,DoS,Benign,random_forest,DoS probability,5,5,1,0.0566227320336,26.2,5,43,"('IN_PKTS', 'IN_BYTES', 'L4_DST_PORT', 'PROTOCOL', 'OUT_PKTS')",0.573959475246,0.300046857179,"('MIN_IP_PKT_LEN', 'MAX_TTL', 'MIN_TTL', 'DST_TO_SRC_AVG_THROUGHPUT', 'OUT_PKTS')",0.2,0.111111111111,0.0986528395744,0.188712964922
113,pilot_114,e7d2b23f21b0999c,structured,DoS,Benign,random_forest,DoS probability,5,5,0,0.0261968489774,29.2,9,43,"('IN_PKTS', 'IN_BYTES', 'L4_DST_PORT', 'PROTOCOL', 'FLOW_DURATION_MILLISECONDS')",0.573959475246,0.300046857179,"('MIN_IP_PKT_LEN', 'MAX_TTL', 'MIN_TTL', 'DST_TO_SRC_AVG_THROUGHPUT', 'OUT_PKTS')",0,0,0.0456423320936,0.0873091930498
114,pilot_115,4032bd4dc0d2dbdd,deterministic_text,DoS,Benign,logistic_regression,DoS log-odds,5,5,1,0.69946949281,20.6,3,39,"('IN_BYTES', 'L4_DST_PORT', 'IN_PKTS', 'TCP_FLAGS', 'FLOW_DURATION_MILLISECONDS')",5.08016172403,3.15337914606,"('SERVER_TCP_FLAGS', 'L7_PROTO', 'L4_DST_PORT', 'MIN_TTL', 'MAX_TTL')",0.2,0.111111111111,0.137686461733,0.22181585544
114,pilot_115,4032bd4dc0d2dbdd,structured,DoS,Benign,logistic_regression,DoS log-odds,5,5,1,0.659983730179,23.8,3,39,"('L4_DST_PORT', 'IN_BYTES', 'TCP_FLAGS', 'OUT_BYTES', 'FLOW_DURATION_MILLISECONDS')",5.08016172403,3.15337914606,"('SERVER_TCP_FLAGS', 'L7_PROTO', 'L4_DST_PORT', 'MIN_TTL', 'MAX_TTL')",0.2,0.111111111111,0.129913921255,0.209294125321
114,pilot_115,4032bd4dc0d2dbdd,deterministic_text,DoS,Benign,random_forest,DoS probability,5,5,0,0.0363501775977,20.4,14,25,"('IN_BYTES', 'L4_DST_PORT', 'IN_PKTS', 'TCP_FLAGS', 'FLOW_DURATION_MILLISECONDS')",0.490219257423,0.249853442816,"('MIN_IP_PKT_LEN', 'MAX_TTL', 'SERVER_TCP_FLAGS', 'SHORTEST_FLOW_PKT', 'MIN_TTL')",0,0,0.0741508560654,0.145485998464
114,pilot_115,4032bd4dc0d2dbdd,structured,DoS,Benign,random_forest,DoS probability,5,5,0,0.0302785545978,23,19,27,"('L4_DST_PORT', 'IN_BYTES', 'TCP_FLAGS', 'OUT_BYTES', 'FLOW_DURATION_MILLISECONDS')",0.490219257423,0.249853442816,"('MIN_IP_PKT_LEN', 'MAX_TTL', 'SERVER_TCP_FLAGS', 'SHORTEST_FLOW_PKT', 'MIN_TTL')",0,0,0.061765330797,0.121185260673
115,pilot_116,ba2c0818a3cda69e,deterministic_text,Benign,DoS,logistic_regression,DoS log-odds,5,5,1,1.97173315482,19.6,1,34,"('DST_TO_SRC_AVG_THROUGHPUT', 'RETRANSMITTED_OUT_PKTS', 'NUM_PKTS_UP_TO_128_BYTES', 'FLOW_DURATION_MILLISECONDS', 'DST_TO_SRC_IAT_MAX')",7.40264787391,5.28246537789,"('DST_TO_SRC_AVG_THROUGHPUT', 'SERVER_TCP_FLAGS', 'MIN_IP_PKT_LEN', 'MIN_TTL', 'MAX_TTL')",0.2,0.111111111111,0.266355118926,0.373260024206
115,pilot_116,ba2c0818a3cda69e,structured,Benign,Benign,logistic_regression,DoS log-odds,5,5,0,0.195853779445,30.4,8,42,"('TCP_FLAGS', 'OUT_BYTES', 'IN_PKTS', 'LONGEST_FLOW_PKT', 'RETRANSMITTED_IN_PKTS')",7.40264787391,5.28246537789,"('DST_TO_SRC_AVG_THROUGHPUT', 'SERVER_TCP_FLAGS', 'MIN_IP_PKT_LEN', 'MIN_TTL', 'MAX_TTL')",0,0,0.0264572599941,0.0370762069288
115,pilot_116,ba2c0818a3cda69e,deterministic_text,Benign,DoS,random_forest,DoS probability,5,5,0,0.0724411691791,13.6,6,30,"('DST_TO_SRC_AVG_THROUGHPUT', 'RETRANSMITTED_OUT_PKTS', 'NUM_PKTS_UP_TO_128_BYTES', 'FLOW_DURATION_MILLISECONDS', 'DST_TO_SRC_IAT_MAX')",0.507623305227,0.227251934109,"('MIN_IP_PKT_LEN', 'MAX_TTL', 'MIN_TTL', 'SERVER_TCP_FLAGS', 'SHORTEST_FLOW_PKT')",0,0,0.142706547223,0.318770308658
115,pilot_116,ba2c0818a3cda69e,structured,Benign,Benign,random_forest,DoS probability,5,5,0,0.0460630871281,18.8,11,32,"('TCP_FLAGS', 'OUT_BYTES', 'IN_PKTS', 'LONGEST_FLOW_PKT', 'RETRANSMITTED_IN_PKTS')",0.507623305227,0.227251934109,"('MIN_IP_PKT_LEN', 'MAX_TTL', 'MIN_TTL', 'SERVER_TCP_FLAGS', 'SHORTEST_FLOW_PKT')",0,0,0.0907426563236,0.202696128016
116,pilot_117,a2d19c80d3d6a055,deterministic_text,Benign,Benign,logistic_regression,DoS log-odds,5,5,0,0.757994944772,22.4,6,41,"('L4_DST_PORT', 'IN_PKTS', 'TCP_FLAGS', 'FLOW_DURATION_MILLISECONDS', 'SRC_TO_DST_AVG_THROUGHPUT')",7.54551383343,4.08689746969,"('SERVER_TCP_FLAGS', 'MIN_IP_PKT_LEN', 'MIN_TTL', 'MAX_TTL', 'L7_PROTO')",0,0,0.100456372025,0.185469528021
116,pilot_117,a2d19c80d3d6a055,structured,Benign,Benign,logistic_regression,DoS log-odds,5,5,0,0.829364289629,23.4,6,41,"('SRC_TO_DST_AVG_THROUGHPUT', 'OUT_PKTS', 'L4_DST_PORT', 'FLOW_DURATION_MILLISECONDS', 'TCP_WIN_MAX_IN')",7.54551383343,4.08689746969,"('SERVER_TCP_FLAGS', 'MIN_IP_PKT_LEN', 'MIN_TTL', 'MAX_TTL', 'L7_PROTO')",0,0,0.109914885578,0.202932492381
116,pilot_117,a2d19c80d3d6a055,deterministic_text,Benign,Benign,random_forest,DoS probability,5,5,0,0.0374327151166,22.4,11,32,"('L4_DST_PORT', 'IN_PKTS', 'TCP_FLAGS', 'FLOW_DURATION_MILLISECONDS', 'SRC_TO_DST_AVG_THROUGHPUT')",0.586330160797,0.299450918572,"('MIN_IP_PKT_LEN', 'MAX_TTL', 'MIN_TTL', 'SERVER_TCP_FLAGS', 'SHORTEST_FLOW_PKT')",0,0,0.0638423837275,0.125004509237
116,pilot_117,a2d19c80d3d6a055,structured,Benign,Benign,random_forest,DoS probability,5,5,0,0.0565201394195,20.6,7,32,"('SRC_TO_DST_AVG_THROUGHPUT', 'OUT_PKTS', 'L4_DST_PORT', 'FLOW_DURATION_MILLISECONDS', 'TCP_WIN_MAX_IN')",0.586330160797,0.299450918572,"('MIN_IP_PKT_LEN', 'MAX_TTL', 'MIN_TTL', 'SERVER_TCP_FLAGS', 'SHORTEST_FLOW_PKT')",0,0,0.0963964387278,0.188745920998
117,pilot_118,6870dae92f481b6c,deterministic_text,DoS,Benign,logistic_regression,DoS log-odds,5,5,0,0.193561691817,24,13,38,"('IN_PKTS', 'FLOW_DURATION_MILLISECONDS', 'IN_BYTES', 'CLIENT_TCP_FLAGS', 'SRC_TO_DST_AVG_THROUGHPUT')",4.75194213394,2.80168513689,"('SERVER_TCP_FLAGS', 'L7_PROTO', 'MIN_TTL', 'MAX_TTL', 'DST_TO_SRC_IAT_AVG')",0,0,0.0407331752705,0.0690875963426
117,pilot_118,6870dae92f481b6c,structured,DoS,Benign,logistic_regression,DoS log-odds,5,5,0,0.23745605896,23.4,13,38,"('IN_PKTS', 'IN_BYTES', 'TCP_FLAGS', 'MAX_IP_PKT_LEN', 'RETRANSMITTED_IN_PKTS')",4.75194213394,2.80168513689,"('SERVER_TCP_FLAGS', 'L7_PROTO', 'MIN_TTL', 'MAX_TTL', 'DST_TO_SRC_IAT_AVG')",0,0,0.0499703178758,0.0847547270152
117,pilot_118,6870dae92f481b6c,deterministic_text,DoS,Benign,random_forest,DoS probability,5,5,0,0.044743321146,21.2,13,28,"('IN_PKTS', 'FLOW_DURATION_MILLISECONDS', 'IN_BYTES', 'CLIENT_TCP_FLAGS', 'SRC_TO_DST_AVG_THROUGHPUT')",0.524313926088,0.234079465747,"('SHORTEST_FLOW_PKT', 'MIN_TTL', 'MAX_TTL', 'MIN_IP_PKT_LEN', 'SERVER_TCP_FLAGS')",0,0,0.0853368924984,0.191145861527
117,pilot_118,6870dae92f481b6c,structured,DoS,Benign,random_forest,DoS probability,5,5,0,0.040409396764,21,13,35,"('IN_PKTS', 'IN_BYTES', 'TCP_FLAGS', 'MAX_IP_PKT_LEN', 'RETRANSMITTED_IN_PKTS')",0.524313926088,0.234079465747,"('SHORTEST_FLOW_PKT', 'MIN_TTL', 'MAX_TTL', 'MIN_IP_PKT_LEN', 'SERVER_TCP_FLAGS')",0,0,0.077070996503,0.172631104719
118,pilot_119,348ec432ee9c618d,deterministic_text,DoS,Benign,logistic_regression,DoS log-odds,5,5,1,0.753452626471,20.6,5,34,"('IN_PKTS', 'IN_BYTES', 'L4_DST_PORT', 'FLOW_DURATION_MILLISECONDS', 'SRC_TO_DST_AVG_THROUGHPUT')",7.48895735694,4.96956016376,"('MAX_TTL', 'MIN_TTL', 'SERVER_TCP_FLAGS', 'L7_PROTO', 'L4_DST_PORT')",0.2,0.111111111111,0.100608481336,0.151613543582
118,pilot_119,348ec432ee9c618d,structured,DoS,Benign,logistic_regression,DoS log-odds,5,5,1,0.753452626471,20.6,5,34,"('IN_BYTES', 'IN_PKTS', 'SRC_TO_DST_AVG_THROUGHPUT', 'FLOW_DURATION_MILLISECONDS', 'L4_DST_PORT')",7.48895735694,4.96956016376,"('MAX_TTL', 'MIN_TTL', 'SERVER_TCP_FLAGS', 'L7_PROTO', 'L4_DST_PORT')",0.2,0.111111111111,0.100608481336,0.151613543582
118,pilot_119,348ec432ee9c618d,deterministic_text,DoS,Benign,random_forest,DoS probability,5,5,0,0.0309259507852,24,19,28,"('IN_PKTS', 'IN_BYTES', 'L4_DST_PORT', 'FLOW_DURATION_MILLISECONDS', 'SRC_TO_DST_AVG_THROUGHPUT')",0.498616973562,0.232834183199,"('MIN_IP_PKT_LEN', 'MIN_TTL', 'MAX_TTL', 'SERVER_TCP_FLAGS', 'SHORTEST_FLOW_PKT')",0,0,0.0620234617453,0.132823928
118,pilot_119,348ec432ee9c618d,structured,DoS,Benign,random_forest,DoS probability,5,5,0,0.0309259507852,24,19,28,"('IN_BYTES', 'IN_PKTS', 'SRC_TO_DST_AVG_THROUGHPUT', 'FLOW_DURATION_MILLISECONDS', 'L4_DST_PORT')",0.498616973562,0.232834183199,"('MIN_IP_PKT_LEN', 'MIN_TTL', 'MAX_TTL', 'SERVER_TCP_FLAGS', 'SHORTEST_FLOW_PKT')",0,0,0.0620234617453,0.132823928
119,pilot_120,2263cdb2266dc1fb,deterministic_text,DoS,Benign,logistic_regression,DoS log-odds,5,5,0,0.228444721622,25.2,10,38,"('IN_PKTS', 'TCP_FLAGS', 'OUT_PKTS', 'FLOW_DURATION_MILLISECONDS', 'IN_BYTES')",6.02923626166,4.16702046585,"('MAX_TTL', 'MIN_TTL', 'SERVER_TCP_FLAGS', 'MIN_IP_PKT_LEN', 'DST_TO_SRC_AVG_THROUGHPUT')",0,0,0.0378894957351,0.0548220781478
119,pilot_120,2263cdb2266dc1fb,structured,DoS,Benign,logistic_regression,DoS log-odds,5,5,0,0.332973928076,20.4,10,38,"('IN_PKTS', 'IN_BYTES', 'TCP_FLAGS', 'FLOW_DURATION_MILLISECONDS', 'SRC_TO_DST_AVG_THROUGHPUT')",6.02923626166,4.16702046585,"('MAX_TTL', 'MIN_TTL', 'SERVER_TCP_FLAGS', 'MIN_IP_PKT_LEN', 'DST_TO_SRC_AVG_THROUGHPUT')",0,0,0.0552265516933,0.0799069576943
119,pilot_120,2263cdb2266dc1fb,deterministic_text,DoS,Benign,random_forest,DoS probability,5,5,0,0.040444493132,20.4,7,32,"('IN_PKTS', 'TCP_FLAGS', 'OUT_PKTS', 'FLOW_DURATION_MILLISECONDS', 'IN_BYTES')",0.496237114402,0.254678153387,"('MIN_IP_PKT_LEN', 'MAX_TTL', 'MIN_TTL', 'SHORTEST_FLOW_PKT', 'SERVER_TCP_FLAGS')",0,0,0.0815023543347,0.158806291762
119,pilot_120,2263cdb2266dc1fb,structured,DoS,Benign,random_forest,DoS probability,5,5,0,0.0422914072207,19.2,7,32,"('IN_PKTS', 'IN_BYTES', 'TCP_FLAGS', 'FLOW_DURATION_MILLISECONDS', 'SRC_TO_DST_AVG_THROUGHPUT')",0.496237114402,0.254678153387,"('MIN_IP_PKT_LEN', 'MAX_TTL', 'MIN_TTL', 'SHORTEST_FLOW_PKT', 'SERVER_TCP_FLAGS')",0,0,0.0852241922122,0.166058245116
120,pilot_121,38aa22deace5a5be,deterministic_text,DoS,Benign,logistic_regression,DoS log-odds,5,5,0,0.163514533476,26.4,14,43,"('IN_PKTS', 'IN_BYTES', 'FLOW_DURATION_MILLISECONDS', 'L4_DST_PORT', 'PROTOCOL')",10.0929988223,7.95997979987,"('MIN_IP_PKT_LEN', 'MIN_TTL', 'MAX_TTL', 'TCP_WIN_MAX_OUT', 'TCP_WIN_MAX_IN')",0,0,0.0162007879278,0.0205420789483
120,pilot_121,38aa22deace5a5be,structured,DoS,DoS,logistic_regression,DoS log-odds,5,5,1,1.37575778385,21.6,2,39,"('L4_DST_PORT', 'OUT_PKTS', 'PROTOCOL', 'FLOW_DURATION_MILLISECONDS', 'MIN_TTL')",10.0929988223,7.95997979987,"('MIN_IP_PKT_LEN', 'MIN_TTL', 'MAX_TTL', 'TCP_WIN_MAX_OUT', 'TCP_WIN_MAX_IN')",0.2,0.111111111111,0.13630812884,0.172834331046
120,pilot_121,38aa22deace5a5be,deterministic_text,DoS,Benign,random_forest,DoS probability,5,5,0,0.0509679542375,19.2,9,30,"('IN_PKTS', 'IN_BYTES', 'FLOW_DURATION_MILLISECONDS', 'L4_DST_PORT', 'PROTOCOL')",0.612156399209,0.279422580195,"('MIN_IP_PKT_LEN', 'MAX_TTL', 'MIN_TTL', 'DST_TO_SRC_AVG_THROUGHPUT', 'OUT_PKTS')",0,0,0.0832596936067,0.182404565164
120,pilot_121,38aa22deace5a5be,structured,DoS,DoS,random_forest,DoS probability,5,5,2,0.124412745365,13,3,30,"('L4_DST_PORT', 'OUT_PKTS', 'PROTOCOL', 'FLOW_DURATION_MILLISECONDS', 'MIN_TTL')",0.612156399209,0.279422580195,"('MIN_IP_PKT_LEN', 'MAX_TTL', 'MIN_TTL', 'DST_TO_SRC_AVG_THROUGHPUT', 'OUT_PKTS')",0.4,0.25,0.20323686157,0.445249432879
121,pilot_122,bd172e11caeed621,deterministic_text,Benign,DoS,logistic_regression,DoS log-odds,5,5,0,0.313542056353,25,9,39,"('RETRANSMITTED_IN_PKTS', 'RETRANSMITTED_IN_BYTES', 'SRC_TO_DST_IAT_STDDEV', 'SRC_TO_DST_AVG_THROUGHPUT', 'FLOW_DURATION_MILLISECONDS')",6.02171058728,3.52145009682,"('MIN_IP_PKT_LEN', 'SERVER_TCP_FLAGS', 'MIN_TTL', 'MAX_TTL', 'DST_TO_SRC_AVG_THROUGHPUT')",0,0,0.0520686027348,0.0890377678889
121,pilot_122,bd172e11caeed621,structured,Benign,Benign,logistic_regression,DoS log-odds,5,5,1,1.04572495639,16.6,3,25,"('TCP_FLAGS', 'IN_PKTS', 'FLOW_DURATION_MILLISECONDS', 'MIN_TTL', 'TCP_WIN_MAX_IN')",6.02171058728,3.52145009682,"('MIN_IP_PKT_LEN', 'SERVER_TCP_FLAGS', 'MIN_TTL', 'MAX_TTL', 'DST_TO_SRC_AVG_THROUGHPUT')",0.2,0.111111111111,0.173659119154,0.296958618648
121,pilot_122,bd172e11caeed621,deterministic_text,Benign,DoS,random_forest,DoS probability,5,5,0,0.0354583228095,21.8,15,29,"('RETRANSMITTED_IN_PKTS', 'RETRANSMITTED_IN_BYTES', 'SRC_TO_DST_IAT_STDDEV', 'SRC_TO_DST_AVG_THROUGHPUT', 'FLOW_DURATION_MILLISECONDS')",0.501695177764,0.239890701621,"('MIN_TTL', 'MAX_TTL', 'MIN_IP_PKT_LEN', 'SHORTEST_FLOW_PKT', 'DST_TO_SRC_AVG_THROUGHPUT')",0,0,0.0706770253752,0.147810325994
121,pilot_122,bd172e11caeed621,structured,Benign,Benign,random_forest,DoS probability,5,5,1,0.100926095134,11.8,1,22,"('TCP_FLAGS', 'IN_PKTS', 'FLOW_DURATION_MILLISECONDS', 'MIN_TTL', 'TCP_WIN_MAX_IN')",0.501695177764,0.239890701621,"('MIN_TTL', 'MAX_TTL', 'MIN_IP_PKT_LEN', 'SHORTEST_FLOW_PKT', 'DST_TO_SRC_AVG_THROUGHPUT')",0.2,0.111111111111,0.201170151932,0.420716995083
122,pilot_123,80610c085079c06b,deterministic_text,Benign,DoS,logistic_regression,DoS log-odds,5,5,0,0.898141673187,15,7,27,"('RETRANSMITTED_IN_BYTES', 'L4_DST_PORT', 'RETRANSMITTED_IN_PKTS', 'NUM_PKTS_UP_TO_128_BYTES', 'FLOW_DURATION_MILLISECONDS')",7.4898424131,4.01423983794,"('MIN_IP_PKT_LEN', 'TCP_WIN_MAX_OUT', 'SERVER_TCP_FLAGS', 'MIN_TTL', 'MAX_TTL')",0,0,0.11991462886,0.223738916818
122,pilot_123,80610c085079c06b,structured,Benign,Benign,logistic_regression,DoS log-odds,5,5,0,0.455318325967,22.6,8,39,"('TCP_FLAGS', 'NUM_PKTS_1024_TO_1514_BYTES', 'L4_DST_PORT', 'FLOW_DURATION_MILLISECONDS', 'RETRANSMITTED_IN_PKTS')",7.4898424131,4.01423983794,"('MIN_IP_PKT_LEN', 'TCP_WIN_MAX_OUT', 'SERVER_TCP_FLAGS', 'MIN_TTL', 'MAX_TTL')",0,0,0.0607914427105,0.113425790274
122,pilot_123,80610c085079c06b,deterministic_text,Benign,DoS,random_forest,DoS probability,5,5,0,0.0402727694245,22.6,8,36,"('RETRANSMITTED_IN_BYTES', 'L4_DST_PORT', 'RETRANSMITTED_IN_PKTS', 'NUM_PKTS_UP_TO_128_BYTES', 'FLOW_DURATION_MILLISECONDS')",0.530861419484,0.24923464358,"('MIN_TTL', 'MAX_TTL', 'MIN_IP_PKT_LEN', 'SHORTEST_FLOW_PKT', 'SERVER_TCP_FLAGS')",0,0,0.0758630556796,0.161585760494
122,pilot_123,80610c085079c06b,structured,Benign,Benign,random_forest,DoS probability,5,5,0,0.0287555773434,25.6,14,36,"('TCP_FLAGS', 'NUM_PKTS_1024_TO_1514_BYTES', 'L4_DST_PORT', 'FLOW_DURATION_MILLISECONDS', 'RETRANSMITTED_IN_PKTS')",0.530861419484,0.24923464358,"('MIN_TTL', 'MAX_TTL', 'MIN_IP_PKT_LEN', 'SHORTEST_FLOW_PKT', 'SERVER_TCP_FLAGS')",0,0,0.0541677663661,0.115375522962
123,pilot_124,02699e0dca03930b,deterministic_text,DoS,DoS,logistic_regression,DoS log-odds,5,5,1,1.26829035923,22.4,2,43,"('L4_DST_PORT', 'OUT_PKTS', 'PROTOCOL', 'IN_PKTS', 'SRC_TO_DST_AVG_THROUGHPUT')",9.22436670814,6.61111031544,"('MIN_IP_PKT_LEN', 'SRC_TO_DST_AVG_THROUGHPUT', 'TCP_WIN_MAX_OUT', 'TCP_WIN_MAX_IN', 'MAX_TTL')",0.2,0.111111111111,0.137493488643,0.1918422623
123,pilot_124,02699e0dca03930b,structured,DoS,Benign,logistic_regression,DoS log-odds,5,5,0,0.177601941637,27.2,10,43,"('IN_PKTS', 'FLOW_DURATION_MILLISECONDS', 'IN_BYTES', 'L4_DST_PORT', 'PROTOCOL')",9.22436670814,6.61111031544,"('MIN_IP_PKT_LEN', 'SRC_TO_DST_AVG_THROUGHPUT', 'TCP_WIN_MAX_OUT', 'TCP_WIN_MAX_IN', 'MAX_TTL')",0,0,0.019253564744,0.0268641624724
123,pilot_124,02699e0dca03930b,deterministic_text,DoS,DoS,random_forest,DoS probability,5,5,1,0.0557342639485,25.6,4,42,"('L4_DST_PORT', 'OUT_PKTS', 'PROTOCOL', 'IN_PKTS', 'SRC_TO_DST_AVG_THROUGHPUT')",0.495160107735,0.235354805868,"('MIN_IP_PKT_LEN', 'DST_TO_SRC_AVG_THROUGHPUT', 'MAX_TTL', 'OUT_PKTS', 'OUT_BYTES')",0.2,0.111111111111,0.11255806572,0.236809542695
123,pilot_124,02699e0dca03930b,structured,DoS,Benign,random_forest,DoS probability,5,5,0,0.0285540549313,26.6,8,42,"('IN_PKTS', 'FLOW_DURATION_MILLISECONDS', 'IN_BYTES', 'L4_DST_PORT', 'PROTOCOL')",0.495160107735,0.235354805868,"('MIN_IP_PKT_LEN', 'DST_TO_SRC_AVG_THROUGHPUT', 'MAX_TTL', 'OUT_PKTS', 'OUT_BYTES')",0,0,0.0576663072919,0.121323441117
124,pilot_125,6122072f2ea85609,deterministic_text,Benign,DoS,logistic_regression,DoS log-odds,5,5,1,1.45410654011,20.4,2,37,"('TCP_FLAGS', 'RETRANSMITTED_OUT_PKTS', 'SRC_TO_DST_IAT_STDDEV', 'DST_TO_SRC_AVG_THROUGHPUT', 'FLOW_DURATION_MILLISECONDS')",9.19883817303,5.13568634825,"('TCP_WIN_MAX_IN', 'DST_TO_SRC_AVG_THROUGHPUT', 'MIN_IP_PKT_LEN', 'NUM_PKTS_UP_TO_128_BYTES', 'SERVER_TCP_FLAGS')",0.2,0.111111111111,0.158075021297,0.283137723278
124,pilot_125,6122072f2ea85609,structured,Benign,DoS,logistic_regression,DoS log-odds,5,5,1,1.45833043553,19.8,2,34,"('RETRANSMITTED_OUT_PKTS', 'DST_TO_SRC_AVG_THROUGHPUT', 'FLOW_DURATION_MILLISECONDS', 'TCP_FLAGS', 'RETRANSMITTED_OUT_BYTES')",9.19883817303,5.13568634825,"('TCP_WIN_MAX_IN', 'DST_TO_SRC_AVG_THROUGHPUT', 'MIN_IP_PKT_LEN', 'NUM_PKTS_UP_TO_128_BYTES', 'SERVER_TCP_FLAGS')",0.2,0.111111111111,0.158534198352,0.283960183049
124,pilot_125,6122072f2ea85609,deterministic_text,Benign,DoS,random_forest,DoS probability,5,5,0,0.0748337575832,13.4,6,23,"('TCP_FLAGS', 'RETRANSMITTED_OUT_PKTS', 'SRC_TO_DST_IAT_STDDEV', 'DST_TO_SRC_AVG_THROUGHPUT', 'FLOW_DURATION_MILLISECONDS')",0.509212373475,0.230308042928,"('MIN_TTL', 'MAX_TTL', 'MIN_IP_PKT_LEN', 'SHORTEST_FLOW_PKT', 'SERVER_TCP_FLAGS')",0,0,0.146959817713,0.324928980472
124,pilot_125,6122072f2ea85609,structured,Benign,DoS,random_forest,DoS probability,5,5,0,0.0800776670839,11.4,6,16,"('RETRANSMITTED_OUT_PKTS', 'DST_TO_SRC_AVG_THROUGHPUT', 'FLOW_DURATION_MILLISECONDS', 'TCP_FLAGS', 'RETRANSMITTED_OUT_BYTES')",0.509212373475,0.230308042928,"('MIN_TTL', 'MAX_TTL', 'MIN_IP_PKT_LEN', 'SHORTEST_FLOW_PKT', 'SERVER_TCP_FLAGS')",0,0,0.157257897206,0.347698091937
125,pilot_126,bfa64f8722e0fa28,deterministic_text,DoS,DoS,logistic_regression,DoS log-odds,5,5,2,2.00595359335,18,4,39,"('PROTOCOL', 'OUT_PKTS', 'FLOW_DURATION_MILLISECONDS', 'SRC_TO_DST_AVG_THROUGHPUT', 'SHORTEST_FLOW_PKT')",12.0932874387,9.1492662309,"('MIN_IP_PKT_LEN', 'MIN_TTL', 'MAX_TTL', 'SRC_TO_DST_AVG_THROUGHPUT', 'SHORTEST_FLOW_PKT')",0.4,0.25,0.165873308107,0.219247483101
125,pilot_126,bfa64f8722e0fa28,structured,DoS,DoS,logistic_regression,DoS log-odds,5,5,1,1.00152078377,23.8,5,39,"('FLOW_DURATION_MILLISECONDS', 'SHORTEST_FLOW_PKT', 'OUT_PKTS', 'L4_DST_PORT', 'PROTOCOL')",12.0932874387,9.1492662309,"('MIN_IP_PKT_LEN', 'MIN_TTL', 'MAX_TTL', 'SRC_TO_DST_AVG_THROUGHPUT', 'SHORTEST_FLOW_PKT')",0.2,0.111111111111,0.0828162556171,0.109464601696
125,pilot_126,bfa64f8722e0fa28,deterministic_text,DoS,DoS,random_forest,DoS probability,5,5,0,0.0579914778316,22.6,6,43,"('PROTOCOL', 'OUT_PKTS', 'FLOW_DURATION_MILLISECONDS', 'SRC_TO_DST_AVG_THROUGHPUT', 'SHORTEST_FLOW_PKT')",0.579278717184,0.297018526772,"('MIN_IP_PKT_LEN', 'MAX_TTL', 'MIN_TTL', 'DST_TO_SRC_AVG_THROUGHPUT', 'OUT_BYTES')",0,0,0.100109802261,0.195245321771
125,pilot_126,bfa64f8722e0fa28,structured,DoS,DoS,random_forest,DoS probability,5,5,0,0.0654866780667,17.4,6,37,"('FLOW_DURATION_MILLISECONDS', 'SHORTEST_FLOW_PKT', 'OUT_PKTS', 'L4_DST_PORT', 'PROTOCOL')",0.579278717184,0.297018526772,"('MIN_IP_PKT_LEN', 'MAX_TTL', 'MIN_TTL', 'DST_TO_SRC_AVG_THROUGHPUT', 'OUT_BYTES')",0,0,0.113048651925,0.220480112061
126,pilot_127,0627a37c42f4e2c6,deterministic_text,Benign,Benign,logistic_regression,DoS log-odds,5,5,0,1.06381332854,20.2,6,40,"('TCP_FLAGS', 'OUT_PKTS', 'NUM_PKTS_1024_TO_1514_BYTES', 'FLOW_DURATION_MILLISECONDS', 'MIN_TTL')",9.34558120755,5.17987936886,"('TCP_WIN_MAX_IN', 'NUM_PKTS_UP_TO_128_BYTES', 'MIN_IP_PKT_LEN', 'DST_TO_SRC_AVG_THROUGHPUT', 'SERVER_TCP_FLAGS')",0,0,0.113830622721,0.20537415117
126,pilot_127,0627a37c42f4e2c6,structured,Benign,DoS,logistic_regression,DoS log-odds,5,5,1,1.00731643777,19.2,4,30,"('RETRANSMITTED_OUT_PKTS', 'FLOW_DURATION_MILLISECONDS', 'DST_TO_SRC_AVG_THROUGHPUT', 'SRC_TO_DST_IAT_AVG', 'TCP_FLAGS')",9.34558120755,5.17987936886,"('TCP_WIN_MAX_IN', 'NUM_PKTS_UP_TO_128_BYTES', 'MIN_IP_PKT_LEN', 'DST_TO_SRC_AVG_THROUGHPUT', 'SERVER_TCP_FLAGS')",0.2,0.111111111111,0.10778531751,0.1944671615
126,pilot_127,0627a37c42f4e2c6,deterministic_text,Benign,Benign,random_forest,DoS probability,5,5,1,0.101416402836,14,1,34,"('TCP_FLAGS', 'OUT_PKTS', 'NUM_PKTS_1024_TO_1514_BYTES', 'FLOW_DURATION_MILLISECONDS', 'MIN_TTL')",0.509524281146,0.23009854603,"('MIN_TTL', 'MAX_TTL', 'MIN_IP_PKT_LEN', 'SHORTEST_FLOW_PKT', 'SERVER_TCP_FLAGS')",0.2,0.111111111111,0.199041354041,0.440752036836
126,pilot_127,0627a37c42f4e2c6,structured,Benign,DoS,random_forest,DoS probability,5,5,0,0.0777563118688,11.6,6,16,"('RETRANSMITTED_OUT_PKTS', 'FLOW_DURATION_MILLISECONDS', 'DST_TO_SRC_AVG_THROUGHPUT', 'SRC_TO_DST_IAT_AVG', 'TCP_FLAGS')",0.509524281146,0.23009854603,"('MIN_TTL', 'MAX_TTL', 'MIN_IP_PKT_LEN', 'SHORTEST_FLOW_PKT', 'SERVER_TCP_FLAGS')",0,0,0.15260570447,0.337926132999
127,pilot_128,a991665a16d5aa18,deterministic_text,Benign,DoS,logistic_regression,DoS log-odds,5,5,1,1.77438202497,23,1,45,"('TCP_FLAGS', 'RETRANSMITTED_OUT_PKTS', 'DST_TO_SRC_AVG_THROUGHPUT', 'FLOW_DURATION_MILLISECONDS', 'SRC_TO_DST_IAT_MIN')",8.31794507048,4.82270910762,"('DST_TO_SRC_AVG_THROUGHPUT', 'MIN_IP_PKT_LEN', 'SERVER_TCP_FLAGS', 'MIN_TTL', 'MAX_TTL')",0.2,0.111111111111,0.213319757456,0.367922258086
127,pilot_128,a991665a16d5aa18,structured,Benign,Benign,logistic_regression,DoS log-odds,5,5,0,0.153997511972,30,19,43,"('TCP_FLAGS', 'L4_SRC_PORT', 'FLOW_DURATION_MILLISECONDS', 'OUT_BYTES', 'RETRANSMITTED_OUT_PKTS')",8.31794507048,4.82270910762,"('DST_TO_SRC_AVG_THROUGHPUT', 'MIN_IP_PKT_LEN', 'SERVER_TCP_FLAGS', 'MIN_TTL', 'MAX_TTL')",0,0,0.0185138890276,0.0319317438675
127,pilot_128,a991665a16d5aa18,deterministic_text,Benign,DoS,random_forest,DoS probability,5,5,0,0.0684172172814,17.8,6,45,"('TCP_FLAGS', 'RETRANSMITTED_OUT_PKTS', 'DST_TO_SRC_AVG_THROUGHPUT', 'FLOW_DURATION_MILLISECONDS', 'SRC_TO_DST_IAT_MIN')",0.508991452429,0.230090800724,"('MIN_TTL', 'MIN_IP_PKT_LEN', 'MAX_TTL', 'SHORTEST_FLOW_PKT', 'SERVER_TCP_FLAGS')",0,0,0.134417222441,0.297348773032
127,pilot_128,a991665a16d5aa18,structured,Benign,Benign,random_forest,DoS probability,5,5,0,0.0587151666751,16.8,8,38,"('TCP_FLAGS', 'L4_SRC_PORT', 'FLOW_DURATION_MILLISECONDS', 'OUT_BYTES', 'RETRANSMITTED_OUT_PKTS')",0.508991452429,0.230090800724,"('MIN_TTL', 'MIN_IP_PKT_LEN', 'MAX_TTL', 'SHORTEST_FLOW_PKT', 'SERVER_TCP_FLAGS')",0,0,0.11535589919,0.255182590917
128,pilot_129,000fe41174e2dc85,deterministic_text,DoS,Benign,logistic_regression,DoS log-odds,5,5,0,0.183468572391,29.4,14,42,"('IN_PKTS', 'IN_BYTES', 'FLOW_DURATION_MILLISECONDS', 'OUT_PKTS', 'TCP_WIN_MAX_IN')",18.7924457521,16.0256130068,"('DST_TO_SRC_IAT_AVG', 'MAX_TTL', 'MIN_TTL', 'DST_TO_SRC_IAT_STDDEV', 'SERVER_TCP_FLAGS')",0,0,0.0097628895574,0.0114484589334
128,pilot_129,000fe41174e2dc85,structured,DoS,Benign,logistic_regression,DoS log-odds,5,5,0,0.500399437105,18.8,10,42,"('TCP_FLAGS', 'IN_BYTES', 'SRC_TO_DST_AVG_THROUGHPUT', 'MAX_IP_PKT_LEN', 'FLOW_DURATION_MILLISECONDS')",18.7924457521,16.0256130068,"('DST_TO_SRC_IAT_AVG', 'MAX_TTL', 'MIN_TTL', 'DST_TO_SRC_IAT_STDDEV', 'SERVER_TCP_FLAGS')",0,0,0.0266276909193,0.0312249794684
128,pilot_129,000fe41174e2dc85,deterministic_text,DoS,Benign,random_forest,DoS probability,5,5,0,0.0377667520209,21.8,10,32,"('IN_PKTS', 'IN_BYTES', 'FLOW_DURATION_MILLISECONDS', 'OUT_PKTS', 'TCP_WIN_MAX_IN')",0.500063861406,0.222459939362,"('MIN_IP_PKT_LEN', 'MAX_TTL', 'MIN_TTL', 'SERVER_TCP_FLAGS', 'SHORTEST_FLOW_PKT')",0,0,0.0755238579223,0.169768777826
128,pilot_129,000fe41174e2dc85,structured,DoS,Benign,random_forest,DoS probability,5,5,0,0.0490227158224,18.6,9,32,"('TCP_FLAGS', 'IN_BYTES', 'SRC_TO_DST_AVG_THROUGHPUT', 'MAX_IP_PKT_LEN', 'FLOW_DURATION_MILLISECONDS')",0.500063861406,0.222459939362,"('MIN_IP_PKT_LEN', 'MAX_TTL', 'MIN_TTL', 'SERVER_TCP_FLAGS', 'SHORTEST_FLOW_PKT')",0,0,0.0980329106058,0.220366489189
129,pilot_130,72811f87d8227dad,deterministic_text,DoS,Benign,logistic_regression,DoS log-odds,5,5,0,0.107394722194,28.2,20,42,"('IN_PKTS', 'IN_BYTES', 'L4_DST_PORT', 'FLOW_DURATION_MILLISECONDS', 'RETRANSMITTED_IN_PKTS')",7.18108259056,4.58104890734,"('MAX_TTL', 'MIN_TTL', 'TCP_WIN_MAX_OUT', 'DST_TO_SRC_IAT_AVG', 'TCP_WIN_MAX_IN')",0,0,0.0149552272711,0.0234432603464
129,pilot_130,72811f87d8227dad,structured,DoS,Benign,logistic_regression,DoS log-odds,5,5,0,0.476914463096,18.8,8,30,"('IN_PKTS', 'L4_DST_PORT', 'LONGEST_FLOW_PKT', 'TCP_FLAGS', 'FLOW_DURATION_MILLISECONDS')",7.18108259056,4.58104890734,"('MAX_TTL', 'MIN_TTL', 'TCP_WIN_MAX_OUT', 'DST_TO_SRC_IAT_AVG', 'TCP_WIN_MAX_IN')",0,0,0.0664126135693,0.104105953187
129,pilot_130,72811f87d8227dad,deterministic_text,DoS,Benign,random_forest,DoS probability,5,5,0,0.0232755097521,28.8,22,37,"('IN_PKTS', 'IN_BYTES', 'L4_DST_PORT', 'FLOW_DURATION_MILLISECONDS', 'RETRANSMITTED_IN_PKTS')",0.503057281066,0.235494816076,"('MIN_IP_PKT_LEN', 'MAX_TTL', 'MIN_TTL', 'SHORTEST_FLOW_PKT', 'DST_TO_SRC_AVG_THROUGHPUT')",0,0,0.0462681102693,0.0988366119474
129,pilot_130,72811f87d8227dad,structured,DoS,Benign,random_forest,DoS probability,5,5,0,0.033307982743,24.6,13,37,"('IN_PKTS', 'L4_DST_PORT', 'LONGEST_FLOW_PKT', 'TCP_FLAGS', 'FLOW_DURATION_MILLISECONDS')",0.503057281066,0.235494816076,"('MIN_IP_PKT_LEN', 'MAX_TTL', 'MIN_TTL', 'SHORTEST_FLOW_PKT', 'DST_TO_SRC_AVG_THROUGHPUT')",0,0,0.0662111135185,0.141438284281
130,pilot_131,bcc39202dc44f4e9,deterministic_text,Benign,Benign,logistic_regression,DoS log-odds,5,5,0,0.339237192543,22.4,11,41,"('IN_PKTS', 'IN_BYTES', 'FLOW_DURATION_MILLISECONDS', 'OUT_PKTS', 'PROTOCOL')",6.55501870473,3.85038244684,"('MIN_IP_PKT_LEN', 'MIN_TTL', 'MAX_TTL', 'TCP_WIN_MAX_IN', 'TCP_WIN_MAX_OUT')",0,0,0.0517522844441,0.0881048044517
130,pilot_131,bcc39202dc44f4e9,structured,Benign,Benign,logistic_regression,DoS log-odds,5,5,0,0.384068327634,20.8,11,41,"('OUT_PKTS', 'IN_PKTS', 'IN_BYTES', 'FLOW_DURATION_MILLISECONDS', 'RETRANSMITTED_IN_PKTS')",6.55501870473,3.85038244684,"('MIN_IP_PKT_LEN', 'MIN_TTL', 'MAX_TTL', 'TCP_WIN_MAX_IN', 'TCP_WIN_MAX_OUT')",0,0,0.0585914922496,0.0997480985166
130,pilot_131,bcc39202dc44f4e9,deterministic_text,Benign,Benign,random_forest,DoS probability,5,5,0,0.0341823582741,23.8,6,44,"('IN_PKTS', 'IN_BYTES', 'FLOW_DURATION_MILLISECONDS', 'OUT_PKTS', 'PROTOCOL')",0.555721412955,0.330057487297,"('MIN_TTL', 'MIN_IP_PKT_LEN', 'MAX_TTL', 'DST_TO_SRC_AVG_THROUGHPUT', 'SHORTEST_FLOW_PKT')",0,0,0.0615098815291,0.103564862455
130,pilot_131,bcc39202dc44f4e9,structured,Benign,Benign,random_forest,DoS probability,5,5,0,0.0382102732521,20.4,6,28,"('OUT_PKTS', 'IN_PKTS', 'IN_BYTES', 'FLOW_DURATION_MILLISECONDS', 'RETRANSMITTED_IN_PKTS')",0.555721412955,0.330057487297,"('MIN_TTL', 'MIN_IP_PKT_LEN', 'MAX_TTL', 'DST_TO_SRC_AVG_THROUGHPUT', 'SHORTEST_FLOW_PKT')",0,0,0.0687579646227,0.11576853949
131,pilot_132,210ab4bc758d413d,deterministic_text,DoS,Benign,logistic_regression,DoS log-odds,5,5,0,0.21721481165,25,14,38,"('IN_PKTS', 'IN_BYTES', 'FLOW_DURATION_MILLISECONDS', 'PROTOCOL', 'RETRANSMITTED_IN_PKTS')",9.92486140172,7.28992550364,"('MIN_IP_PKT_LEN', 'MIN_TTL', 'MAX_TTL', 'TCP_WIN_MAX_IN', 'TCP_WIN_MAX_OUT')",0,0,0.0218859289674,0.0297965749501
131,pilot_132,210ab4bc758d413d,structured,DoS,Benign,logistic_regression,DoS log-odds,5,5,0,0.126818687891,31,22,44,"('IN_PKTS', 'IN_BYTES', 'FLOW_DURATION_MILLISECONDS', 'RETRANSMITTED_IN_PKTS', 'L4_SRC_PORT')",9.92486140172,7.28992550364,"('MIN_IP_PKT_LEN', 'MIN_TTL', 'MAX_TTL', 'TCP_WIN_MAX_IN', 'TCP_WIN_MAX_OUT')",0,0,0.0127778799883,0.0173964312568
131,pilot_132,210ab4bc758d413d,deterministic_text,DoS,Benign,random_forest,DoS probability,5,5,0,0.0400895479285,24,9,42,"('IN_PKTS', 'IN_BYTES', 'FLOW_DURATION_MILLISECONDS', 'PROTOCOL', 'RETRANSMITTED_IN_PKTS')",0.56779504946,0.270440844592,"('MIN_IP_PKT_LEN', 'MIN_TTL', 'MAX_TTL', 'DST_TO_SRC_AVG_THROUGHPUT', 'OUT_BYTES')",0,0,0.0706056665457,0.148237770774
131,pilot_132,210ab4bc758d413d,structured,DoS,Benign,random_forest,DoS probability,5,5,0,0.0383701458473,25.6,9,42,"('IN_PKTS', 'IN_BYTES', 'FLOW_DURATION_MILLISECONDS', 'RETRANSMITTED_IN_PKTS', 'L4_SRC_PORT')",0.56779504946,0.270440844592,"('MIN_IP_PKT_LEN', 'MIN_TTL', 'MAX_TTL', 'DST_TO_SRC_AVG_THROUGHPUT', 'OUT_BYTES')",0,0,0.0675774575417,0.141879995624
132,pilot_133,804334820ba41ca8,deterministic_text,Benign,Benign,logistic_regression,DoS log-odds,5,5,0,0.372337986846,18,9,24,"('FTP_COMMAND_RET_CODE', 'L4_DST_PORT', 'IN_PKTS', 'FLOW_DURATION_MILLISECONDS', 'TCP_FLAGS')",5.93627580278,3.64596646586,"('MIN_IP_PKT_LEN', 'L7_PROTO', 'MIN_TTL', 'MAX_TTL', 'SERVER_TCP_FLAGS')",0,0,0.0627224878386,0.102123261509
132,pilot_133,804334820ba41ca8,structured,Benign,Benign,logistic_regression,DoS log-odds,5,5,1,1.06003846892,14.6,4,24,"('IN_PKTS', 'L4_DST_PORT', 'FTP_COMMAND_RET_CODE', 'FLOW_DURATION_MILLISECONDS', 'MAX_TTL')",5.93627580278,3.64596646586,"('MIN_IP_PKT_LEN', 'L7_PROTO', 'MIN_TTL', 'MAX_TTL', 'SERVER_TCP_FLAGS')",0.2,0.111111111111,0.178569612352,0.290742791752
132,pilot_133,804334820ba41ca8,deterministic_text,Benign,Benign,random_forest,DoS probability,5,5,0,0.0385405768981,19.4,7,25,"('FTP_COMMAND_RET_CODE', 'L4_DST_PORT', 'IN_PKTS', 'FLOW_DURATION_MILLISECONDS', 'TCP_FLAGS')",0.498272233836,0.274007000535,"('MIN_IP_PKT_LEN', 'MAX_TTL', 'MIN_TTL', 'SHORTEST_FLOW_PKT', 'L7_PROTO')",0,0,0.0773484338098,0.140655446112
132,pilot_133,804334820ba41ca8,structured,Benign,Benign,random_forest,DoS probability,5,5,1,0.101340467073,16.2,2,25,"('IN_PKTS', 'L4_DST_PORT', 'FTP_COMMAND_RET_CODE', 'FLOW_DURATION_MILLISECONDS', 'MAX_TTL')",0.498272233836,0.274007000535,"('MIN_IP_PKT_LEN', 'MAX_TTL', 'MIN_TTL', 'SHORTEST_FLOW_PKT', 'L7_PROTO')",0.2,0.111111111111,0.203383733212,0.369846269897
133,pilot_134,d32a9fe0fa4e8c1a,deterministic_text,Benign,DoS,logistic_regression,DoS log-odds,5,5,0,0.0471592549205,33.2,21,38,"('RETRANSMITTED_OUT_PKTS', 'RETRANSMITTED_OUT_BYTES', 'FLOW_DURATION_MILLISECONDS', 'SRC_TO_DST_IAT_MAX', 'OUT_PKTS')",6.81019112938,4.85076974432,"('DST_TO_SRC_AVG_THROUGHPUT', 'SERVER_TCP_FLAGS', 'MIN_IP_PKT_LEN', 'MIN_TTL', 'MAX_TTL')",0,0,0.006924806371,0.00972201473296
133,pilot_134,d32a9fe0fa4e8c1a,structured,Benign,Benign,logistic_regression,DoS log-odds,5,5,0,0.22752826457,25.4,11,42,"('IN_PKTS', 'OUT_PKTS', 'TCP_FLAGS', 'FLOW_DURATION_MILLISECONDS', 'TCP_WIN_MAX_IN')",6.81019112938,4.85076974432,"('DST_TO_SRC_AVG_THROUGHPUT', 'SERVER_TCP_FLAGS', 'MIN_IP_PKT_LEN', 'MIN_TTL', 'MAX_TTL')",0,0,0.0334099675394,0.0469055998456
133,pilot_134,d32a9fe0fa4e8c1a,deterministic_text,Benign,DoS,random_forest,DoS probability,5,5,0,0.0644268922176,13,8,18,"('RETRANSMITTED_OUT_PKTS', 'RETRANSMITTED_OUT_BYTES', 'FLOW_DURATION_MILLISECONDS', 'SRC_TO_DST_IAT_MAX', 'OUT_PKTS')",0.512552528706,0.233964596324,"('MIN_IP_PKT_LEN', 'MAX_TTL', 'MIN_TTL', 'SERVER_TCP_FLAGS', 'SHORTEST_FLOW_PKT')",0,0,0.125698125771,0.275370262124
133,pilot_134,d32a9fe0fa4e8c1a,structured,Benign,Benign,random_forest,DoS probability,5,5,0,0.0544405939018,16.2,8,26,"('IN_PKTS', 'OUT_PKTS', 'TCP_FLAGS', 'FLOW_DURATION_MILLISECONDS', 'TCP_WIN_MAX_IN')",0.512552528706,0.233964596324,"('MIN_IP_PKT_LEN', 'MAX_TTL', 'MIN_TTL', 'SERVER_TCP_FLAGS', 'SHORTEST_FLOW_PKT')",0,0,0.106214662601,0.232687315761
134,pilot_135,980c48a3990ed387,deterministic_text,Benign,DoS,logistic_regression,DoS log-odds,5,5,0,0.198416957397,24.8,14,43,"('RETRANSMITTED_IN_PKTS', 'FLOW_DURATION_MILLISECONDS', 'ICMP_TYPE', 'SRC_TO_DST_IAT_AVG', 'L4_DST_PORT')",6.67427323693,4.03531288399,"('SERVER_TCP_FLAGS', 'MIN_IP_PKT_LEN', 'MIN_TTL', 'MAX_TTL', 'SRC_TO_DST_AVG_THROUGHPUT')",0,0,0.0297286236798,0.0491701543601
134,pilot_135,980c48a3990ed387,structured,Benign,DoS,logistic_regression,DoS log-odds,5,5,0,0.128072578419,27,15,39,"('RETRANSMITTED_IN_PKTS', 'RETRANSMITTED_IN_BYTES', 'RETRANSMITTED_OUT_PKTS', 'FLOW_DURATION_MILLISECONDS', 'SRC_TO_DST_IAT_MAX')",6.67427323693,4.03531288399,"('SERVER_TCP_FLAGS', 'MIN_IP_PKT_LEN', 'MIN_TTL', 'MAX_TTL', 'SRC_TO_DST_AVG_THROUGHPUT')",0,0,0.0191889924,0.0317379549248
134,pilot_135,980c48a3990ed387,deterministic_text,Benign,DoS,random_forest,DoS probability,5,5,0,0.0326800430803,23.4,14,34,"('RETRANSMITTED_IN_PKTS', 'FLOW_DURATION_MILLISECONDS', 'ICMP_TYPE', 'SRC_TO_DST_IAT_AVG', 'L4_DST_PORT')",0.520399636972,0.237169854334,"('MIN_IP_PKT_LEN', 'MAX_TTL', 'MIN_TTL', 'SERVER_TCP_FLAGS', 'SHORTEST_FLOW_PKT')",0,0,0.0627979743999,0.137791723877
134,pilot_135,980c48a3990ed387,structured,Benign,DoS,random_forest,DoS probability,5,5,0,0.0501233678014,17.6,9,23,"('RETRANSMITTED_IN_PKTS', 'RETRANSMITTED_IN_BYTES', 'RETRANSMITTED_OUT_PKTS', 'FLOW_DURATION_MILLISECONDS', 'SRC_TO_DST_IAT_MAX')",0.520399636972,0.237169854334,"('MIN_IP_PKT_LEN', 'MAX_TTL', 'MIN_TTL', 'SERVER_TCP_FLAGS', 'SHORTEST_FLOW_PKT')",0,0,0.0963170691145,0.211339539513
135,pilot_136,fd8900d148ce36e4,deterministic_text,Benign,DoS,logistic_regression,DoS log-odds,5,5,0,0.262039026128,26,7,41,"('RETRANSMITTED_OUT_PKTS', 'RETRANSMITTED_IN_PKTS', 'FLOW_DURATION_MILLISECONDS', 'NUM_PKTS_UP_TO_128_BYTES', 'L7_PROTO')",6.81050232144,4.88536642948,"('DST_TO_SRC_AVG_THROUGHPUT', 'SERVER_TCP_FLAGS', 'MIN_IP_PKT_LEN', 'MIN_TTL', 'MAX_TTL')",0,0,0.0384757267174,0.0536375377181
135,pilot_136,fd8900d148ce36e4,structured,Benign,DoS,logistic_regression,DoS log-odds,5,5,1,1.55453369165,22.4,1,41,"('TCP_FLAGS', 'RETRANSMITTED_OUT_BYTES', 'DST_TO_SRC_AVG_THROUGHPUT', 'FLOW_DURATION_MILLISECONDS', 'RETRANSMITTED_IN_PKTS')",6.81050232144,4.88536642948,"('DST_TO_SRC_AVG_THROUGHPUT', 'SERVER_TCP_FLAGS', 'MIN_IP_PKT_LEN', 'MIN_TTL', 'MAX_TTL')",0.2,0.111111111111,0.22825536477,0.318202066127
135,pilot_136,fd8900d148ce36e4,deterministic_text,Benign,DoS,random_forest,DoS probability,5,5,0,0.0523126316702,16.6,9,23,"('RETRANSMITTED_OUT_PKTS', 'RETRANSMITTED_IN_PKTS', 'FLOW_DURATION_MILLISECONDS', 'NUM_PKTS_UP_TO_128_BYTES', 'L7_PROTO')",0.512470139257,0.234538111241,"('MIN_IP_PKT_LEN', 'MAX_TTL', 'MIN_TTL', 'SERVER_TCP_FLAGS', 'SHORTEST_FLOW_PKT')",0,0,0.10207937529,0.223045335334
135,pilot_136,fd8900d148ce36e4,structured,Benign,DoS,random_forest,DoS probability,5,5,0,0.06913114333,14.8,6,23,"('TCP_FLAGS', 'RETRANSMITTED_OUT_BYTES', 'DST_TO_SRC_AVG_THROUGHPUT', 'FLOW_DURATION_MILLISECONDS', 'RETRANSMITTED_IN_PKTS')",0.512470139257,0.234538111241,"('MIN_IP_PKT_LEN', 'MAX_TTL', 'MIN_TTL', 'SERVER_TCP_FLAGS', 'SHORTEST_FLOW_PKT')",0,0,0.134897895573,0.294754413107
136,pilot_137,97c66738c3abb0bf,deterministic_text,DoS,DoS,logistic_regression,DoS log-odds,5,5,0,0.460347091942,17.2,6,32,"('RETRANSMITTED_IN_PKTS', 'RETRANSMITTED_IN_BYTES', 'IN_PKTS', 'SRC_TO_DST_AVG_THROUGHPUT', 'FLOW_DURATION_MILLISECONDS')",6.57797173264,4.51643433757,"('MAX_TTL', 'MIN_TTL', 'SERVER_TCP_FLAGS', 'DST_TO_SRC_IAT_AVG', 'DST_TO_SRC_AVG_THROUGHPUT')",0,0,0.069983136239,0.101927108319
136,pilot_137,97c66738c3abb0bf,structured,DoS,DoS,logistic_regression,DoS log-odds,5,5,0,0.404046575643,20.8,6,41,"('RETRANSMITTED_IN_PKTS', 'IN_BYTES', 'NUM_PKTS_1024_TO_1514_BYTES', 'TCP_FLAGS', 'SRC_TO_DST_IAT_AVG')",6.57797173264,4.51643433757,"('MAX_TTL', 'MIN_TTL', 'SERVER_TCP_FLAGS', 'DST_TO_SRC_IAT_AVG', 'DST_TO_SRC_AVG_THROUGHPUT')",0,0,0.0614241884984,0.0894614081471
136,pilot_137,97c66738c3abb0bf,deterministic_text,DoS,DoS,random_forest,DoS probability,5,5,0,0.0363972755147,21.4,11,27,"('RETRANSMITTED_IN_PKTS', 'RETRANSMITTED_IN_BYTES', 'IN_PKTS', 'SRC_TO_DST_AVG_THROUGHPUT', 'FLOW_DURATION_MILLISECONDS')",0.556210519459,0.267564636822,"('MIN_IP_PKT_LEN', 'MIN_TTL', 'MAX_TTL', 'SERVER_TCP_FLAGS', 'SHORTEST_FLOW_PKT')",0,0,0.0654379488366,0.136031711616
136,pilot_137,97c66738c3abb0bf,structured,DoS,DoS,random_forest,DoS probability,5,5,0,0.0379451038957,27,7,40,"('RETRANSMITTED_IN_PKTS', 'IN_BYTES', 'NUM_PKTS_1024_TO_1514_BYTES', 'TCP_FLAGS', 'SRC_TO_DST_IAT_AVG')",0.556210519459,0.267564636822,"('MIN_IP_PKT_LEN', 'MIN_TTL', 'MAX_TTL', 'SERVER_TCP_FLAGS', 'SHORTEST_FLOW_PKT')",0,0,0.0682207591699,0.14181658812
137,pilot_138,3cea011882ed9a67,deterministic_text,Benign,Benign,logistic_regression,DoS log-odds,5,5,0,0.268230665595,25.6,11,41,"('IN_PKTS', 'IN_BYTES', 'L4_DST_PORT', 'DNS_QUERY_TYPE', 'FLOW_DURATION_MILLISECONDS')",8.14262873602,4.97156597713,"('MIN_IP_PKT_LEN', 'MAX_TTL', 'MIN_TTL', 'TCP_WIN_MAX_IN', 'TCP_WIN_MAX_OUT')",0,0,0.0329415320642,0.053952953019
137,pilot_138,3cea011882ed9a67,structured,Benign,Benign,logistic_regression,DoS log-odds,5,5,0,0.882967271015,23.2,6,41,"('L4_DST_PORT', 'DNS_QUERY_TYPE', 'DNS_TTL_ANSWER', 'IN_PKTS', 'IN_BYTES')",8.14262873602,4.97156597713,"('MIN_IP_PKT_LEN', 'MAX_TTL', 'MIN_TTL', 'TCP_WIN_MAX_IN', 'TCP_WIN_MAX_OUT')",0,0,0.108437618813,0.177603450317
137,pilot_138,3cea011882ed9a67,deterministic_text,Benign,Benign,random_forest,DoS probability,5,5,0,0.0621092910496,15.8,6,26,"('IN_PKTS', 'IN_BYTES', 'L4_DST_PORT', 'DNS_QUERY_TYPE', 'FLOW_DURATION_MILLISECONDS')",0.549445277246,0.324534255287,"('MIN_TTL', 'MIN_IP_PKT_LEN', 'MAX_TTL', 'DST_TO_SRC_AVG_THROUGHPUT', 'SHORTEST_FLOW_PKT')",0,0,0.113039994376,0.19137976974
137,pilot_138,3cea011882ed9a67,structured,Benign,Benign,random_forest,DoS probability,5,5,0,0.0735469873659,12.4,6,21,"('L4_DST_PORT', 'DNS_QUERY_TYPE', 'DNS_TTL_ANSWER', 'IN_PKTS', 'IN_BYTES')",0.549445277246,0.324534255287,"('MIN_TTL', 'MIN_IP_PKT_LEN', 'MAX_TTL', 'DST_TO_SRC_AVG_THROUGHPUT', 'SHORTEST_FLOW_PKT')",0,0,0.133856801417,0.226623187438
138,pilot_139,a10edeb1d0f64f65,deterministic_text,Benign,DoS,logistic_regression,DoS log-odds,5,5,0,0.814708465539,22,7,36,"('RETRANSMITTED_OUT_PKTS', 'RETRANSMITTED_OUT_BYTES', 'DST_TO_SRC_AVG_THROUGHPUT', 'OUT_BYTES', 'FLOW_DURATION_MILLISECONDS')",9.5176940103,4.79572312519,"('TCP_WIN_MAX_IN', 'SERVER_TCP_FLAGS', 'MIN_IP_PKT_LEN', 'MIN_TTL', 'MAX_TTL')",0,0,0.0855993547026,0.169882298096
138,pilot_139,a10edeb1d0f64f65,structured,Benign,Benign,logistic_regression,DoS log-odds,5,5,0,1.52211119553,15.2,6,24,"('TCP_FLAGS', 'L4_DST_PORT', 'PROTOCOL', 'L7_PROTO', 'RETRANSMITTED_OUT_PKTS')",9.5176940103,4.79572312519,"('TCP_WIN_MAX_IN', 'SERVER_TCP_FLAGS', 'MIN_IP_PKT_LEN', 'MIN_TTL', 'MAX_TTL')",0,0,0.159924367592,0.317389297881
138,pilot_139,a10edeb1d0f64f65,deterministic_text,Benign,DoS,random_forest,DoS probability,5,5,0,0.0616670163486,15.6,6,25,"('RETRANSMITTED_OUT_PKTS', 'RETRANSMITTED_OUT_BYTES', 'DST_TO_SRC_AVG_THROUGHPUT', 'OUT_BYTES', 'FLOW_DURATION_MILLISECONDS')",0.535654319501,0.258621056976,"('MIN_IP_PKT_LEN', 'MAX_TTL', 'MIN_TTL', 'SERVER_TCP_FLAGS', 'SHORTEST_FLOW_PKT')",0,0,0.115124650551,0.238445457882
138,pilot_139,a10edeb1d0f64f65,structured,Benign,Benign,random_forest,DoS probability,5,5,0,0.0496002458919,19.6,11,41,"('TCP_FLAGS', 'L4_DST_PORT', 'PROTOCOL', 'L7_PROTO', 'RETRANSMITTED_OUT_PKTS')",0.535654319501,0.258621056976,"('MIN_IP_PKT_LEN', 'MAX_TTL', 'MIN_TTL', 'SERVER_TCP_FLAGS', 'SHORTEST_FLOW_PKT')",0,0,0.092597490744,0.191787345052
139,pilot_140,2408c9d2976c6b02,deterministic_text,DoS,Benign,logistic_regression,DoS log-odds,5,5,0,0.237183275664,26,16,41,"('IN_PKTS', 'IN_BYTES', 'FLOW_DURATION_MILLISECONDS', 'PROTOCOL', 'RETRANSMITTED_IN_PKTS')",10.5680246068,8.00470987677,"('MIN_IP_PKT_LEN', 'MIN_TTL', 'MAX_TTL', 'TCP_WIN_MAX_IN', 'TCP_WIN_MAX_OUT')",0,0,0.0224434825324,0.0296304649782
139,pilot_140,2408c9d2976c6b02,structured,DoS,DoS,logistic_regression,DoS log-odds,5,5,0,0.206962925848,27.4,16,39,"('L4_DST_PORT', 'PROTOCOL', 'OUT_PKTS', 'SHORTEST_FLOW_PKT', 'FLOW_DURATION_MILLISECONDS')",10.5680246068,8.00470987677,"('MIN_IP_PKT_LEN', 'MIN_TTL', 'MAX_TTL', 'TCP_WIN_MAX_IN', 'TCP_WIN_MAX_OUT')",0,0,0.0195838800105,0.0258551439132
139,pilot_140,2408c9d2976c6b02,deterministic_text,DoS,Benign,random_forest,DoS probability,5,5,0,0.0371440775704,23.6,10,42,"('IN_PKTS', 'IN_BYTES', 'FLOW_DURATION_MILLISECONDS', 'PROTOCOL', 'RETRANSMITTED_IN_PKTS')",0.565651577356,0.274987825542,"('MIN_IP_PKT_LEN', 'MAX_TTL', 'MIN_TTL', 'DST_TO_SRC_AVG_THROUGHPUT', 'OUT_BYTES')",0,0,0.06566600193,0.135075352871
139,pilot_140,2408c9d2976c6b02,structured,DoS,DoS,random_forest,DoS probability,5,5,0,0.0624236784091,20.4,6,42,"('L4_DST_PORT', 'PROTOCOL', 'OUT_PKTS', 'SHORTEST_FLOW_PKT', 'FLOW_DURATION_MILLISECONDS')",0.565651577356,0.274987825542,"('MIN_IP_PKT_LEN', 'MAX_TTL', 'MIN_TTL', 'DST_TO_SRC_AVG_THROUGHPUT', 'OUT_BYTES')",0,0,0.110357118955,0.227005243909
140,pilot_141,b826e2e50b1f11a1,deterministic_text,DoS,Benign,logistic_regression,DoS log-odds,5,5,1,1.61253151358,24.6,2,41,"('IN_PKTS', 'FLOW_DURATION_MILLISECONDS', 'TCP_FLAGS', 'IN_BYTES', 'OUT_PKTS')",13.550738827,8.82245642984,"('MIN_IP_PKT_LEN', 'FLOW_DURATION_MILLISECONDS', 'DURATION_IN', 'MAX_TTL', 'MIN_TTL')",0.2,0.111111111111,0.118999527196,0.18277579792
140,pilot_141,b826e2e50b1f11a1,structured,DoS,Benign,logistic_regression,DoS log-odds,5,5,0,0.398175457131,28.2,15,44,"('IN_PKTS', 'SRC_TO_DST_IAT_STDDEV', 'TCP_FLAGS', 'L4_DST_PORT', 'OUT_PKTS')",13.550738827,8.82245642984,"('MIN_IP_PKT_LEN', 'FLOW_DURATION_MILLISECONDS', 'DURATION_IN', 'MAX_TTL', 'MIN_TTL')",0,0,0.0293840403991,0.0451320400727
140,pilot_141,b826e2e50b1f11a1,deterministic_text,DoS,Benign,random_forest,DoS probability,5,5,0,0.0481131642153,19.6,7,28,"('IN_PKTS', 'FLOW_DURATION_MILLISECONDS', 'TCP_FLAGS', 'IN_BYTES', 'OUT_PKTS')",0.516732610748,0.247478918413,"('MIN_TTL', 'MAX_TTL', 'MIN_IP_PKT_LEN', 'SHORTEST_FLOW_PKT', 'DST_TO_SRC_AVG_THROUGHPUT')",0,0,0.0931103692986,0.194413182844
140,pilot_141,b826e2e50b1f11a1,structured,DoS,Benign,random_forest,DoS probability,5,5,0,0.0494102614881,20.4,7,41,"('IN_PKTS', 'SRC_TO_DST_IAT_STDDEV', 'TCP_FLAGS', 'L4_DST_PORT', 'OUT_PKTS')",0.516732610748,0.247478918413,"('MIN_TTL', 'MAX_TTL', 'MIN_IP_PKT_LEN', 'SHORTEST_FLOW_PKT', 'DST_TO_SRC_AVG_THROUGHPUT')",0,0,0.0956205597641,0.199654426344
141,pilot_142,a85f1c01257ab576,deterministic_text,DoS,Benign,logistic_regression,DoS log-odds,5,5,2,1.37759494816,19.4,1,41,"('IN_BYTES', 'FLOW_DURATION_MILLISECONDS', 'RETRANSMITTED_IN_PKTS', 'MIN_TTL', 'TCP_WIN_MAX_IN')",5.6322402003,2.40530689923,"('TCP_WIN_MAX_IN', 'MIN_TTL', 'MAX_TTL', 'MIN_IP_PKT_LEN', 'DST_TO_SRC_AVG_THROUGHPUT')",0.4,0.25,0.244590944131,0.572731466661
141,pilot_142,a85f1c01257ab576,structured,DoS,Benign,logistic_regression,DoS log-odds,5,5,0,0.561813875628,21.4,7,41,"('IN_PKTS', 'IN_BYTES', 'TCP_FLAGS', 'L4_DST_PORT', 'FLOW_DURATION_MILLISECONDS')",5.6322402003,2.40530689923,"('TCP_WIN_MAX_IN', 'MIN_TTL', 'MAX_TTL', 'MIN_IP_PKT_LEN', 'DST_TO_SRC_AVG_THROUGHPUT')",0,0,0.099749629925,0.233572637159
141,pilot_142,a85f1c01257ab576,deterministic_text,DoS,Benign,random_forest,DoS probability,5,5,1,0.077368865854,17.6,3,28,"('IN_BYTES', 'FLOW_DURATION_MILLISECONDS', 'RETRANSMITTED_IN_PKTS', 'MIN_TTL', 'TCP_WIN_MAX_IN')",0.502352390818,0.240464140246,"('MIN_IP_PKT_LEN', 'MAX_TTL', 'MIN_TTL', 'SHORTEST_FLOW_PKT', 'DST_TO_SRC_AVG_THROUGHPUT')",0.2,0.111111111111,0.154013133546,0.321748040165
141,pilot_142,a85f1c01257ab576,structured,DoS,Benign,random_forest,DoS probability,5,5,0,0.0335721983823,21.4,14,29,"('IN_PKTS', 'IN_BYTES', 'TCP_FLAGS', 'L4_DST_PORT', 'FLOW_DURATION_MILLISECONDS')",0.502352390818,0.240464140246,"('MIN_IP_PKT_LEN', 'MAX_TTL', 'MIN_TTL', 'SHORTEST_FLOW_PKT', 'DST_TO_SRC_AVG_THROUGHPUT')",0,0,0.0668299763193,0.139614157637
142,pilot_143,a3ec2248104716ae,deterministic_text,Benign,Benign,logistic_regression,DoS log-odds,5,5,1,1.18226325747,17.6,2,40,"('FTP_COMMAND_RET_CODE', 'L4_DST_PORT', 'FLOW_DURATION_MILLISECONDS', 'OUT_PKTS', 'MIN_TTL')",6.12512167534,3.51708393244,"('MIN_IP_PKT_LEN', 'MIN_TTL', 'MAX_TTL', 'L7_PROTO', 'SERVER_TCP_FLAGS')",0.2,0.111111111111,0.19301873826,0.336148718704
142,pilot_143,a3ec2248104716ae,structured,Benign,Benign,logistic_regression,DoS log-odds,5,5,0,0.625669453411,19,6,44,"('L4_DST_PORT', 'FTP_COMMAND_RET_CODE', 'L4_SRC_PORT', 'IN_PKTS', 'TCP_FLAGS')",6.12512167534,3.51708393244,"('MIN_IP_PKT_LEN', 'MIN_TTL', 'MAX_TTL', 'L7_PROTO', 'SERVER_TCP_FLAGS')",0,0,0.102148085634,0.177894376543
142,pilot_143,a3ec2248104716ae,deterministic_text,Benign,Benign,random_forest,DoS probability,5,5,1,0.10481034635,12.2,3,19,"('FTP_COMMAND_RET_CODE', 'L4_DST_PORT', 'FLOW_DURATION_MILLISECONDS', 'OUT_PKTS', 'MIN_TTL')",0.521550519777,0.255263010393,"('MIN_IP_PKT_LEN', 'MAX_TTL', 'MIN_TTL', 'SHORTEST_FLOW_PKT', 'DST_TO_SRC_AVG_THROUGHPUT')",0.2,0.111111111111,0.200959144658,0.410597470385
142,pilot_143,a3ec2248104716ae,structured,Benign,Benign,random_forest,DoS probability,5,5,0,0.0404302012988,22.6,10,42,"('L4_DST_PORT', 'FTP_COMMAND_RET_CODE', 'L4_SRC_PORT', 'IN_PKTS', 'TCP_FLAGS')",0.521550519777,0.255263010393,"('MIN_IP_PKT_LEN', 'MAX_TTL', 'MIN_TTL', 'SHORTEST_FLOW_PKT', 'DST_TO_SRC_AVG_THROUGHPUT')",0,0,0.0775192426537,0.158386447126
143,pilot_144,37bfb7f82c153c1a,deterministic_text,Benign,DoS,logistic_regression,DoS log-odds,5,5,0,0.0704439646213,30,17,45,"('RETRANSMITTED_IN_PKTS', 'SRC_TO_DST_IAT_MIN', 'FLOW_DURATION_MILLISECONDS', 'NUM_PKTS_UP_TO_128_BYTES', 'L4_DST_PORT')",5.09851289855,3.71497067787,"('SERVER_TCP_FLAGS', 'MIN_IP_PKT_LEN', 'MIN_TTL', 'MAX_TTL', 'DST_TO_SRC_IAT_AVG')",0,0,0.013816570836,0.0189621859039
143,pilot_144,37bfb7f82c153c1a,structured,Benign,Benign,logistic_regression,DoS log-odds,5,5,1,0.804855028197,25.8,3,43,"('IN_BYTES', 'L4_DST_PORT', 'TCP_FLAGS', 'FLOW_DURATION_MILLISECONDS', 'MIN_TTL')",5.09851289855,3.71497067787,"('SERVER_TCP_FLAGS', 'MIN_IP_PKT_LEN', 'MIN_TTL', 'MAX_TTL', 'DST_TO_SRC_IAT_AVG')",0.2,0.111111111111,0.157860741791,0.216651784896
143,pilot_144,37bfb7f82c153c1a,deterministic_text,Benign,DoS,random_forest,DoS probability,5,5,0,0.0293786093157,26,10,45,"('RETRANSMITTED_IN_PKTS', 'SRC_TO_DST_IAT_MIN', 'FLOW_DURATION_MILLISECONDS', 'NUM_PKTS_UP_TO_128_BYTES', 'L4_DST_PORT')",0.502215017241,0.243402676133,"('MIN_IP_PKT_LEN', 'MAX_TTL', 'MIN_TTL', 'SERVER_TCP_FLAGS', 'SHORTEST_FLOW_PKT')",0,0,0.0584980701633,0.120699615068
143,pilot_144,37bfb7f82c153c1a,structured,Benign,Benign,random_forest,DoS probability,5,5,1,0.07692393672,18.4,3,29,"('IN_BYTES', 'L4_DST_PORT', 'TCP_FLAGS', 'FLOW_DURATION_MILLISECONDS', 'MIN_TTL')",0.502215017241,0.243402676133,"('MIN_IP_PKT_LEN', 'MAX_TTL', 'MIN_TTL', 'SERVER_TCP_FLAGS', 'SHORTEST_FLOW_PKT')",0.2,0.111111111111,0.153169328035,0.316035706518
144,pilot_145,b58a669a5d16eae4,deterministic_text,Benign,Benign,logistic_regression,DoS log-odds,5,5,0,0.307532167891,21.4,8,41,"('L4_DST_PORT', 'IN_PKTS', 'FLOW_DURATION_MILLISECONDS', 'LONGEST_FLOW_PKT', 'TCP_FLAGS')",5.93759187113,4.01965689421,"('SERVER_TCP_FLAGS', 'MIN_IP_PKT_LEN', 'MIN_TTL', 'MAX_TTL', 'TCP_WIN_MAX_OUT')",0,0,0.0517940900227,0.0765070691317
144,pilot_145,b58a669a5d16eae4,structured,Benign,Benign,logistic_regression,DoS log-odds,5,5,0,0.149392735915,22.6,14,41,"('TCP_FLAGS', 'L4_DST_PORT', 'IN_PKTS', 'FLOW_DURATION_MILLISECONDS', 'RETRANSMITTED_IN_PKTS')",5.93759187113,4.01965689421,"('SERVER_TCP_FLAGS', 'MIN_IP_PKT_LEN', 'MIN_TTL', 'MAX_TTL', 'TCP_WIN_MAX_OUT')",0,0,0.0251604925292,0.0371655441861
144,pilot_145,b58a669a5d16eae4,deterministic_text,Benign,Benign,random_forest,DoS probability,5,5,0,0.0369739612639,22.2,10,31,"('L4_DST_PORT', 'IN_PKTS', 'FLOW_DURATION_MILLISECONDS', 'LONGEST_FLOW_PKT', 'TCP_FLAGS')",0.527774775061,0.256928817806,"('MIN_IP_PKT_LEN', 'MIN_TTL', 'MAX_TTL', 'SERVER_TCP_FLAGS', 'SHORTEST_FLOW_PKT')",0,0,0.0700563251808,0.143907412098
144,pilot_145,b58a669a5d16eae4,structured,Benign,Benign,random_forest,DoS probability,5,5,0,0.0413094711554,20.8,10,31,"('TCP_FLAGS', 'L4_DST_PORT', 'IN_PKTS', 'FLOW_DURATION_MILLISECONDS', 'RETRANSMITTED_IN_PKTS')",0.527774775061,0.256928817806,"('MIN_IP_PKT_LEN', 'MIN_TTL', 'MAX_TTL', 'SERVER_TCP_FLAGS', 'SHORTEST_FLOW_PKT')",0,0,0.0782710222379,0.160781774143
145,pilot_146,566d4f5fc6a77c27,deterministic_text,DoS,DoS,logistic_regression,DoS log-odds,5,5,0,0.150343705829,26.6,11,43,"('RETRANSMITTED_IN_PKTS', 'RETRANSMITTED_IN_BYTES', 'RETRANSMITTED_OUT_PKTS', 'ICMP_TYPE', 'L4_DST_PORT')",6.03516520036,4.39466067987,"('MAX_TTL', 'MIN_TTL', 'SERVER_TCP_FLAGS', 'LONGEST_FLOW_PKT', 'MAX_IP_PKT_LEN')",0,0,0.0249112825975,0.0342105379189
145,pilot_146,566d4f5fc6a77c27,structured,DoS,Benign,logistic_regression,DoS log-odds,5,5,0,0.117560771895,28.2,11,42,"('L4_DST_PORT', 'IN_PKTS', 'FLOW_DURATION_MILLISECONDS', 'L4_SRC_PORT', 'SRC_TO_DST_IAT_AVG')",6.03516520036,4.39466067987,"('MAX_TTL', 'MIN_TTL', 'SERVER_TCP_FLAGS', 'LONGEST_FLOW_PKT', 'MAX_IP_PKT_LEN')",0,0,0.0194792964222,0.0267508188819
145,pilot_146,566d4f5fc6a77c27,deterministic_text,DoS,DoS,random_forest,DoS probability,5,5,0,0.0346234449685,25.4,9,37,"('RETRANSMITTED_IN_PKTS', 'RETRANSMITTED_IN_BYTES', 'RETRANSMITTED_OUT_PKTS', 'ICMP_TYPE', 'L4_DST_PORT')",0.597814747353,0.298386721036,"('SERVER_TCP_FLAGS', 'MIN_IP_PKT_LEN', 'MAX_TTL', 'MIN_TTL', 'SHORTEST_FLOW_PKT')",0,0,0.0579166792419,0.116035475199
145,pilot_146,566d4f5fc6a77c27,structured,DoS,Benign,random_forest,DoS probability,5,5,0,0.0369283802841,24.8,11,37,"('L4_DST_PORT', 'IN_PKTS', 'FLOW_DURATION_MILLISECONDS', 'L4_SRC_PORT', 'SRC_TO_DST_IAT_AVG')",0.597814747353,0.298386721036,"('SERVER_TCP_FLAGS', 'MIN_IP_PKT_LEN', 'MAX_TTL', 'MIN_TTL', 'SHORTEST_FLOW_PKT')",0,0,0.0617722805395,0.123760133011
146,pilot_147,0d7fca71936c0652,deterministic_text,DoS,DoS,logistic_regression,DoS log-odds,5,5,0,0.217876142726,21.6,8,28,"('L4_DST_PORT', 'TCP_FLAGS', 'RETRANSMITTED_IN_PKTS', 'TCP_WIN_MAX_IN', 'L7_PROTO')",5.93049461148,4.18692850291,"('MAX_TTL', 'MIN_TTL', 'SERVER_TCP_FLAGS', 'MIN_IP_PKT_LEN', 'DST_TO_SRC_IAT_AVG')",0,0,0.0367382751355,0.0520372255161
146,pilot_147,0d7fca71936c0652,structured,DoS,DoS,logistic_regression,DoS log-odds,5,5,0,0.226581277985,20.6,8,27,"('TCP_FLAGS', 'L4_DST_PORT', 'FLOW_DURATION_MILLISECONDS', 'RETRANSMITTED_IN_PKTS', 'IN_PKTS')",5.93049461148,4.18692850291,"('MAX_TTL', 'MIN_TTL', 'SERVER_TCP_FLAGS', 'MIN_IP_PKT_LEN', 'DST_TO_SRC_IAT_AVG')",0,0,0.0382061350409,0.0541163475392
146,pilot_147,0d7fca71936c0652,deterministic_text,DoS,DoS,random_forest,DoS probability,5,5,0,0.0417828473155,21.6,8,38,"('L4_DST_PORT', 'TCP_FLAGS', 'RETRANSMITTED_IN_PKTS', 'TCP_WIN_MAX_IN', 'L7_PROTO')",0.502760703548,0.240550602916,"('MAX_TTL', 'MIN_IP_PKT_LEN', 'SHORTEST_FLOW_PKT', 'MIN_TTL', 'SERVER_TCP_FLAGS')",0,0,0.0831068280012,0.173696705845
146,pilot_147,0d7fca71936c0652,structured,DoS,DoS,random_forest,DoS probability,5,5,0,0.0322266833267,23.4,8,38,"('TCP_FLAGS', 'L4_DST_PORT', 'FLOW_DURATION_MILLISECONDS', 'RETRANSMITTED_IN_PKTS', 'IN_PKTS')",0.502760703548,0.240550602916,"('MAX_TTL', 'MIN_IP_PKT_LEN', 'SHORTEST_FLOW_PKT', 'MIN_TTL', 'SERVER_TCP_FLAGS')",0,0,0.0640994475091,0.133970494923
147,pilot_148,b04bae7500469a46,deterministic_text,Benign,Benign,logistic_regression,DoS log-odds,5,5,0,0.102252818144,30.6,23,42,"('IN_PKTS', 'FLOW_DURATION_MILLISECONDS', 'IN_BYTES', 'RETRANSMITTED_IN_PKTS', 'OUT_PKTS')",5.50792205593,3.43033068083,"('MIN_IP_PKT_LEN', 'MIN_TTL', 'MAX_TTL', 'TCP_WIN_MAX_OUT', 'TCP_WIN_MAX_IN')",0,0,0.0185646813998,0.0298084434585
147,pilot_148,b04bae7500469a46,structured,Benign,Benign,logistic_regression,DoS log-odds,5,5,0,0.175401842285,25.6,14,42,"('IN_PKTS', 'FLOW_DURATION_MILLISECONDS', 'PROTOCOL', 'IN_BYTES', 'RETRANSMITTED_IN_PKTS')",5.50792205593,3.43033068083,"('MIN_IP_PKT_LEN', 'MIN_TTL', 'MAX_TTL', 'TCP_WIN_MAX_OUT', 'TCP_WIN_MAX_IN')",0,0,0.0318453748081,0.0511326337328
147,pilot_148,b04bae7500469a46,deterministic_text,Benign,Benign,random_forest,DoS probability,5,5,0,0.0270319759884,27.2,9,35,"('IN_PKTS', 'FLOW_DURATION_MILLISECONDS', 'IN_BYTES', 'RETRANSMITTED_IN_PKTS', 'OUT_PKTS')",0.530747295476,0.285622715437,"('MIN_IP_PKT_LEN', 'MAX_TTL', 'MIN_TTL', 'DST_TO_SRC_AVG_THROUGHPUT', 'SHORTEST_FLOW_PKT')",0,0,0.0509319147151,0.0946422484189
147,pilot_148,b04bae7500469a46,structured,Benign,Benign,random_forest,DoS probability,5,5,0,0.0285479523977,25.8,9,35,"('IN_PKTS', 'FLOW_DURATION_MILLISECONDS', 'PROTOCOL', 'IN_BYTES', 'RETRANSMITTED_IN_PKTS')",0.530747295476,0.285622715437,"('MIN_IP_PKT_LEN', 'MAX_TTL', 'MIN_TTL', 'DST_TO_SRC_AVG_THROUGHPUT', 'SHORTEST_FLOW_PKT')",0,0,0.0537882201963,0.0999498669215
148,pilot_149,7cbda4a8bcae3109,deterministic_text,DoS,Benign,logistic_regression,DoS log-odds,5,5,1,0.699438945407,20.2,3,39,"('L4_DST_PORT', 'IN_BYTES', 'TCP_FLAGS', 'FLOW_DURATION_MILLISECONDS', 'IN_PKTS')",5.05053897948,3.15337914606,"('SERVER_TCP_FLAGS', 'L7_PROTO', 'L4_DST_PORT', 'MIN_TTL', 'MAX_TTL')",0.2,0.111111111111,0.138487980837,0.221806168244
148,pilot_149,7cbda4a8bcae3109,structured,DoS,Benign,logistic_regression,DoS log-odds,5,5,2,1.34345312156,12.8,2,25,"('L7_PROTO', 'L4_DST_PORT', 'IN_PKTS', 'TCP_FLAGS', 'FLOW_DURATION_MILLISECONDS')",5.05053897948,3.15337914606,"('SERVER_TCP_FLAGS', 'L7_PROTO', 'L4_DST_PORT', 'MIN_TTL', 'MAX_TTL')",0.4,0.25,0.266001931085,0.42603602654
148,pilot_149,7cbda4a8bcae3109,deterministic_text,DoS,Benign,random_forest,DoS probability,5,5,0,0.0381817630327,18.4,13,23,"('L4_DST_PORT', 'IN_BYTES', 'TCP_FLAGS', 'FLOW_DURATION_MILLISECONDS', 'IN_PKTS')",0.4730450989,0.256431811653,"('MIN_IP_PKT_LEN', 'MAX_TTL', 'SHORTEST_FLOW_PKT', 'SERVER_TCP_FLAGS', 'MIN_TTL')",0,0,0.0807148475302,0.148896358788
148,pilot_149,7cbda4a8bcae3109,structured,DoS,Benign,random_forest,DoS probability,5,5,0,0.0430734545535,16.4,9,23,"('L7_PROTO', 'L4_DST_PORT', 'IN_PKTS', 'TCP_FLAGS', 'FLOW_DURATION_MILLISECONDS')",0.4730450989,0.256431811653,"('MIN_IP_PKT_LEN', 'MAX_TTL', 'SHORTEST_FLOW_PKT', 'SERVER_TCP_FLAGS', 'MIN_TTL')",0,0,0.0910557041043,0.167972352088
149,pilot_150,55163a8369900b1a,deterministic_text,Benign,Benign,logistic_regression,DoS log-odds,5,5,0,0.710776740102,20.4,9,44,"('IN_PKTS', 'L4_DST_PORT', 'L4_SRC_PORT', 'TCP_FLAGS', 'FLOW_DURATION_MILLISECONDS')",8.55738912583,4.21583097672,"('NUM_PKTS_UP_TO_128_BYTES', 'DURATION_OUT', 'MIN_IP_PKT_LEN', 'MIN_TTL', 'MAX_TTL')",0,0,0.0830599999194,0.168597067583
149,pilot_150,55163a8369900b1a,structured,Benign,Benign,logistic_regression,DoS log-odds,5,5,0,0.440329168122,24.4,14,37,"('L4_DST_PORT', 'TCP_FLAGS', 'IN_PKTS', 'SRC_TO_DST_IAT_AVG', 'OUT_BYTES')",8.55738912583,4.21583097672,"('NUM_PKTS_UP_TO_128_BYTES', 'DURATION_OUT', 'MIN_IP_PKT_LEN', 'MIN_TTL', 'MAX_TTL')",0,0,0.0514560179101,0.104446589665
149,pilot_150,55163a8369900b1a,deterministic_text,Benign,Benign,random_forest,DoS probability,5,5,0,0.0375689662791,25.4,9,39,"('IN_PKTS', 'L4_DST_PORT', 'L4_SRC_PORT', 'TCP_FLAGS', 'FLOW_DURATION_MILLISECONDS')",0.589187948236,0.286427261612,"('MIN_TTL', 'MIN_IP_PKT_LEN', 'MAX_TTL', 'SHORTEST_FLOW_PKT', 'NUM_PKTS_UP_TO_128_BYTES')",0,0,0.0637639761498,0.131164073097
149,pilot_150,55163a8369900b1a,structured,Benign,Benign,random_forest,DoS probability,5,5,0,0.064965447904,16.4,9,24,"('L4_DST_PORT', 'TCP_FLAGS', 'IN_PKTS', 'SRC_TO_DST_IAT_AVG', 'OUT_BYTES')",0.589187948236,0.286427261612,"('MIN_TTL', 'MIN_IP_PKT_LEN', 'MAX_TTL', 'SHORTEST_FLOW_PKT', 'NUM_PKTS_UP_TO_128_BYTES')",0,0,0.110262689688,0.22681307477
150,pilot_151,2b06aa7a1f0054be,deterministic_text,DoS,Benign,logistic_regression,DoS log-odds,5,5,1,0.640250871983,27.2,5,42,"('IN_PKTS', 'L4_DST_PORT', 'FLOW_DURATION_MILLISECONDS', 'L4_SRC_PORT', 'IN_BYTES')",7.23029869034,4.76956485163,"('MAX_TTL', 'MIN_TTL', 'SERVER_TCP_FLAGS', 'L7_PROTO', 'L4_DST_PORT')",0.2,0.111111111111,0.088551095799,0.134236747355
150,pilot_151,2b06aa7a1f0054be,structured,DoS,Benign,logistic_regression,DoS log-odds,5,5,1,0.750776430789,21.4,5,39,"('IN_PKTS', 'IN_BYTES', 'FLOW_DURATION_MILLISECONDS', 'L4_DST_PORT', 'SRC_TO_DST_AVG_THROUGHPUT')",7.23029869034,4.76956485163,"('MAX_TTL', 'MIN_TTL', 'SERVER_TCP_FLAGS', 'L7_PROTO', 'L4_DST_PORT')",0.2,0.111111111111,0.103837540182,0.157409838034
150,pilot_151,2b06aa7a1f0054be,deterministic_text,DoS,Benign,random_forest,DoS probability,5,5,0,0.0310742795102,24.4,16,33,"('IN_PKTS', 'L4_DST_PORT', 'FLOW_DURATION_MILLISECONDS', 'L4_SRC_PORT', 'IN_BYTES')",0.503592982052,0.237948797471,"('MIN_IP_PKT_LEN', 'MAX_TTL', 'MIN_TTL', 'SHORTEST_FLOW_PKT', 'SERVER_TCP_FLAGS')",0,0,0.0617051480414,0.130592294815
150,pilot_151,2b06aa7a1f0054be,structured,DoS,Benign,random_forest,DoS probability,5,5,0,0.0431538472775,20.2,12,27,"('IN_PKTS', 'IN_BYTES', 'FLOW_DURATION_MILLISECONDS', 'L4_DST_PORT', 'SRC_TO_DST_AVG_THROUGHPUT')",0.503592982052,0.237948797471,"('MIN_IP_PKT_LEN', 'MAX_TTL', 'MIN_TTL', 'SHORTEST_FLOW_PKT', 'SERVER_TCP_FLAGS')",0,0,0.085691915526,0.181357702733
151,pilot_152,10412d11838033d7,deterministic_text,DoS,Benign,logistic_regression,DoS log-odds,5,5,0,0.272192316891,24,12,41,"('IN_PKTS', 'IN_BYTES', 'LONGEST_FLOW_PKT', 'FLOW_DURATION_MILLISECONDS', 'SRC_TO_DST_AVG_THROUGHPUT')",7.18989576421,4.55652511767,"('MAX_TTL', 'MIN_TTL', 'TCP_WIN_MAX_OUT', 'TCP_WIN_MAX_IN', 'MIN_IP_PKT_LEN')",0,0,0.0378576165522,0.0597368191467
151,pilot_152,10412d11838033d7,structured,DoS,Benign,logistic_regression,DoS log-odds,5,5,1,0.940655655453,19.8,4,38,"('IN_PKTS', 'OUT_PKTS', 'TCP_FLAGS', 'FLOW_DURATION_MILLISECONDS', 'TCP_WIN_MAX_IN')",7.18989576421,4.55652511767,"('MAX_TTL', 'MIN_TTL', 'TCP_WIN_MAX_OUT', 'TCP_WIN_MAX_IN', 'MIN_IP_PKT_LEN')",0.2,0.111111111111,0.130830221508,0.206441450702
151,pilot_152,10412d11838033d7,deterministic_text,DoS,Benign,random_forest,DoS probability,5,5,0,0.0392207909864,21.6,13,29,"('IN_PKTS', 'IN_BYTES', 'LONGEST_FLOW_PKT', 'FLOW_DURATION_MILLISECONDS', 'SRC_TO_DST_AVG_THROUGHPUT')",0.509982499716,0.232200014473,"('MAX_TTL', 'MIN_IP_PKT_LEN', 'MIN_TTL', 'SHORTEST_FLOW_PKT', 'DST_TO_SRC_AVG_THROUGHPUT')",0,0,0.0769061507175,0.168909511377
151,pilot_152,10412d11838033d7,structured,DoS,Benign,random_forest,DoS probability,5,5,0,0.0456139596212,19.2,12,27,"('IN_PKTS', 'OUT_PKTS', 'TCP_FLAGS', 'FLOW_DURATION_MILLISECONDS', 'TCP_WIN_MAX_IN')",0.509982499716,0.232200014473,"('MAX_TTL', 'MIN_IP_PKT_LEN', 'MIN_TTL', 'SHORTEST_FLOW_PKT', 'DST_TO_SRC_AVG_THROUGHPUT')",0,0,0.0894422056572,0.196442535651
152,pilot_153,7754275a1c196fa2,deterministic_text,DoS,Benign,logistic_regression,DoS log-odds,5,5,0,0.133971492454,26.6,14,40,"('IN_PKTS', 'IN_BYTES', 'SRC_TO_DST_AVG_THROUGHPUT', 'FLOW_DURATION_MILLISECONDS', 'L4_DST_PORT')",5.65488991253,3.88447997594,"('MAX_TTL', 'MIN_TTL', 'SERVER_TCP_FLAGS', 'NUM_PKTS_UP_TO_128_BYTES', 'DST_TO_SRC_AVG_THROUGHPUT')",0,0,0.0236912644679,0.0344889131323
152,pilot_153,7754275a1c196fa2,structured,DoS,Benign,logistic_regression,DoS log-odds,5,5,1,1.07872334854,21,3,36,"('TCP_FLAGS', 'SERVER_TCP_FLAGS', 'OUT_BYTES', 'SRC_TO_DST_IAT_MAX', 'FLOW_DURATION_MILLISECONDS')",5.65488991253,3.88447997594,"('MAX_TTL', 'MIN_TTL', 'SERVER_TCP_FLAGS', 'NUM_PKTS_UP_TO_128_BYTES', 'DST_TO_SRC_AVG_THROUGHPUT')",0.2,0.111111111111,0.190759389701,0.277700839036
152,pilot_153,7754275a1c196fa2,deterministic_text,DoS,Benign,random_forest,DoS probability,5,5,0,0.0196436840748,28.2,17,38,"('IN_PKTS', 'IN_BYTES', 'SRC_TO_DST_AVG_THROUGHPUT', 'FLOW_DURATION_MILLISECONDS', 'L4_DST_PORT')",0.502737570146,0.246254382331,"('MIN_TTL', 'MAX_TTL', 'SHORTEST_FLOW_PKT', 'MIN_IP_PKT_LEN', 'SERVER_TCP_FLAGS')",0,0,0.0390734356079,0.0797698862811
152,pilot_153,7754275a1c196fa2,structured,DoS,Benign,random_forest,DoS probability,5,5,1,0.0871954693955,14.4,5,24,"('TCP_FLAGS', 'SERVER_TCP_FLAGS', 'OUT_BYTES', 'SRC_TO_DST_IAT_MAX', 'FLOW_DURATION_MILLISECONDS')",0.502737570146,0.246254382331,"('MIN_TTL', 'MAX_TTL', 'SHORTEST_FLOW_PKT', 'MIN_IP_PKT_LEN', 'SERVER_TCP_FLAGS')",0.2,0.111111111111,0.173441323214,0.354086975306
153,pilot_154,3292f484073ceec4,deterministic_text,DoS,Benign,logistic_regression,DoS log-odds,5,5,1,0.78200652361,20.6,2,34,"('L4_DST_PORT', 'TCP_FLAGS', 'IN_PKTS', 'FLOW_DURATION_MILLISECONDS', 'OUT_BYTES')",5.66419486607,3.12459309409,"('SERVER_TCP_FLAGS', 'L4_DST_PORT', 'L7_PROTO', 'MIN_TTL', 'MAX_TTL')",0.2,0.111111111111,0.138061373611,0.250274675793
153,pilot_154,3292f484073ceec4,structured,DoS,Benign,logistic_regression,DoS log-odds,5,5,2,1.15236750074,22.2,2,42,"('L4_DST_PORT', 'IN_BYTES', 'OUT_BYTES', 'FLOW_DURATION_MILLISECONDS', 'MIN_TTL')",5.66419486607,3.12459309409,"('SERVER_TCP_FLAGS', 'L4_DST_PORT', 'L7_PROTO', 'MIN_TTL', 'MAX_TTL')",0.4,0.25,0.203447714633,0.368805622376
153,pilot_154,3292f484073ceec4,deterministic_text,DoS,Benign,random_forest,DoS probability,5,5,0,0.0587387184714,17.8,9,27,"('L4_DST_PORT', 'TCP_FLAGS', 'IN_PKTS', 'FLOW_DURATION_MILLISECONDS', 'OUT_BYTES')",0.595623560088,0.277418843044,"('SHORTEST_FLOW_PKT', 'MIN_TTL', 'SERVER_TCP_FLAGS', 'MAX_TTL', 'MIN_IP_PKT_LEN')",0,0,0.0986171844222,0.211732980453
153,pilot_154,3292f484073ceec4,structured,DoS,Benign,random_forest,DoS probability,5,5,1,0.101692931799,16.2,2,27,"('L4_DST_PORT', 'IN_BYTES', 'OUT_BYTES', 'FLOW_DURATION_MILLISECONDS', 'MIN_TTL')",0.595623560088,0.277418843044,"('SHORTEST_FLOW_PKT', 'MIN_TTL', 'SERVER_TCP_FLAGS', 'MAX_TTL', 'MIN_IP_PKT_LEN')",0.2,0.111111111111,0.170733561621,0.366568221118
154,pilot_155,3cfb7e6d67b853db,deterministic_text,Benign,DoS,logistic_regression,DoS log-odds,5,5,0,0.545237345839,20.4,8,35,"('FLOW_DURATION_MILLISECONDS', 'SRC_TO_DST_IAT_MAX', 'RETRANSMITTED_IN_PKTS', 'NUM_PKTS_UP_TO_128_BYTES', 'IN_PKTS')",8.69762866714,4.84754489416,"('TCP_WIN_MAX_OUT', 'SERVER_TCP_FLAGS', 'TCP_WIN_MAX_IN', 'MIN_IP_PKT_LEN', 'MIN_TTL')",0,0,0.0626880459842,0.112477008
154,pilot_155,3cfb7e6d67b853db,structured,Benign,DoS,logistic_regression,DoS log-odds,5,5,0,0.229814678142,25.8,16,42,"('TCP_FLAGS', 'RETRANSMITTED_IN_PKTS', 'FLOW_DURATION_MILLISECONDS', 'L4_DST_PORT', 'SRC_TO_DST_IAT_AVG')",8.69762866714,4.84754489416,"('TCP_WIN_MAX_OUT', 'SERVER_TCP_FLAGS', 'TCP_WIN_MAX_IN', 'MIN_IP_PKT_LEN', 'MIN_TTL')",0,0,0.0264226821973,0.0474084682369
154,pilot_155,3cfb7e6d67b853db,deterministic_text,Benign,DoS,random_forest,DoS probability,5,5,0,0.0600628096246,15.2,8,22,"('FLOW_DURATION_MILLISECONDS', 'SRC_TO_DST_IAT_MAX', 'RETRANSMITTED_IN_PKTS', 'NUM_PKTS_UP_TO_128_BYTES', 'IN_PKTS')",0.531162065863,0.243784297185,"('MIN_IP_PKT_LEN', 'MAX_TTL', 'MIN_TTL', 'SERVER_TCP_FLAGS', 'SHORTEST_FLOW_PKT')",0,0,0.113078123392,0.246376859864
154,pilot_155,3cfb7e6d67b853db,structured,Benign,DoS,random_forest,DoS probability,5,5,0,0.0500294186078,19,11,33,"('TCP_FLAGS', 'RETRANSMITTED_IN_PKTS', 'FLOW_DURATION_MILLISECONDS', 'L4_DST_PORT', 'SRC_TO_DST_IAT_AVG')",0.531162065863,0.243784297185,"('MIN_IP_PKT_LEN', 'MAX_TTL', 'MIN_TTL', 'SERVER_TCP_FLAGS', 'SHORTEST_FLOW_PKT')",0,0,0.0941886136513,0.205220021082
155,pilot_156,ae8f22443e30d7f3,deterministic_text,DoS,Benign,logistic_regression,DoS log-odds,5,5,1,0.719769222902,18.4,3,40,"('IN_PKTS', 'FLOW_DURATION_MILLISECONDS', 'L4_DST_PORT', 'IN_BYTES', 'SRC_TO_DST_AVG_THROUGHPUT')",4.91433156386,3.25741498587,"('SERVER_TCP_FLAGS', 'L7_PROTO', 'L4_DST_PORT', 'MIN_TTL', 'MAX_TTL')",0.2,0.111111111111,0.14646330097,0.220963317853
155,pilot_156,ae8f22443e30d7f3,structured,DoS,Benign,logistic_regression,DoS log-odds,5,5,1,0.719769222902,18.4,3,40,"('L4_DST_PORT', 'IN_BYTES', 'IN_PKTS', 'SRC_TO_DST_AVG_THROUGHPUT', 'FLOW_DURATION_MILLISECONDS')",4.91433156386,3.25741498587,"('SERVER_TCP_FLAGS', 'L7_PROTO', 'L4_DST_PORT', 'MIN_TTL', 'MAX_TTL')",0.2,0.111111111111,0.14646330097,0.220963317853
155,pilot_156,ae8f22443e30d7f3,deterministic_text,DoS,Benign,random_forest,DoS probability,5,5,0,0.0395028170535,20.2,14,25,"('IN_PKTS', 'FLOW_DURATION_MILLISECONDS', 'L4_DST_PORT', 'IN_BYTES', 'SRC_TO_DST_AVG_THROUGHPUT')",0.51117483384,0.243738180191,"('MIN_IP_PKT_LEN', 'SERVER_TCP_FLAGS', 'SHORTEST_FLOW_PKT', 'MAX_TTL', 'MIN_TTL')",0,0,0.0772784856343,0.162070698249
155,pilot_156,ae8f22443e30d7f3,structured,DoS,Benign,random_forest,DoS probability,5,5,0,0.0395028170535,20.2,14,25,"('L4_DST_PORT', 'IN_BYTES', 'IN_PKTS', 'SRC_TO_DST_AVG_THROUGHPUT', 'FLOW_DURATION_MILLISECONDS')",0.51117483384,0.243738180191,"('MIN_IP_PKT_LEN', 'SERVER_TCP_FLAGS', 'SHORTEST_FLOW_PKT', 'MAX_TTL', 'MIN_TTL')",0,0,0.0772784856343,0.162070698249
156,pilot_157,899be45bc72ab02c,deterministic_text,Benign,DoS,logistic_regression,DoS log-odds,5,5,1,1.0884266838,24.8,1,44,"('L4_DST_PORT', 'PROTOCOL', 'MIN_IP_PKT_LEN', 'SRC_TO_DST_IAT_MAX', 'FLOW_DURATION_MILLISECONDS')",5.70630226366,3.29637975348,"('MIN_IP_PKT_LEN', 'MIN_TTL', 'MAX_TTL', 'TCP_WIN_MAX_IN', 'TCP_WIN_MAX_OUT')",0.2,0.111111111111,0.190741154868,0.330188499261
156,pilot_157,899be45bc72ab02c,structured,Benign,Benign,logistic_regression,DoS log-odds,5,5,0,0.189478291482,28.2,13,44,"('OUT_PKTS', 'L4_DST_PORT', 'IN_PKTS', 'PROTOCOL', 'RETRANSMITTED_IN_PKTS')",5.70630226366,3.29637975348,"('MIN_IP_PKT_LEN', 'MIN_TTL', 'MAX_TTL', 'TCP_WIN_MAX_IN', 'TCP_WIN_MAX_OUT')",0,0,0.0332050919715,0.0574807229906
156,pilot_157,899be45bc72ab02c,deterministic_text,Benign,DoS,random_forest,DoS probability,5,5,1,0.107772980713,15.8,1,29,"('L4_DST_PORT', 'PROTOCOL', 'MIN_IP_PKT_LEN', 'SRC_TO_DST_IAT_MAX', 'FLOW_DURATION_MILLISECONDS')",0.549627639738,0.312707990916,"('MIN_IP_PKT_LEN', 'MAX_TTL', 'MIN_TTL', 'DST_TO_SRC_AVG_THROUGHPUT', 'SHORTEST_FLOW_PKT')",0.2,0.111111111111,0.196083626297,0.344644153151
156,pilot_157,899be45bc72ab02c,structured,Benign,Benign,random_forest,DoS probability,5,5,0,0.0174147667454,28.4,20,41,"('OUT_PKTS', 'L4_DST_PORT', 'IN_PKTS', 'PROTOCOL', 'RETRANSMITTED_IN_PKTS')",0.549627639738,0.312707990916,"('MIN_IP_PKT_LEN', 'MAX_TTL', 'MIN_TTL', 'DST_TO_SRC_AVG_THROUGHPUT', 'SHORTEST_FLOW_PKT')",0,0,0.0316846633727,0.0556901878152
157,pilot_158,933bfe80fc02eddf,deterministic_text,Benign,DoS,logistic_regression,DoS log-odds,5,5,1,2.25910440186,27.4,1,44,"('DST_TO_SRC_AVG_THROUGHPUT', 'FLOW_DURATION_MILLISECONDS', 'RETRANSMITTED_OUT_BYTES', 'SRC_TO_DST_IAT_AVG', 'L4_DST_PORT')",8.74960413777,5.3745663958,"('DST_TO_SRC_AVG_THROUGHPUT', 'MIN_IP_PKT_LEN', 'SERVER_TCP_FLAGS', 'MIN_TTL', 'MAX_TTL')",0.2,0.111111111111,0.258195041317,0.420332401815
157,pilot_158,933bfe80fc02eddf,structured,Benign,Benign,logistic_regression,DoS log-odds,5,5,0,0.282735584351,26.2,18,39,"('TCP_FLAGS', 'FLOW_DURATION_MILLISECONDS', 'IN_BYTES', 'OUT_PKTS', 'PROTOCOL')",8.74960413777,5.3745663958,"('DST_TO_SRC_AVG_THROUGHPUT', 'MIN_IP_PKT_LEN', 'SERVER_TCP_FLAGS', 'MIN_TTL', 'MAX_TTL')",0,0,0.0323141001466,0.0526062129537
157,pilot_158,933bfe80fc02eddf,deterministic_text,Benign,DoS,random_forest,DoS probability,5,5,1,0.0796852670329,15,4,31,"('DST_TO_SRC_AVG_THROUGHPUT', 'FLOW_DURATION_MILLISECONDS', 'RETRANSMITTED_OUT_BYTES', 'SRC_TO_DST_IAT_AVG', 'L4_DST_PORT')",0.533384835534,0.264151081571,"('MIN_TTL', 'MIN_IP_PKT_LEN', 'MAX_TTL', 'DST_TO_SRC_AVG_THROUGHPUT', 'SHORTEST_FLOW_PKT')",0.2,0.111111111111,0.149395449072,0.301665495969
157,pilot_158,933bfe80fc02eddf,structured,Benign,Benign,random_forest,DoS probability,5,5,0,0.0406585306443,22,10,43,"('TCP_FLAGS', 'FLOW_DURATION_MILLISECONDS', 'IN_BYTES', 'OUT_PKTS', 'PROTOCOL')",0.533384835534,0.264151081571,"('MIN_TTL', 'MIN_IP_PKT_LEN', 'MAX_TTL', 'DST_TO_SRC_AVG_THROUGHPUT', 'SHORTEST_FLOW_PKT')",0,0,0.0762273839367,0.153921499781
158,pilot_159,cd9f49bdaf8c3a54,deterministic_text,DoS,Benign,logistic_regression,DoS log-odds,5,5,2,1.09128583523,18,3,34,"('L4_DST_PORT', 'IN_PKTS', 'FLOW_DURATION_MILLISECONDS', 'OUT_BYTES', 'MIN_TTL')",5.9599741575,3.15337914606,"('SERVER_TCP_FLAGS', 'L7_PROTO', 'L4_DST_PORT', 'MIN_TTL', 'MAX_TTL')",0.4,0.25,0.183102444136,0.346068704295
158,pilot_159,cd9f49bdaf8c3a54,structured,DoS,Benign,logistic_regression,DoS log-odds,5,5,1,0.643841536589,26,3,39,"('IN_PKTS', 'OUT_PKTS', 'FLOW_DURATION_MILLISECONDS', 'L4_DST_PORT', 'IN_BYTES')",5.9599741575,3.15337914606,"('SERVER_TCP_FLAGS', 'L7_PROTO', 'L4_DST_PORT', 'MIN_TTL', 'MAX_TTL')",0.2,0.111111111111,0.108027571861,0.204175110815
158,pilot_159,cd9f49bdaf8c3a54,deterministic_text,DoS,Benign,random_forest,DoS probability,5,5,1,0.0824763764442,16.6,4,25,"('L4_DST_PORT', 'IN_PKTS', 'FLOW_DURATION_MILLISECONDS', 'OUT_BYTES', 'MIN_TTL')",0.562281762269,0.264082478883,"('MIN_IP_PKT_LEN', 'MAX_TTL', 'SHORTEST_FLOW_PKT', 'MIN_TTL', 'SERVER_TCP_FLAGS')",0.2,0.111111111111,0.146681578487,0.312312944021
158,pilot_159,cd9f49bdaf8c3a54,structured,DoS,Benign,random_forest,DoS probability,5,5,0,0.0387800705964,22,16,30,"('IN_PKTS', 'OUT_PKTS', 'FLOW_DURATION_MILLISECONDS', 'L4_DST_PORT', 'IN_BYTES')",0.562281762269,0.264082478883,"('MIN_IP_PKT_LEN', 'MAX_TTL', 'SHORTEST_FLOW_PKT', 'MIN_TTL', 'SERVER_TCP_FLAGS')",0,0,0.0689691062358,0.146848328448
159,pilot_160,55d3db03c3f6459e,deterministic_text,Benign,DoS,logistic_regression,DoS log-odds,5,5,0,0.100504221918,28.2,19,40,"('FLOW_DURATION_MILLISECONDS', 'DST_TO_SRC_IAT_MAX', 'RETRANSMITTED_OUT_PKTS', 'RETRANSMITTED_IN_PKTS', 'NUM_PKTS_UP_TO_128_BYTES')",7.1866886093,5.21996589511,"('DST_TO_SRC_AVG_THROUGHPUT', 'SERVER_TCP_FLAGS', 'MIN_IP_PKT_LEN', 'MIN_TTL', 'MAX_TTL')",0,0,0.0139847748221,0.0192538081545
159,pilot_160,55d3db03c3f6459e,structured,Benign,DoS,logistic_regression,DoS log-odds,5,5,1,0.851972805099,23,4,38,"('SRC_TO_DST_IAT_MAX', 'FLOW_DURATION_MILLISECONDS', 'RETRANSMITTED_OUT_PKTS', 'MIN_TTL', 'TCP_FLAGS')",7.1866886093,5.21996589511,"('DST_TO_SRC_AVG_THROUGHPUT', 'SERVER_TCP_FLAGS', 'MIN_IP_PKT_LEN', 'MIN_TTL', 'MAX_TTL')",0.2,0.111111111111,0.118548729661,0.163214247414
159,pilot_160,55d3db03c3f6459e,deterministic_text,Benign,DoS,random_forest,DoS probability,5,5,0,0.0515108539148,17.4,9,27,"('FLOW_DURATION_MILLISECONDS', 'DST_TO_SRC_IAT_MAX', 'RETRANSMITTED_OUT_PKTS', 'RETRANSMITTED_IN_PKTS', 'NUM_PKTS_UP_TO_128_BYTES')",0.513040790179,0.23462362219,"('MIN_IP_PKT_LEN', 'MAX_TTL', 'MIN_TTL', 'SERVER_TCP_FLAGS', 'SHORTEST_FLOW_PKT')",0,0,0.100403037928,0.219546750809
159,pilot_160,55d3db03c3f6459e,structured,Benign,DoS,random_forest,DoS probability,5,5,1,0.0992304172925,10.8,3,15,"('SRC_TO_DST_IAT_MAX', 'FLOW_DURATION_MILLISECONDS', 'RETRANSMITTED_OUT_PKTS', 'MIN_TTL', 'TCP_FLAGS')",0.513040790179,0.23462362219,"('MIN_IP_PKT_LEN', 'MAX_TTL', 'MIN_TTL', 'SERVER_TCP_FLAGS', 'SHORTEST_FLOW_PKT')",0.2,0.111111111111,0.193416233547,0.422934469967
160,pilot_161,141b823f469f82f8,deterministic_text,DoS,Benign,logistic_regression,DoS log-odds,5,5,1,0.493060125317,22.2,4,39,"('IN_PKTS', 'IN_BYTES', 'MAX_IP_PKT_LEN', 'TCP_FLAGS', 'OUT_PKTS')",5.44530757086,3.37535116449,"('MAX_TTL', 'MIN_TTL', 'LONGEST_FLOW_PKT', 'MAX_IP_PKT_LEN', 'SERVER_TCP_FLAGS')",0.2,0.111111111111,0.0905477089954,0.146076689887
160,pilot_161,141b823f469f82f8,structured,DoS,Benign,logistic_regression,DoS log-odds,5,5,1,0.406416434905,21.8,4,38,"('IN_PKTS', 'FLOW_DURATION_MILLISECONDS', 'IN_BYTES', 'MAX_IP_PKT_LEN', 'RETRANSMITTED_IN_PKTS')",5.44530757086,3.37535116449,"('MAX_TTL', 'MIN_TTL', 'LONGEST_FLOW_PKT', 'MAX_IP_PKT_LEN', 'SERVER_TCP_FLAGS')",0.2,0.111111111111,0.0746360843013,0.120407156204
160,pilot_161,141b823f469f82f8,deterministic_text,DoS,Benign,random_forest,DoS probability,5,5,0,0.0486674316592,19,8,29,"('IN_PKTS', 'IN_BYTES', 'MAX_IP_PKT_LEN', 'TCP_FLAGS', 'OUT_PKTS')",0.500512800017,0.218857550428,"('MIN_IP_PKT_LEN', 'MIN_TTL', 'MAX_TTL', 'SHORTEST_FLOW_PKT', 'DST_TO_SRC_AVG_THROUGHPUT')",0,0,0.0972351389566,0.222370357175
160,pilot_161,141b823f469f82f8,structured,DoS,Benign,random_forest,DoS probability,5,5,0,0.0335075499579,24.2,19,29,"('IN_PKTS', 'FLOW_DURATION_MILLISECONDS', 'IN_BYTES', 'MAX_IP_PKT_LEN', 'RETRANSMITTED_IN_PKTS')",0.500512800017,0.218857550428,"('MIN_IP_PKT_LEN', 'MIN_TTL', 'MAX_TTL', 'SHORTEST_FLOW_PKT', 'DST_TO_SRC_AVG_THROUGHPUT')",0,0,0.0669464396451,0.153102097197
161,pilot_162,b10a119abbead762,deterministic_text,DoS,Benign,logistic_regression,DoS log-odds,5,5,1,0.610688811995,29,5,42,"('IN_PKTS', 'IN_BYTES', 'L4_DST_PORT', 'L4_SRC_PORT', 'FLOW_DURATION_MILLISECONDS')",7.02420512733,4.76956485163,"('MAX_TTL', 'MIN_TTL', 'SERVER_TCP_FLAGS', 'L7_PROTO', 'L4_DST_PORT')",0.2,0.111111111111,0.086940629,0.128038685078
161,pilot_162,b10a119abbead762,structured,DoS,Benign,logistic_regression,DoS log-odds,5,5,2,2.00082713599,17.2,2,40,"('L4_DST_PORT', 'IN_PKTS', 'FLOW_DURATION_MILLISECONDS', 'TCP_FLAGS', 'MIN_TTL')",7.02420512733,4.76956485163,"('MAX_TTL', 'MIN_TTL', 'SERVER_TCP_FLAGS', 'L7_PROTO', 'L4_DST_PORT')",0.4,0.25,0.284847480921,0.419498884748
161,pilot_162,b10a119abbead762,deterministic_text,DoS,Benign,random_forest,DoS probability,5,5,0,0.0391658031883,23.6,8,35,"('IN_PKTS', 'IN_BYTES', 'L4_DST_PORT', 'L4_SRC_PORT', 'FLOW_DURATION_MILLISECONDS')",0.576805968427,0.273514123144,"('MIN_IP_PKT_LEN', 'MAX_TTL', 'MIN_TTL', 'SHORTEST_FLOW_PKT', 'SERVER_TCP_FLAGS')",0,0,0.0679011753209,0.143194811069
161,pilot_162,b10a119abbead762,structured,DoS,Benign,random_forest,DoS probability,5,5,1,0.109082889477,13.4,3,25,"('L4_DST_PORT', 'IN_PKTS', 'FLOW_DURATION_MILLISECONDS', 'TCP_FLAGS', 'MIN_TTL')",0.576805968427,0.273514123144,"('MIN_IP_PKT_LEN', 'MAX_TTL', 'MIN_TTL', 'SHORTEST_FLOW_PKT', 'SERVER_TCP_FLAGS')",0.2,0.111111111111,0.189115396595,0.398819952051
162,pilot_163,1df7fa8bbd555715,deterministic_text,DoS,Benign,logistic_regression,DoS log-odds,5,5,0,0.183677122382,27.2,11,41,"('IN_PKTS', 'IN_BYTES', 'FLOW_DURATION_MILLISECONDS', 'PROTOCOL', 'OUT_PKTS')",10.0488897211,7.68577316152,"('MIN_IP_PKT_LEN', 'MIN_TTL', 'MAX_TTL', 'TCP_WIN_MAX_OUT', 'TCP_WIN_MAX_IN')",0,0,0.0182783498953,0.0238983272759
162,pilot_163,1df7fa8bbd555715,structured,DoS,DoS,logistic_regression,DoS log-odds,5,5,0,0.213921145014,23.6,11,38,"('L4_DST_PORT', 'PROTOCOL', 'OUT_PKTS', 'FLOW_DURATION_MILLISECONDS', 'IN_PKTS')",10.0488897211,7.68577316152,"('MIN_IP_PKT_LEN', 'MIN_TTL', 'MAX_TTL', 'TCP_WIN_MAX_OUT', 'TCP_WIN_MAX_IN')",0,0,0.021288037878,0.0278333930131
162,pilot_163,1df7fa8bbd555715,deterministic_text,DoS,Benign,random_forest,DoS probability,5,5,1,0.070689137909,19,5,44,"('IN_PKTS', 'IN_BYTES', 'FLOW_DURATION_MILLISECONDS', 'PROTOCOL', 'OUT_PKTS')",0.601684863782,0.282488446949,"('MIN_IP_PKT_LEN', 'MAX_TTL', 'MIN_TTL', 'DST_TO_SRC_AVG_THROUGHPUT', 'OUT_PKTS')",0.2,0.111111111111,0.117485318585,0.250237270489
162,pilot_163,1df7fa8bbd555715,structured,DoS,DoS,random_forest,DoS probability,5,5,1,0.0718428133529,18.4,5,44,"('L4_DST_PORT', 'PROTOCOL', 'OUT_PKTS', 'FLOW_DURATION_MILLISECONDS', 'IN_PKTS')",0.601684863782,0.282488446949,"('MIN_IP_PKT_LEN', 'MAX_TTL', 'MIN_TTL', 'DST_TO_SRC_AVG_THROUGHPUT', 'OUT_PKTS')",0.2,0.111111111111,0.119402726705,0.254321244387
163,pilot_164,0b2d1828d4d37da2,deterministic_text,DoS,DoS,logistic_regression,DoS log-odds,5,5,2,2.54989194741,18,2,41,"('TCP_FLAGS', 'L4_DST_PORT', 'RETRANSMITTED_IN_BYTES', 'MIN_TTL', 'SERVER_TCP_FLAGS')",6.01625875866,4.39466067987,"('MAX_TTL', 'MIN_TTL', 'SERVER_TCP_FLAGS', 'LONGEST_FLOW_PKT', 'MAX_IP_PKT_LEN')",0.4,0.25,0.423833490164,0.580224989632
163,pilot_164,0b2d1828d4d37da2,structured,DoS,Benign,logistic_regression,DoS log-odds,5,5,1,1.46765218898,17.8,2,37,"('IN_BYTES', 'FLOW_DURATION_MILLISECONDS', 'IN_PKTS', 'TCP_FLAGS', 'MIN_TTL')",6.01625875866,4.39466067987,"('MAX_TTL', 'MIN_TTL', 'SERVER_TCP_FLAGS', 'LONGEST_FLOW_PKT', 'MAX_IP_PKT_LEN')",0.2,0.111111111111,0.243947650501,0.333962573198
163,pilot_164,0b2d1828d4d37da2,deterministic_text,DoS,DoS,random_forest,DoS probability,5,5,2,0.133537750457,15.2,3,37,"('TCP_FLAGS', 'L4_DST_PORT', 'RETRANSMITTED_IN_BYTES', 'MIN_TTL', 'SERVER_TCP_FLAGS')",0.527294367559,0.255093100064,"('MIN_IP_PKT_LEN', 'MAX_TTL', 'SERVER_TCP_FLAGS', 'MIN_TTL', 'SHORTEST_FLOW_PKT')",0.4,0.25,0.253250856964,0.523486328808
163,pilot_164,0b2d1828d4d37da2,structured,DoS,Benign,random_forest,DoS probability,5,5,1,0.0875520535631,19,4,33,"('IN_BYTES', 'FLOW_DURATION_MILLISECONDS', 'IN_PKTS', 'TCP_FLAGS', 'MIN_TTL')",0.527294367559,0.255093100064,"('MIN_IP_PKT_LEN', 'MAX_TTL', 'SERVER_TCP_FLAGS', 'MIN_TTL', 'SHORTEST_FLOW_PKT')",0.2,0.111111111111,0.166040183529,0.343216078919
164,pilot_165,66594fc80e9e3cb3,deterministic_text,Benign,DoS,logistic_regression,DoS log-odds,5,5,0,0.302084180375,23.6,19,29,"('TCP_FLAGS', 'SRC_TO_DST_IAT_AVG', 'RETRANSMITTED_IN_PKTS', 'L4_DST_PORT', 'FLOW_DURATION_MILLISECONDS')",6.15501116648,3.42192618108,"('MIN_IP_PKT_LEN', 'SERVER_TCP_FLAGS', 'MIN_TTL', 'MAX_TTL', 'NUM_PKTS_256_TO_512_BYTES')",0,0,0.0490793878685,0.0882789880286
164,pilot_165,66594fc80e9e3cb3,structured,Benign,Benign,logistic_regression,DoS log-odds,5,5,0,0.357039874372,21.8,19,25,"('TCP_FLAGS', 'L4_DST_PORT', 'FLOW_DURATION_MILLISECONDS', 'RETRANSMITTED_IN_PKTS', 'IN_PKTS')",6.15501116648,3.42192618108,"('MIN_IP_PKT_LEN', 'SERVER_TCP_FLAGS', 'MIN_TTL', 'MAX_TTL', 'NUM_PKTS_256_TO_512_BYTES')",0,0,0.0580079978273,0.104338859309
164,pilot_165,66594fc80e9e3cb3,deterministic_text,Benign,DoS,random_forest,DoS probability,5,5,0,0.04750522503,17.6,11,27,"('TCP_FLAGS', 'SRC_TO_DST_IAT_AVG', 'RETRANSMITTED_IN_PKTS', 'L4_DST_PORT', 'FLOW_DURATION_MILLISECONDS')",0.517117844773,0.237389119508,"('MIN_TTL', 'MIN_IP_PKT_LEN', 'MAX_TTL', 'SHORTEST_FLOW_PKT', 'DST_TO_SRC_AVG_THROUGHPUT')",0,0,0.0918653755816,0.200115427061
164,pilot_165,66594fc80e9e3cb3,structured,Benign,Benign,random_forest,DoS probability,5,5,0,0.0507481346516,17,11,27,"('TCP_FLAGS', 'L4_DST_PORT', 'FLOW_DURATION_MILLISECONDS', 'RETRANSMITTED_IN_PKTS', 'IN_PKTS')",0.517117844773,0.237389119508,"('MIN_TTL', 'MIN_IP_PKT_LEN', 'MAX_TTL', 'SHORTEST_FLOW_PKT', 'DST_TO_SRC_AVG_THROUGHPUT')",0,0,0.0981364986039,0.213776161084
165,pilot_166,449805a440135fd4,deterministic_text,Benign,Benign,logistic_regression,DoS log-odds,5,5,0,0.197435285123,25.6,13,40,"('L4_DST_PORT', 'PROTOCOL', 'DNS_QUERY_TYPE', 'OUT_PKTS', 'IN_PKTS')",8.16387005562,5.63365900016,"('MIN_IP_PKT_LEN', 'MAX_TTL', 'MIN_TTL', 'DNS_TTL_ANSWER', 'TCP_WIN_MAX_IN')",0,0,0.0241840308307,0.0350456577363
165,pilot_166,449805a440135fd4,structured,Benign,Benign,logistic_regression,DoS log-odds,5,5,0,0.215151425851,22.6,13,29,"('L4_DST_PORT', 'IN_PKTS', 'DNS_QUERY_TYPE', 'PROTOCOL', 'FLOW_DURATION_MILLISECONDS')",8.16387005562,5.63365900016,"('MIN_IP_PKT_LEN', 'MAX_TTL', 'MIN_TTL', 'DNS_TTL_ANSWER', 'TCP_WIN_MAX_IN')",0,0,0.0263540973075,0.0381903529918
165,pilot_166,449805a440135fd4,deterministic_text,Benign,Benign,random_forest,DoS probability,5,5,0,0.0580758162676,20.6,6,38,"('L4_DST_PORT', 'PROTOCOL', 'DNS_QUERY_TYPE', 'OUT_PKTS', 'IN_PKTS')",0.565703370848,0.312302552735,"('MIN_IP_PKT_LEN', 'MAX_TTL', 'MIN_TTL', 'DST_TO_SRC_AVG_THROUGHPUT', 'SHORTEST_FLOW_PKT')",0,0,0.102661251922,0.185960107463
165,pilot_166,449805a440135fd4,structured,Benign,Benign,random_forest,DoS probability,5,5,0,0.0600837344693,18.6,6,34,"('L4_DST_PORT', 'IN_PKTS', 'DNS_QUERY_TYPE', 'PROTOCOL', 'FLOW_DURATION_MILLISECONDS')",0.565703370848,0.312302552735,"('MIN_IP_PKT_LEN', 'MAX_TTL', 'MIN_TTL', 'DST_TO_SRC_AVG_THROUGHPUT', 'SHORTEST_FLOW_PKT')",0,0,0.10621067076,0.192389508004
166,pilot_167,002bd6d16c51e437,deterministic_text,Benign,DoS,logistic_regression,DoS log-odds,5,5,1,1.0041546033,21.6,3,38,"('RETRANSMITTED_OUT_PKTS', 'RETRANSMITTED_OUT_BYTES', 'DST_TO_SRC_IAT_AVG', 'DST_TO_SRC_AVG_THROUGHPUT', 'FLOW_DURATION_MILLISECONDS')",6.78416482253,4.27437311969,"('SERVER_TCP_FLAGS', 'MIN_IP_PKT_LEN', 'DST_TO_SRC_AVG_THROUGHPUT', 'MIN_TTL', 'MAX_TTL')",0.2,0.111111111111,0.148014476294,0.234924414687
166,pilot_167,002bd6d16c51e437,structured,Benign,DoS,logistic_regression,DoS log-odds,5,5,1,0.847162210178,25.8,3,38,"('RETRANSMITTED_OUT_PKTS', 'TCP_FLAGS', 'FLOW_DURATION_MILLISECONDS', 'DST_TO_SRC_AVG_THROUGHPUT', 'RETRANSMITTED_OUT_BYTES')",6.78416482253,4.27437311969,"('SERVER_TCP_FLAGS', 'MIN_IP_PKT_LEN', 'DST_TO_SRC_AVG_THROUGHPUT', 'MIN_TTL', 'MAX_TTL')",0.2,0.111111111111,0.12487347114,0.19819566202
166,pilot_167,002bd6d16c51e437,deterministic_text,Benign,DoS,random_forest,DoS probability,5,5,0,0.068399411093,16.6,6,29,"('RETRANSMITTED_OUT_PKTS', 'RETRANSMITTED_OUT_BYTES', 'DST_TO_SRC_IAT_AVG', 'DST_TO_SRC_AVG_THROUGHPUT', 'FLOW_DURATION_MILLISECONDS')",0.510311953903,0.227843730727,"('MIN_IP_PKT_LEN', 'MAX_TTL', 'MIN_TTL', 'SERVER_TCP_FLAGS', 'SHORTEST_FLOW_PKT')",0,0,0.134034506873,0.300203173793
166,pilot_167,002bd6d16c51e437,structured,Benign,DoS,random_forest,DoS probability,5,5,0,0.0761497706269,13.2,6,25,"('RETRANSMITTED_OUT_PKTS', 'TCP_FLAGS', 'FLOW_DURATION_MILLISECONDS', 'DST_TO_SRC_AVG_THROUGHPUT', 'RETRANSMITTED_OUT_BYTES')",0.510311953903,0.227843730727,"('MIN_IP_PKT_LEN', 'MAX_TTL', 'MIN_TTL', 'SERVER_TCP_FLAGS', 'SHORTEST_FLOW_PKT')",0,0,0.149222000473,0.334219293127
167,pilot_168,7c3b2ff5b186d259,deterministic_text,DoS,Benign,logistic_regression,DoS log-odds,5,5,0,0.408944906209,22.6,8,41,"('IN_PKTS', 'TCP_FLAGS', 'IN_BYTES', 'SRC_TO_DST_AVG_THROUGHPUT', 'L4_DST_PORT')",6.72847022494,4.13920436404,"('MAX_TTL', 'MIN_TTL', 'TCP_WIN_MAX_OUT', 'TCP_WIN_MAX_IN', 'DST_TO_SRC_IAT_AVG')",0,0,0.0607782887547,0.0987979500991
167,pilot_168,7c3b2ff5b186d259,structured,DoS,Benign,logistic_regression,DoS log-odds,5,5,0,0.313036680012,25.2,8,41,"('IN_PKTS', 'IN_BYTES', 'FLOW_DURATION_MILLISECONDS', 'SRC_TO_DST_IAT_AVG', 'TCP_FLAGS')",6.72847022494,4.13920436404,"('MAX_TTL', 'MIN_TTL', 'TCP_WIN_MAX_OUT', 'TCP_WIN_MAX_IN', 'DST_TO_SRC_IAT_AVG')",0,0,0.0465241978558,0.0756272588837
167,pilot_168,7c3b2ff5b186d259,deterministic_text,DoS,Benign,random_forest,DoS probability,5,5,0,0.0395496494575,23,10,31,"('IN_PKTS', 'TCP_FLAGS', 'IN_BYTES', 'SRC_TO_DST_AVG_THROUGHPUT', 'L4_DST_PORT')",0.512803798518,0.228609332824,"('MAX_TTL', 'MIN_IP_PKT_LEN', 'MIN_TTL', 'SHORTEST_FLOW_PKT', 'DST_TO_SRC_AVG_THROUGHPUT')",0,0,0.077124330147,0.173001027425
167,pilot_168,7c3b2ff5b186d259,structured,DoS,Benign,random_forest,DoS probability,5,5,0,0.0537883057607,20.2,6,29,"('IN_PKTS', 'IN_BYTES', 'FLOW_DURATION_MILLISECONDS', 'SRC_TO_DST_IAT_AVG', 'TCP_FLAGS')",0.512803798518,0.228609332824,"('MAX_TTL', 'MIN_IP_PKT_LEN', 'MIN_TTL', 'SHORTEST_FLOW_PKT', 'DST_TO_SRC_AVG_THROUGHPUT')",0,0,0.104890614922,0.235284820161
168,pilot_169,166b8d3805acc75f,deterministic_text,Benign,DoS,logistic_regression,DoS log-odds,5,5,0,0.115866361086,28.2,15,42,"('RETRANSMITTED_IN_PKTS', 'FLOW_DURATION_MILLISECONDS', 'TCP_FLAGS', 'NUM_PKTS_UP_TO_128_BYTES', 'ICMP_TYPE')",5.96350324813,4.12454714822,"('SERVER_TCP_FLAGS', 'MIN_IP_PKT_LEN', 'MIN_TTL', 'MAX_TTL', 'L7_PROTO')",0,0,0.0194292442319,0.0280918988004
168,pilot_169,166b8d3805acc75f,structured,Benign,DoS,logistic_regression,DoS log-odds,5,5,0,0.0572023710494,33,21,42,"('FLOW_DURATION_MILLISECONDS', 'RETRANSMITTED_IN_PKTS', 'SRC_TO_DST_IAT_MAX', 'NUM_PKTS_UP_TO_128_BYTES', 'IN_PKTS')",5.96350324813,4.12454714822,"('SERVER_TCP_FLAGS', 'MIN_IP_PKT_LEN', 'MIN_TTL', 'MAX_TTL', 'L7_PROTO')",0,0,0.00959207510575,0.0138687640106
168,pilot_169,166b8d3805acc75f,deterministic_text,Benign,DoS,random_forest,DoS probability,5,5,0,0.0435075513527,20.2,13,35,"('RETRANSMITTED_IN_PKTS', 'FLOW_DURATION_MILLISECONDS', 'TCP_FLAGS', 'NUM_PKTS_UP_TO_128_BYTES', 'ICMP_TYPE')",0.502965788094,0.232296159664,"('MIN_IP_PKT_LEN', 'MAX_TTL', 'MIN_TTL', 'SERVER_TCP_FLAGS', 'SHORTEST_FLOW_PKT')",0,0,0.086502009446,0.187293459417
168,pilot_169,166b8d3805acc75f,structured,Benign,DoS,random_forest,DoS probability,5,5,0,0.0485584653959,17.8,14,23,"('FLOW_DURATION_MILLISECONDS', 'RETRANSMITTED_IN_PKTS', 'SRC_TO_DST_IAT_MAX', 'NUM_PKTS_UP_TO_128_BYTES', 'IN_PKTS')",0.502965788094,0.232296159664,"('MIN_IP_PKT_LEN', 'MAX_TTL', 'MIN_TTL', 'SERVER_TCP_FLAGS', 'SHORTEST_FLOW_PKT')",0,0,0.0965442710923,0.209036884063
169,pilot_170,4f9e28178b5c79cf,deterministic_text,Benign,Benign,logistic_regression,DoS log-odds,5,5,1,0.795156104645,24.4,3,43,"('TCP_FLAGS', 'FLOW_DURATION_MILLISECONDS', 'L4_SRC_PORT', 'RETRANSMITTED_OUT_PKTS', 'MIN_TTL')",5.64436917171,3.73314062275,"('MIN_IP_PKT_LEN', 'SERVER_TCP_FLAGS', 'MIN_TTL', 'MAX_TTL', 'TCP_WIN_MAX_IN')",0.2,0.111111111111,0.140875991711,0.212999237103
169,pilot_170,4f9e28178b5c79cf,structured,Benign,Benign,logistic_regression,DoS log-odds,5,5,1,0.812617841329,21,3,35,"('TCP_FLAGS', 'FLOW_DURATION_MILLISECONDS', 'RETRANSMITTED_OUT_PKTS', 'IN_PKTS', 'MIN_TTL')",5.64436917171,3.73314062275,"('MIN_IP_PKT_LEN', 'SERVER_TCP_FLAGS', 'MIN_TTL', 'MAX_TTL', 'TCP_WIN_MAX_IN')",0.2,0.111111111111,0.143969647734,0.217676729448
169,pilot_170,4f9e28178b5c79cf,deterministic_text,Benign,Benign,random_forest,DoS probability,5,5,1,0.0825867829772,16.6,3,36,"('TCP_FLAGS', 'FLOW_DURATION_MILLISECONDS', 'L4_SRC_PORT', 'RETRANSMITTED_OUT_PKTS', 'MIN_TTL')",0.500233296264,0.232476074525,"('MIN_IP_PKT_LEN', 'MAX_TTL', 'MIN_TTL', 'SERVER_TCP_FLAGS', 'SHORTEST_FLOW_PKT')",0.2,0.111111111111,0.165096533146,0.355248526739
169,pilot_170,4f9e28178b5c79cf,structured,Benign,Benign,random_forest,DoS probability,5,5,1,0.0963950958625,11.6,3,20,"('TCP_FLAGS', 'FLOW_DURATION_MILLISECONDS', 'RETRANSMITTED_OUT_PKTS', 'IN_PKTS', 'MIN_TTL')",0.500233296264,0.232476074525,"('MIN_IP_PKT_LEN', 'MAX_TTL', 'MIN_TTL', 'SERVER_TCP_FLAGS', 'SHORTEST_FLOW_PKT')",0.2,0.111111111111,0.192700279215,0.414645232028
170,pilot_171,a62667929f6c382a,deterministic_text,DoS,Benign,logistic_regression,DoS log-odds,5,5,1,1.61356995744,19,2,37,"('IN_BYTES', 'IN_PKTS', 'TCP_FLAGS', 'MIN_TTL', 'L4_DST_PORT')",6.92848678961,3.98123448693,"('MAX_TTL', 'MIN_TTL', 'TCP_WIN_MAX_OUT', 'LONGEST_FLOW_PKT', 'MAX_IP_PKT_LEN')",0.2,0.111111111111,0.232889230569,0.405293876242
170,pilot_171,a62667929f6c382a,structured,DoS,Benign,logistic_regression,DoS log-odds,5,5,0,0.414804585313,24.2,7,39,"('IN_PKTS', 'IN_BYTES', 'TCP_FLAGS', 'FLOW_DURATION_MILLISECONDS', 'SRC_TO_DST_AVG_THROUGHPUT')",6.92848678961,3.98123448693,"('MAX_TTL', 'MIN_TTL', 'TCP_WIN_MAX_OUT', 'LONGEST_FLOW_PKT', 'MAX_IP_PKT_LEN')",0,0,0.0598694343959,0.104189940752
170,pilot_171,a62667929f6c382a,deterministic_text,DoS,Benign,random_forest,DoS probability,5,5,1,0.0773221738897,19,3,31,"('IN_BYTES', 'IN_PKTS', 'TCP_FLAGS', 'MIN_TTL', 'L4_DST_PORT')",0.507043726895,0.219737841889,"('MIN_IP_PKT_LEN', 'MAX_TTL', 'MIN_TTL', 'SHORTEST_FLOW_PKT', 'DST_TO_SRC_AVG_THROUGHPUT')",0.2,0.111111111111,0.15249606649,0.351883741212
170,pilot_171,a62667929f6c382a,structured,DoS,Benign,random_forest,DoS probability,5,5,0,0.0411441190025,20.4,14,28,"('IN_PKTS', 'IN_BYTES', 'TCP_FLAGS', 'FLOW_DURATION_MILLISECONDS', 'SRC_TO_DST_AVG_THROUGHPUT')",0.507043726895,0.219737841889,"('MIN_IP_PKT_LEN', 'MAX_TTL', 'MIN_TTL', 'SHORTEST_FLOW_PKT', 'DST_TO_SRC_AVG_THROUGHPUT')",0,0,0.0811451100173,0.187241845323
171,pilot_172,eef7015d75c5c8ee,deterministic_text,DoS,Benign,logistic_regression,DoS log-odds,5,5,1,0.858098690918,17,2,28,"('TCP_FLAGS', 'IN_PKTS', 'SRC_TO_DST_AVG_THROUGHPUT', 'FLOW_DURATION_MILLISECONDS', 'L4_DST_PORT')",5.25373767313,3.12459309409,"('SERVER_TCP_FLAGS', 'L4_DST_PORT', 'L7_PROTO', 'MIN_TTL', 'MAX_TTL')",0.2,0.111111111111,0.163331088133,0.27462734029
171,pilot_172,eef7015d75c5c8ee,structured,DoS,Benign,logistic_regression,DoS log-odds,5,5,1,0.858098690918,17,2,28,"('TCP_FLAGS', 'IN_PKTS', 'L4_DST_PORT', 'SRC_TO_DST_AVG_THROUGHPUT', 'FLOW_DURATION_MILLISECONDS')",5.25373767313,3.12459309409,"('SERVER_TCP_FLAGS', 'L4_DST_PORT', 'L7_PROTO', 'MIN_TTL', 'MAX_TTL')",0.2,0.111111111111,0.163331088133,0.27462734029
171,pilot_172,eef7015d75c5c8ee,deterministic_text,DoS,Benign,random_forest,DoS probability,5,5,0,0.0408867731103,22.4,12,29,"('TCP_FLAGS', 'IN_PKTS', 'SRC_TO_DST_AVG_THROUGHPUT', 'FLOW_DURATION_MILLISECONDS', 'L4_DST_PORT')",0.513391073046,0.240551720054,"('MIN_TTL', 'SHORTEST_FLOW_PKT', 'MAX_TTL', 'MIN_IP_PKT_LEN', 'SERVER_TCP_FLAGS')",0,0,0.0796406000357,0.169970820001
171,pilot_172,eef7015d75c5c8ee,structured,DoS,Benign,random_forest,DoS probability,5,5,0,0.0408867731103,22.4,12,29,"('TCP_FLAGS', 'IN_PKTS', 'L4_DST_PORT', 'SRC_TO_DST_AVG_THROUGHPUT', 'FLOW_DURATION_MILLISECONDS')",0.513391073046,0.240551720054,"('MIN_TTL', 'SHORTEST_FLOW_PKT', 'MAX_TTL', 'MIN_IP_PKT_LEN', 'SERVER_TCP_FLAGS')",0,0,0.0796406000357,0.169970820001
172,pilot_173,c0bf6fec9ff92c2f,deterministic_text,DoS,Benign,logistic_regression,DoS log-odds,5,5,1,0.645554096962,24.6,3,42,"('L4_DST_PORT', 'IN_PKTS', 'FLOW_DURATION_MILLISECONDS', 'L4_SRC_PORT', 'IN_BYTES')",4.90136845661,3.23424136292,"('SERVER_TCP_FLAGS', 'L7_PROTO', 'L4_DST_PORT', 'MIN_TTL', 'MAX_TTL')",0.2,0.111111111111,0.131708950812,0.199599851873
172,pilot_173,c0bf6fec9ff92c2f,structured,DoS,Benign,logistic_regression,DoS log-odds,5,5,1,0.645885718776,24.4,3,41,"('L4_DST_PORT', 'IN_PKTS', 'TCP_FLAGS', 'FLOW_DURATION_MILLISECONDS', 'IN_BYTES')",4.90136845661,3.23424136292,"('SERVER_TCP_FLAGS', 'L7_PROTO', 'L4_DST_PORT', 'MIN_TTL', 'MAX_TTL')",0.2,0.111111111111,0.131776609837,0.199702386526
172,pilot_173,c0bf6fec9ff92c2f,deterministic_text,DoS,Benign,random_forest,DoS probability,5,5,0,0.0354035919331,23.2,15,37,"('L4_DST_PORT', 'IN_PKTS', 'FLOW_DURATION_MILLISECONDS', 'L4_SRC_PORT', 'IN_BYTES')",0.504319938397,0.231603103553,"('MIN_IP_PKT_LEN', 'SERVER_TCP_FLAGS', 'MAX_TTL', 'MIN_TTL', 'SHORTEST_FLOW_PKT')",0,0,0.0702006588231,0.152863201701
172,pilot_173,c0bf6fec9ff92c2f,structured,DoS,Benign,random_forest,DoS probability,5,5,0,0.036635923155,22.2,15,32,"('L4_DST_PORT', 'IN_PKTS', 'TCP_FLAGS', 'FLOW_DURATION_MILLISECONDS', 'IN_BYTES')",0.504319938397,0.231603103553,"('MIN_IP_PKT_LEN', 'SERVER_TCP_FLAGS', 'MAX_TTL', 'MIN_TTL', 'SHORTEST_FLOW_PKT')",0,0,0.0726442092921,0.158184076953
173,pilot_174,cebcadcbf7588636,deterministic_text,DoS,Benign,logistic_regression,DoS log-odds,5,5,1,0.343227088695,26.2,4,42,"('L4_DST_PORT', 'IN_PKTS', 'FLOW_DURATION_MILLISECONDS', 'SRC_TO_DST_IAT_AVG', 'L4_SRC_PORT')",5.27348955452,3.38366537478,"('MAX_TTL', 'MIN_TTL', 'DST_TO_SRC_IAT_AVG', 'L4_DST_PORT', 'LONGEST_FLOW_PKT')",0.2,0.111111111111,0.0650853832451,0.101436475147
173,pilot_174,cebcadcbf7588636,structured,DoS,Benign,logistic_regression,DoS log-odds,5,5,1,0.424649467072,19,4,34,"('IN_PKTS', 'SRC_TO_DST_AVG_THROUGHPUT', 'FLOW_DURATION_MILLISECONDS', 'L4_DST_PORT', 'RETRANSMITTED_OUT_PKTS')",5.27348955452,3.38366537478,"('MAX_TTL', 'MIN_TTL', 'DST_TO_SRC_IAT_AVG', 'L4_DST_PORT', 'LONGEST_FLOW_PKT')",0.2,0.111111111111,0.0805253262914,0.125499841159
173,pilot_174,cebcadcbf7588636,deterministic_text,DoS,Benign,random_forest,DoS probability,5,5,0,0.0469313730039,17.6,8,35,"('L4_DST_PORT', 'IN_PKTS', 'FLOW_DURATION_MILLISECONDS', 'SRC_TO_DST_IAT_AVG', 'L4_SRC_PORT')",0.462812538971,0.232477456869,"('MIN_IP_PKT_LEN', 'MIN_TTL', 'MAX_TTL', 'SHORTEST_FLOW_PKT', 'TCP_WIN_MAX_OUT')",0,0,0.101404713684,0.201874941493
173,pilot_174,cebcadcbf7588636,structured,DoS,Benign,random_forest,DoS probability,5,5,0,0.0452133283582,15.8,10,24,"('IN_PKTS', 'SRC_TO_DST_AVG_THROUGHPUT', 'FLOW_DURATION_MILLISECONDS', 'L4_DST_PORT', 'RETRANSMITTED_OUT_PKTS')",0.462812538971,0.232477456869,"('MIN_IP_PKT_LEN', 'MIN_TTL', 'MAX_TTL', 'SHORTEST_FLOW_PKT', 'TCP_WIN_MAX_OUT')",0,0,0.097692531103,0.19448478561
174,pilot_175,b834ea7a769c3794,deterministic_text,Benign,Benign,logistic_regression,DoS log-odds,5,5,1,0.834459492538,25,4,40,"('TCP_FLAGS', 'IN_PKTS', 'OUT_BYTES', 'RETRANSMITTED_IN_PKTS', 'MIN_TTL')",6.49651338792,4.36412655145,"('SERVER_TCP_FLAGS', 'MIN_IP_PKT_LEN', 'DST_TO_SRC_AVG_THROUGHPUT', 'MIN_TTL', 'MAX_TTL')",0.2,0.111111111111,0.128447282829,0.191208820986
174,pilot_175,b834ea7a769c3794,structured,Benign,Benign,logistic_regression,DoS log-odds,5,5,1,0.985191372451,20.2,4,37,"('TCP_FLAGS', 'PROTOCOL', 'OUT_BYTES', 'RETRANSMITTED_OUT_PKTS', 'MIN_TTL')",6.49651338792,4.36412655145,"('SERVER_TCP_FLAGS', 'MIN_IP_PKT_LEN', 'DST_TO_SRC_AVG_THROUGHPUT', 'MIN_TTL', 'MAX_TTL')",0.2,0.111111111111,0.151649248393,0.225747663556
174,pilot_175,b834ea7a769c3794,deterministic_text,Benign,Benign,random_forest,DoS probability,5,5,1,0.0937512232891,12.8,3,23,"('TCP_FLAGS', 'IN_PKTS', 'OUT_BYTES', 'RETRANSMITTED_IN_PKTS', 'MIN_TTL')",0.512371364411,0.234523062269,"('MIN_IP_PKT_LEN', 'MAX_TTL', 'MIN_TTL', 'SERVER_TCP_FLAGS', 'SHORTEST_FLOW_PKT')",0.2,0.111111111111,0.182975142252,0.399752682666
174,pilot_175,b834ea7a769c3794,structured,Benign,Benign,random_forest,DoS probability,5,5,1,0.0922920841775,14.8,3,39,"('TCP_FLAGS', 'PROTOCOL', 'OUT_BYTES', 'RETRANSMITTED_OUT_PKTS', 'MIN_TTL')",0.512371364411,0.234523062269,"('MIN_IP_PKT_LEN', 'MAX_TTL', 'MIN_TTL', 'SERVER_TCP_FLAGS', 'SHORTEST_FLOW_PKT')",0.2,0.111111111111,0.180127326756,0.393530952925
175,pilot_176,72aba6a4099b5d35,deterministic_text,Benign,Benign,logistic_regression,DoS log-odds,5,5,0,0.356440500832,21.8,12,39,"('IN_PKTS', 'OUT_PKTS', 'IN_BYTES', 'FLOW_DURATION_MILLISECONDS', 'RETRANSMITTED_IN_PKTS')",6.51101918229,3.85038244684,"('MIN_IP_PKT_LEN', 'MIN_TTL', 'MAX_TTL', 'TCP_WIN_MAX_IN', 'TCP_WIN_MAX_OUT')",0,0,0.0547441945497,0.0925727523832
175,pilot_176,72aba6a4099b5d35,structured,Benign,Benign,logistic_regression,DoS log-odds,5,5,1,1.04335184293,16.4,2,26,"('OUT_PKTS', 'FLOW_DURATION_MILLISECONDS', 'PROTOCOL', 'RETRANSMITTED_IN_PKTS', 'MIN_TTL')",6.51101918229,3.85038244684,"('MIN_IP_PKT_LEN', 'MIN_TTL', 'MAX_TTL', 'TCP_WIN_MAX_IN', 'TCP_WIN_MAX_OUT')",0.2,0.111111111111,0.160244013068,0.270973561027
175,pilot_176,72aba6a4099b5d35,deterministic_text,Benign,Benign,random_forest,DoS probability,5,5,0,0.0162524531732,25.8,15,39,"('IN_PKTS', 'OUT_PKTS', 'IN_BYTES', 'FLOW_DURATION_MILLISECONDS', 'RETRANSMITTED_IN_PKTS')",0.524376411796,0.340024638371,"('MIN_TTL', 'MIN_IP_PKT_LEN', 'MAX_TTL', 'SHORTEST_FLOW_PKT', 'TCP_WIN_MAX_IN')",0,0,0.0309938677781,0.0477978691517
175,pilot_176,72aba6a4099b5d35,structured,Benign,Benign,random_forest,DoS probability,5,5,1,0.0995151666282,23.4,1,43,"('OUT_PKTS', 'FLOW_DURATION_MILLISECONDS', 'PROTOCOL', 'RETRANSMITTED_IN_PKTS', 'MIN_TTL')",0.524376411796,0.340024638371,"('MIN_TTL', 'MIN_IP_PKT_LEN', 'MAX_TTL', 'SHORTEST_FLOW_PKT', 'TCP_WIN_MAX_IN')",0.2,0.111111111111,0.189778114327,0.292670457956
176,pilot_177,93fe975784bdbbc2,deterministic_text,Benign,DoS,logistic_regression,DoS log-odds,5,5,1,1.26998553383,25.6,1,44,"('FLOW_DURATION_MILLISECONDS', 'RETRANSMITTED_OUT_BYTES', 'DST_TO_SRC_AVG_THROUGHPUT', 'L4_DST_PORT', 'RETRANSMITTED_OUT_PKTS')",8.35345220146,4.59151320118,"('DST_TO_SRC_AVG_THROUGHPUT', 'TCP_WIN_MAX_IN', 'MIN_IP_PKT_LEN', 'SERVER_TCP_FLAGS', 'MIN_TTL')",0.2,0.111111111111,0.15203122053,0.276594115749
176,pilot_177,93fe975784bdbbc2,structured,Benign,DoS,logistic_regression,DoS log-odds,5,5,1,1.34628248785,19.4,1,30,"('SRC_TO_DST_IAT_AVG', 'RETRANSMITTED_OUT_PKTS', 'TCP_FLAGS', 'FLOW_DURATION_MILLISECONDS', 'DST_TO_SRC_AVG_THROUGHPUT')",8.35345220146,4.59151320118,"('DST_TO_SRC_AVG_THROUGHPUT', 'TCP_WIN_MAX_IN', 'MIN_IP_PKT_LEN', 'SERVER_TCP_FLAGS', 'MIN_TTL')",0.2,0.111111111111,0.161164804129,0.29321106765
176,pilot_177,93fe975784bdbbc2,deterministic_text,Benign,DoS,random_forest,DoS probability,5,5,0,0.0702093969444,15.2,6,31,"('FLOW_DURATION_MILLISECONDS', 'RETRANSMITTED_OUT_BYTES', 'DST_TO_SRC_AVG_THROUGHPUT', 'L4_DST_PORT', 'RETRANSMITTED_OUT_PKTS')",0.508817937316,0.229740276729,"('MIN_TTL', 'MAX_TTL', 'MIN_IP_PKT_LEN', 'SHORTEST_FLOW_PKT', 'SERVER_TCP_FLAGS')",0,0,0.137985302395,0.305603344542
176,pilot_177,93fe975784bdbbc2,structured,Benign,DoS,random_forest,DoS probability,5,5,0,0.0783638638908,11.6,6,16,"('SRC_TO_DST_IAT_AVG', 'RETRANSMITTED_OUT_PKTS', 'TCP_FLAGS', 'FLOW_DURATION_MILLISECONDS', 'DST_TO_SRC_AVG_THROUGHPUT')",0.508817937316,0.229740276729,"('MIN_TTL', 'MAX_TTL', 'MIN_IP_PKT_LEN', 'SHORTEST_FLOW_PKT', 'SERVER_TCP_FLAGS')",0,0,0.154011598538,0.341097629925
177,pilot_178,d2168aabdce2e27a,deterministic_text,DoS,Benign,logistic_regression,DoS log-odds,5,5,0,0.743835036051,21,6,36,"('L4_DST_PORT', 'IN_PKTS', 'TCP_FLAGS', 'FLOW_DURATION_MILLISECONDS', 'IN_BYTES')",7.58429150105,5.31004608371,"('MAX_TTL', 'MIN_TTL', 'SERVER_TCP_FLAGS', 'DST_TO_SRC_IAT_AVG', 'L7_PROTO')",0,0,0.0980757445766,0.14008071198
177,pilot_178,d2168aabdce2e27a,structured,DoS,Benign,logistic_regression,DoS log-odds,5,5,0,1.01549134191,15.2,6,34,"('IN_PKTS', 'FLOW_DURATION_MILLISECONDS', 'L4_DST_PORT', 'TCP_FLAGS', 'DST_TO_SRC_AVG_THROUGHPUT')",7.58429150105,5.31004608371,"('MAX_TTL', 'MIN_TTL', 'SERVER_TCP_FLAGS', 'DST_TO_SRC_IAT_AVG', 'L7_PROTO')",0,0,0.133894028437,0.191239647624
177,pilot_178,d2168aabdce2e27a,deterministic_text,DoS,Benign,random_forest,DoS probability,5,5,0,0.0462480870134,19.2,9,27,"('L4_DST_PORT', 'IN_PKTS', 'TCP_FLAGS', 'FLOW_DURATION_MILLISECONDS', 'IN_BYTES')",0.519895021168,0.239183591856,"('MIN_IP_PKT_LEN', 'MAX_TTL', 'MIN_TTL', 'SERVER_TCP_FLAGS', 'SHORTEST_FLOW_PKT')",0,0,0.0889565876385,0.193358108951
177,pilot_178,d2168aabdce2e27a,structured,DoS,Benign,random_forest,DoS probability,5,5,0,0.0604573729863,16,8,27,"('IN_PKTS', 'FLOW_DURATION_MILLISECONDS', 'L4_DST_PORT', 'TCP_FLAGS', 'DST_TO_SRC_AVG_THROUGHPUT')",0.519895021168,0.239183591856,"('MIN_IP_PKT_LEN', 'MAX_TTL', 'MIN_TTL', 'SERVER_TCP_FLAGS', 'SHORTEST_FLOW_PKT')",0,0,0.116287655247,0.252765553511
178,pilot_179,84b863c226998275,deterministic_text,DoS,Benign,logistic_regression,DoS log-odds,5,5,1,1.4089619181,20,2,42,"('IN_PKTS', 'IN_BYTES', 'FLOW_DURATION_MILLISECONDS', 'MIN_TTL', 'RETRANSMITTED_IN_PKTS')",5.75635083574,4.26037704864,"('MAX_TTL', 'MIN_TTL', 'SERVER_TCP_FLAGS', 'DST_TO_SRC_AVG_THROUGHPUT', 'MIN_IP_PKT_LEN')",0.2,0.111111111111,0.24476651238,0.330712963198
178,pilot_179,84b863c226998275,structured,DoS,Benign,logistic_regression,DoS log-odds,5,5,0,0.210618697766,24.4,8,42,"('IN_PKTS', 'OUT_PKTS', 'FLOW_DURATION_MILLISECONDS', 'MAX_IP_PKT_LEN', 'IN_BYTES')",5.75635083574,4.26037704864,"('MAX_TTL', 'MIN_TTL', 'SERVER_TCP_FLAGS', 'DST_TO_SRC_AVG_THROUGHPUT', 'MIN_IP_PKT_LEN')",0,0,0.0365889265224,0.0494366332747
178,pilot_179,84b863c226998275,deterministic_text,DoS,Benign,random_forest,DoS probability,5,5,1,0.0729384778606,20.2,3,32,"('IN_PKTS', 'IN_BYTES', 'FLOW_DURATION_MILLISECONDS', 'MIN_TTL', 'RETRANSMITTED_IN_PKTS')",0.501000379233,0.242569390425,"('MIN_IP_PKT_LEN', 'MAX_TTL', 'MIN_TTL', 'SERVER_TCP_FLAGS', 'SHORTEST_FLOW_PKT')",0.2,0.111111111111,0.145585673951,0.300691186685
178,pilot_179,84b863c226998275,structured,DoS,Benign,random_forest,DoS probability,5,5,0,0.0272860016875,24.8,19,32,"('IN_PKTS', 'OUT_PKTS', 'FLOW_DURATION_MILLISECONDS', 'MAX_IP_PKT_LEN', 'IN_BYTES')",0.501000379233,0.242569390425,"('MIN_IP_PKT_LEN', 'MAX_TTL', 'MIN_TTL', 'SERVER_TCP_FLAGS', 'SHORTEST_FLOW_PKT')",0,0,0.0544630359945,0.112487406756
199,pilot_200,23ff2885f5fdf59c,deterministic_text,Benign,Benign,logistic_regression,DoS log-odds,5,5,1,0.802665074475,21.6,4,33,"('TCP_FLAGS', 'OUT_BYTES', 'FLOW_DURATION_MILLISECONDS', 'MIN_TTL', 'RETRANSMITTED_OUT_PKTS')",6.22024564701,4.30935886772,"('MIN_IP_PKT_LEN', 'DST_TO_SRC_AVG_THROUGHPUT', 'SERVER_TCP_FLAGS', 'MIN_TTL', 'MAX_TTL')",0.2,0.111111111111,0.129040735692,0.186260903098
199,pilot_200,23ff2885f5fdf59c,structured,Benign,DoS,logistic_regression,DoS log-odds,5,5,0,0.0940753632552,27.8,19,44,"('RETRANSMITTED_OUT_PKTS', 'FLOW_DURATION_MILLISECONDS', 'L4_DST_PORT', 'NUM_PKTS_UP_TO_128_BYTES', 'SRC_TO_DST_IAT_STDDEV')",6.22024564701,4.30935886772,"('MIN_IP_PKT_LEN', 'DST_TO_SRC_AVG_THROUGHPUT', 'SERVER_TCP_FLAGS', 'MIN_TTL', 'MAX_TTL')",0,0,0.0151240591761,0.0218304778374
199,pilot_200,23ff2885f5fdf59c,deterministic_text,Benign,Benign,random_forest,DoS probability,5,5,1,0.0962619564959,10.8,3,18,"('TCP_FLAGS', 'OUT_BYTES', 'FLOW_DURATION_MILLISECONDS', 'MIN_TTL', 'RETRANSMITTED_OUT_PKTS')",0.502384940909,0.231299384357,"('MIN_IP_PKT_LEN', 'MAX_TTL', 'MIN_TTL', 'SERVER_TCP_FLAGS', 'SHORTEST_FLOW_PKT')",0.2,0.111111111111,0.191609956146,0.416179043292
199,pilot_200,23ff2885f5fdf59c,structured,Benign,DoS,random_forest,DoS probability,5,5,0,0.0521115831836,16.4,7,33,"('RETRANSMITTED_OUT_PKTS', 'FLOW_DURATION_MILLISECONDS', 'L4_DST_PORT', 'NUM_PKTS_UP_TO_128_BYTES', 'SRC_TO_DST_IAT_STDDEV')",0.502384940909,0.231299384357,"('MIN_IP_PKT_LEN', 'MAX_TTL', 'MIN_TTL', 'SERVER_TCP_FLAGS', 'SHORTEST_FLOW_PKT')",0,0,0.103728394186,0.225299273184
